customer_id,tenure_months,contract,internet_service,payment_method,tech_support,num_products,age,monthly_charges,total_charges,support_tickets_90d,late_payments_12m,avg_monthly_gb,final_invoice_sent,churned
C00001,29,two-year,dsl,electronic-check,1,2,51.0,53.2,1433.22,1,0,58.3,0,0
C00002,40,month-to-month,dsl,mailed-check,0,2,18.0,44.84,1905.88,1,0,90.5,0,0
C00003,26,month-to-month,none,mailed-check,0,2,61.0,15.0,412.21,1,0,0.0,0,0
C00004,23,one-year,none,electronic-check,0,3,24.0,26.33,612.74,2,1,0.0,0,0
C00005,43,month-to-month,fiber,electronic-check,0,3,61.0,87.4,4079.58,2,1,339.9,1,1
C00006,25,one-year,none,electronic-check,0,7,54.0,40.61,1001.1,1,1,0.0,0,0
C00007,33,month-to-month,dsl,mailed-check,1,2,60.0,55.8,1814.34,0,0,93.3,0,0
C00008,31,month-to-month,fiber,electronic-check,1,2,28.0,74.79,2309.59,1,0,289.9,1,0
C00009,43,month-to-month,none,credit-card,0,1,42.0,15.59,671.09,2,0,0.0,0,0
C00010,20,month-to-month,dsl,credit-card,0,1,49.0,38.26,725.74,2,1,49.2,0,0
C00011,53,month-to-month,dsl,electronic-check,0,3,51.0,59.75,3353.7,1,1,98.7,0,0
C00012,16,month-to-month,dsl,mailed-check,1,2,58.0,49.78,762.75,0,0,188.6,0,0
C00013,34,month-to-month,none,credit-card,0,3,55.0,25.97,798.41,1,0,0.0,0,0
C00014,32,one-year,dsl,mailed-check,1,2,52.0,53.77,1771.77,0,0,44.4,0,0
C00015,15,month-to-month,none,credit-card,0,2,52.0,38.01,615.34,1,0,0.0,0,0
C00016,36,one-year,fiber,bank-transfer,0,3,55.0,84.92,3289.56,1,0,,1,1
C00017,21,one-year,none,mailed-check,0,1,,21.03,404.31,1,0,0.0,0,0
C00018,11,month-to-month,dsl,mailed-check,0,3,62.0,27.96,326.15,2,0,217.0,0,0
C00019,40,month-to-month,dsl,electronic-check,0,2,44.0,48.09,1847.35,1,2,59.9,0,0
C00020,8,one-year,none,mailed-check,0,1,20.0,15.0,112.1,3,0,0.0,0,0
C00021,13,two-year,fiber,electronic-check,0,3,64.0,73.37,1014.43,2,1,446.5,0,0
C00022,26,month-to-month,fiber,mailed-check,0,2,52.0,67.21,1615.58,1,0,575.6,0,0
C00023,43,two-year,none,mailed-check,0,2,43.0,22.47,962.89,1,0,0.0,0,0
C00024,38,month-to-month,none,bank-transfer,0,3,47.0,38.61,1337.11,0,2,0.0,0,0
C00025,29,month-to-month,dsl,credit-card,0,1,68.0,43.18,1273.71,2,0,222.7,0,0
C00026,6,month-to-month,dsl,credit-card,0,3,47.0,52.83,291.52,1,0,49.9,0,0
C00027,16,month-to-month,fiber,credit-card,0,3,68.0,78.81,1145.22,2,0,289.0,0,0
C00028,19,month-to-month,dsl,credit-card,0,2,52.0,41.54,833.72,1,1,74.2,0,0
C00029,11,month-to-month,fiber,credit-card,0,4,40.0,77.3,907.46,1,0,136.6,0,0
C00030,4,month-to-month,none,credit-card,0,3,25.0,19.04,78.12,1,1,0.0,1,0
C00031,26,one-year,dsl,electronic-check,0,1,46.0,49.98,1269.15,2,0,163.7,0,0
C00032,39,month-to-month,fiber,credit-card,1,5,65.0,86.85,3699.95,1,0,344.3,0,0
C00033,18,two-year,dsl,bank-transfer,0,1,36.0,61.55,1113.02,1,0,120.0,0,0
C00034,43,two-year,none,credit-card,0,3,50.0,16.93,713.34,3,0,0.0,0,0
C00035,7,month-to-month,dsl,credit-card,0,3,68.0,62.76,466.09,0,0,105.6,0,0
C00036,10,month-to-month,fiber,electronic-check,0,1,18.0,50.97,525.48,0,1,330.8,1,1
C00037,26,month-to-month,dsl,mailed-check,0,6,51.0,62.03,1744.4,1,1,290.6,1,0
C00038,16,two-year,dsl,electronic-check,0,4,53.0,42.83,731.56,1,2,40.1,0,0
C00039,37,month-to-month,fiber,electronic-check,1,3,50.0,75.55,2955.86,0,2,184.4,0,0
C00040,33,month-to-month,dsl,mailed-check,0,2,19.0,52.18,1782.08,0,0,81.8,1,1
C00041,17,two-year,fiber,electronic-check,0,1,34.0,62.42,1136.51,2,2,317.7,0,0
C00042,8,month-to-month,dsl,credit-card,1,1,18.0,27.52,235.06,3,0,189.4,1,1
C00043,16,month-to-month,fiber,credit-card,0,2,25.0,65.74,1045.14,0,1,416.8,0,0
C00044,33,two-year,dsl,electronic-check,1,2,58.0,51.03,1671.97,1,0,77.8,0,0
C00045,38,two-year,dsl,electronic-check,0,1,40.0,37.68,1478.41,1,0,124.2,0,0
C00046,16,month-to-month,dsl,electronic-check,0,1,57.0,44.77,684.64,0,1,85.0,0,0
C00047,4,month-to-month,fiber,credit-card,0,2,56.0,78.65,340.62,1,1,284.1,1,1
C00048,7,month-to-month,fiber,mailed-check,1,5,28.0,80.41,579.01,1,0,419.0,0,0
C00049,31,month-to-month,dsl,bank-transfer,0,2,48.0,41.3,1185.04,0,0,23.8,0,0
C00050,17,month-to-month,none,mailed-check,0,1,21.0,19.35,,0,0,0.0,0,0
C00051,17,month-to-month,fiber,bank-transfer,0,5,49.0,99.52,1629.83,2,0,153.5,0,0
C00052,10,one-year,fiber,credit-card,0,1,51.0,69.04,733.3,2,1,160.9,1,1
C00053,10,one-year,none,bank-transfer,0,2,42.0,15.0,140.71,0,1,0.0,1,1
C00054,42,two-year,fiber,credit-card,0,3,20.0,85.85,3891.57,3,0,98.1,1,1
C00055,32,two-year,none,credit-card,0,2,23.0,21.69,632.5,0,1,0.0,0,0
C00056,14,month-to-month,none,mailed-check,0,3,83.0,28.13,371.72,1,0,0.0,0,0
C00057,25,month-to-month,fiber,bank-transfer,0,2,54.0,59.69,1447.48,2,0,275.2,1,1
C00058,28,month-to-month,fiber,credit-card,0,1,41.0,66.19,2007.22,1,0,561.2,0,0
C00059,66,month-to-month,none,bank-transfer,0,2,59.0,15.0,1029.46,0,0,0.0,0,0
C00060,9,month-to-month,fiber,electronic-check,0,3,67.0,65.99,555.8,1,1,486.8,0,0
C00061,28,one-year,dsl,credit-card,0,2,63.0,54.86,1684.83,0,0,71.5,1,1
C00062,42,month-to-month,fiber,credit-card,0,3,42.0,76.01,3048.34,1,0,187.9,0,0
C00063,61,month-to-month,dsl,mailed-check,1,2,40.0,43.97,2733.05,0,0,97.7,0,0
C00064,14,month-to-month,none,credit-card,0,3,57.0,28.45,363.02,0,0,0.0,0,0
C00065,17,two-year,dsl,mailed-check,0,2,41.0,55.58,1009.05,2,0,160.6,0,0
C00066,37,one-year,fiber,credit-card,1,3,63.0,78.06,3091.3,3,0,521.9,0,0
C00067,6,month-to-month,dsl,electronic-check,0,4,47.0,65.3,390.61,3,1,44.1,0,0
C00068,29,month-to-month,dsl,electronic-check,0,3,57.0,45.5,1306.84,0,1,52.0,0,0
C00069,72,two-year,fiber,credit-card,1,5,61.0,79.34,6065.13,1,0,196.2,0,0
C00070,32,month-to-month,dsl,electronic-check,1,2,26.0,65.48,1948.03,1,1,189.1,0,0
C00071,2,one-year,dsl,bank-transfer,0,2,47.0,46.83,98.72,3,0,127.6,1,1
C00072,12,one-year,fiber,bank-transfer,0,3,62.0,71.32,919.9,1,1,102.6,1,0
C00073,14,one-year,none,mailed-check,0,1,33.0,20.98,301.31,2,0,0.0,0,0
C00074,48,month-to-month,fiber,mailed-check,0,2,37.0,71.76,3276.93,1,2,179.0,0,0
C00075,21,two-year,fiber,credit-card,0,1,63.0,57.02,1145.8,0,0,,0,0
C00076,4,month-to-month,fiber,electronic-check,0,2,68.0,50.09,199.55,1,0,779.0,1,1
C00077,22,month-to-month,fiber,credit-card,0,2,18.0,67.43,1573.4,1,0,227.2,0,0
C00078,26,month-to-month,fiber,credit-card,1,4,63.0,79.85,1942.51,1,0,205.1,1,1
C00079,15,month-to-month,fiber,credit-card,0,2,18.0,55.85,757.1,1,0,139.0,1,1
C00080,10,month-to-month,dsl,electronic-check,0,2,44.0,52.13,570.74,1,1,137.0,1,1
C00081,72,one-year,dsl,electronic-check,0,3,24.0,57.68,4077.23,1,0,84.6,0,0
C00082,42,two-year,fiber,bank-transfer,0,1,37.0,72.78,3196.04,2,0,162.9,0,0
C00083,45,month-to-month,dsl,mailed-check,0,1,47.0,36.22,1662.43,0,0,124.7,0,0
C00084,21,two-year,dsl,electronic-check,1,2,53.0,52.94,1170.07,1,1,75.1,0,0
C00085,13,two-year,dsl,credit-card,1,1,66.0,49.41,588.9,0,0,81.1,0,0
C00086,16,month-to-month,none,credit-card,0,1,25.0,31.82,536.95,3,0,0.0,0,0
C00087,7,one-year,fiber,electronic-check,0,2,62.0,76.81,578.31,3,1,95.3,0,0
C00088,65,two-year,fiber,bank-transfer,1,2,41.0,78.45,4653.51,1,0,374.5,0,0
C00089,21,one-year,fiber,credit-card,0,1,,66.22,1387.03,5,0,306.0,1,1
C00090,56,month-to-month,fiber,credit-card,0,1,71.0,61.39,3676.34,0,0,291.0,0,0
C00091,17,two-year,dsl,bank-transfer,0,2,58.0,60.16,1045.54,0,0,83.7,0,0
C00092,32,one-year,fiber,bank-transfer,0,1,20.0,54.85,1656.41,2,0,188.2,0,0
C00093,27,month-to-month,dsl,electronic-check,0,1,44.0,57.2,1449.92,0,0,94.3,1,1
C00094,6,month-to-month,none,electronic-check,0,2,34.0,31.33,179.5,0,1,0.0,0,0
C00095,70,month-to-month,dsl,mailed-check,1,4,38.0,57.31,4079.91,0,0,109.1,0,0
C00096,17,month-to-month,dsl,electronic-check,0,3,43.0,42.29,753.12,1,1,63.1,0,0
C00097,8,month-to-month,dsl,bank-transfer,0,1,52.0,44.44,361.96,1,0,145.6,0,0
C00098,37,month-to-month,dsl,bank-transfer,0,2,26.0,44.92,1666.04,1,0,92.4,0,0
C00099,23,two-year,dsl,credit-card,1,2,42.0,37.34,,0,1,91.5,0,0
C00100,30,one-year,fiber,mailed-check,0,5,39.0,80.43,2209.7,0,0,189.6,1,0
C00101,25,month-to-month,fiber,bank-transfer,0,1,51.0,72.22,1939.13,0,0,198.4,0,0
C00102,2,month-to-month,fiber,credit-card,1,3,44.0,74.92,139.81,1,0,277.2,0,0
C00103,11,month-to-month,dsl,electronic-check,0,2,59.0,48.07,532.8,0,0,46.2,0,0
C00104,11,month-to-month,dsl,bank-transfer,1,1,49.0,32.45,385.98,0,0,73.2,0,0
C00105,44,one-year,fiber,mailed-check,0,1,54.0,63.54,2575.96,1,0,191.2,0,0
C00106,24,month-to-month,fiber,credit-card,0,3,48.0,87.59,2061.5,1,0,225.4,1,1
C00107,33,two-year,dsl,bank-transfer,0,1,28.0,45.3,1380.63,1,1,,0,0
C00108,18,month-to-month,fiber,mailed-check,0,1,39.0,62.11,1168.42,1,0,124.3,1,1
C00109,34,month-to-month,fiber,bank-transfer,0,1,35.0,70.98,2484.73,4,0,580.6,0,0
C00110,21,two-year,fiber,bank-transfer,0,1,56.0,75.12,1542.46,4,0,245.7,0,0
C00111,20,month-to-month,fiber,electronic-check,0,2,58.0,81.04,1714.32,0,1,332.8,0,0
C00112,27,month-to-month,dsl,electronic-check,0,2,44.0,52.76,1558.93,1,1,144.0,1,1
C00113,25,month-to-month,fiber,credit-card,0,1,,51.86,1350.69,2,0,,1,1
C00114,72,one-year,fiber,credit-card,1,2,,77.94,6143.13,1,0,,0,0
C00115,11,month-to-month,none,bank-transfer,0,1,39.0,16.86,183.19,1,0,0.0,0,0
C00116,6,two-year,dsl,credit-card,0,3,18.0,50.79,295.25,0,1,48.0,0,0
C00117,30,one-year,dsl,bank-transfer,0,1,57.0,37.21,1049.07,0,1,112.9,1,0
C00118,12,two-year,dsl,bank-transfer,1,2,78.0,54.34,681.27,2,0,75.6,0,0
C00119,2,one-year,fiber,electronic-check,0,3,37.0,82.66,180.51,2,1,567.1,0,0
C00120,9,one-year,fiber,electronic-check,1,2,48.0,64.66,566.33,2,0,174.9,1,1
C00121,72,one-year,fiber,bank-transfer,0,2,51.0,75.14,5247.35,1,0,151.3,0,0
C00122,11,month-to-month,fiber,credit-card,0,2,28.0,78.79,794.51,1,0,146.9,0,0
C00123,4,one-year,fiber,bank-transfer,0,2,43.0,72.93,312.1,0,0,,0,0
C00124,72,one-year,dsl,credit-card,1,2,52.0,50.0,3441.11,1,0,200.8,0,0
C00125,9,month-to-month,fiber,mailed-check,0,1,48.0,63.78,521.61,0,0,150.8,1,1
C00126,72,one-year,fiber,credit-card,1,1,46.0,59.75,4241.23,3,1,211.8,0,0
C00127,17,month-to-month,dsl,mailed-check,0,2,41.0,56.09,949.07,0,0,74.1,0,0
C00128,71,month-to-month,fiber,electronic-check,1,2,33.0,79.12,5949.15,0,1,104.2,0,0
C00129,19,month-to-month,dsl,electronic-check,0,3,55.0,56.05,1112.56,0,0,85.0,1,1
C00130,32,month-to-month,fiber,mailed-check,0,2,71.0,66.44,,0,0,349.7,1,1
C00131,21,month-to-month,dsl,electronic-check,0,2,18.0,53.93,1185.85,1,2,93.6,1,1
C00132,19,month-to-month,none,electronic-check,0,1,18.0,15.0,259.41,1,2,0.0,1,1
C00133,28,month-to-month,dsl,credit-card,0,2,27.0,60.06,1781.42,0,0,74.0,0,0
C00134,33,month-to-month,none,electronic-check,0,1,38.0,29.13,995.13,0,1,0.0,0,0
C00135,26,one-year,fiber,credit-card,0,2,41.0,73.98,1970.97,1,0,276.6,0,0
C00136,24,month-to-month,fiber,bank-transfer,0,6,47.0,86.57,2131.5,0,0,,0,0
C00137,13,two-year,fiber,mailed-check,0,3,46.0,73.47,951.7,2,1,208.4,1,1
C00138,22,two-year,fiber,electronic-check,1,3,43.0,61.08,1418.09,0,0,171.1,0,0
C00139,65,month-to-month,none,credit-card,0,5,64.0,33.87,2107.0,1,1,0.0,0,0
C00140,12,month-to-month,fiber,mailed-check,0,2,31.0,75.88,874.22,0,0,641.3,0,0
C00141,28,month-to-month,fiber,credit-card,0,1,59.0,58.81,1494.83,3,0,633.1,0,0
C00142,52,month-to-month,none,mailed-check,0,3,75.0,49.1,2753.79,2,0,0.0,0,0
C00143,33,month-to-month,fiber,electronic-check,1,3,23.0,71.03,2226.21,3,0,265.7,1,1
C00144,44,one-year,dsl,credit-card,0,2,18.0,42.58,2059.99,1,0,79.6,0,0
C00145,8,one-year,fiber,credit-card,0,4,48.0,82.7,701.13,1,1,143.4,0,0
C00146,28,month-to-month,none,mailed-check,0,2,55.0,28.06,836.16,0,0,0.0,0,0
C00147,18,one-year,fiber,credit-card,1,1,46.0,75.92,1266.08,1,0,120.1,0,0
C00148,19,month-to-month,dsl,mailed-check,0,4,18.0,57.95,1125.29,0,0,60.2,1,1
C00149,61,two-year,dsl,bank-transfer,0,3,20.0,47.89,2687.98,0,0,70.3,0,0
C00150,19,two-year,none,bank-transfer,0,2,37.0,20.34,363.12,0,0,,0,0
C00151,29,month-to-month,none,electronic-check,0,2,51.0,34.63,1102.59,0,1,0.0,1,1
C00152,4,one-year,dsl,bank-transfer,1,1,40.0,58.13,,1,0,55.2,0,0
C00153,71,two-year,fiber,bank-transfer,0,3,48.0,70.23,5193.33,2,0,432.2,1,1
C00154,43,month-to-month,dsl,electronic-check,1,2,48.0,48.8,2118.94,3,3,84.5,0,0
C00155,22,month-to-month,none,bank-transfer,0,2,59.0,36.06,768.08,1,1,0.0,0,0
C00156,18,one-year,dsl,credit-card,1,2,28.0,55.88,1081.97,1,1,122.9,0,0
C00157,36,month-to-month,none,electronic-check,0,2,46.0,20.29,780.42,0,0,0.0,1,1
C00158,52,month-to-month,dsl,bank-transfer,0,2,67.0,40.5,2239.72,1,0,29.5,0,0
C00159,71,one-year,fiber,electronic-check,0,3,33.0,69.59,5397.96,1,0,270.6,0,0
C00160,42,month-to-month,fiber,electronic-check,1,3,36.0,81.58,3367.63,0,2,177.3,0,0
C00161,25,month-to-month,fiber,electronic-check,0,1,46.0,52.85,1283.23,0,1,,0,0
C00162,46,two-year,dsl,credit-card,1,5,29.0,66.41,3251.55,0,0,76.7,0,0
C00163,41,month-to-month,dsl,mailed-check,0,3,28.0,51.86,2111.27,0,0,36.0,0,0
C00164,25,month-to-month,fiber,bank-transfer,1,2,40.0,63.93,1739.21,1,0,221.8,0,0
C00165,40,one-year,dsl,mailed-check,0,2,41.0,45.89,1657.96,1,0,103.0,0,0
C00166,39,month-to-month,fiber,electronic-check,1,2,56.0,76.78,3011.66,2,4,164.8,0,0
C00167,22,one-year,fiber,electronic-check,0,3,32.0,79.04,,1,0,215.6,1,1
C00168,15,one-year,dsl,bank-transfer,0,1,45.0,53.06,867.11,0,0,91.9,0,0
C00169,37,month-to-month,dsl,credit-card,0,2,64.0,43.28,1571.55,0,0,113.7,0,0
C00170,9,month-to-month,fiber,bank-transfer,0,4,63.0,66.35,641.94,0,0,339.9,0,1
C00171,8,two-year,dsl,electronic-check,0,1,43.0,46.25,367.48,0,0,66.0,0,0
C00172,29,two-year,none,bank-transfer,0,2,48.0,24.68,756.62,0,0,0.0,0,0
C00173,36,month-to-month,dsl,credit-card,0,3,31.0,50.86,1760.99,1,0,41.7,0,0
C00174,29,month-to-month,none,bank-transfer,0,2,49.0,15.0,418.38,2,1,0.0,0,0
C00175,32,month-to-month,fiber,credit-card,1,2,68.0,76.67,2601.34,1,0,482.6,0,0
C00176,36,two-year,fiber,bank-transfer,0,1,64.0,41.17,1344.94,0,1,152.7,0,0
C00177,61,two-year,fiber,bank-transfer,1,1,45.0,70.47,4045.97,2,0,448.7,0,0
C00178,42,month-to-month,dsl,credit-card,0,2,50.0,55.11,2151.18,2,0,51.2,0,0
C00179,41,two-year,fiber,credit-card,1,4,34.0,84.61,3593.34,1,0,354.6,0,0
C00180,28,month-to-month,none,credit-card,0,1,31.0,19.25,532.83,0,1,0.0,0,0
C00181,29,month-to-month,dsl,electronic-check,0,1,40.0,26.58,827.38,0,0,206.1,0,0
C00182,21,one-year,none,mailed-check,0,2,49.0,15.0,309.12,0,0,0.0,0,0
C00183,31,month-to-month,fiber,credit-card,0,2,56.0,63.09,2084.25,0,0,167.5,0,0
C00184,9,one-year,dsl,electronic-check,1,2,44.0,64.56,555.87,1,0,206.9,0,0
C00185,62,month-to-month,fiber,credit-card,0,2,52.0,77.41,4783.64,0,0,262.6,0,0
C00186,11,one-year,dsl,electronic-check,1,2,18.0,48.31,529.31,1,0,118.2,0,0
C00187,42,two-year,dsl,credit-card,1,4,48.0,54.86,2403.39,0,1,58.9,0,0
C00188,57,month-to-month,fiber,electronic-check,1,4,36.0,80.82,4813.23,2,2,145.9,1,1
C00189,42,month-to-month,none,electronic-check,0,1,26.0,26.54,1082.03,2,0,0.0,0,0
C00190,72,one-year,dsl,electronic-check,0,4,52.0,62.17,4622.05,0,0,87.3,0,0
C00191,3,month-to-month,dsl,credit-card,1,3,67.0,43.64,129.94,0,0,455.6,0,0
C00192,16,one-year,fiber,electronic-check,0,3,45.0,86.24,1454.89,4,0,269.2,1,1
C00193,56,one-year,fiber,credit-card,0,1,58.0,68.61,4190.05,3,0,369.4,0,0
C00194,7,month-to-month,fiber,bank-transfer,0,1,39.0,60.72,400.76,1,0,423.6,0,0
C00195,12,two-year,dsl,electronic-check,1,2,76.0,52.59,642.08,0,3,115.1,0,0
C00196,34,month-to-month,fiber,electronic-check,0,3,21.0,84.48,3103.44,0,3,375.3,0,0
C00197,24,month-to-month,none,electronic-check,0,2,43.0,27.85,690.76,0,1,0.0,1,1
C00198,33,month-to-month,none,electronic-check,0,1,56.0,23.3,698.46,1,0,0.0,0,0
C00199,26,one-year,fiber,electronic-check,0,2,45.0,82.03,,1,0,188.3,0,0
C00200,28,two-year,dsl,credit-card,0,2,66.0,44.78,1208.24,0,0,147.2,0,0
C00201,13,month-to-month,fiber,bank-transfer,0,3,18.0,67.12,943.19,0,0,563.9,0,0
C00202,27,month-to-month,fiber,bank-transfer,0,2,43.0,66.24,1803.66,0,0,175.0,1,1
C00203,17,month-to-month,fiber,electronic-check,0,1,41.0,71.74,1144.07,1,2,583.2,1,1
C00204,19,one-year,none,electronic-check,0,1,43.0,27.66,524.69,0,1,0.0,1,0
C00205,42,month-to-month,none,electronic-check,0,1,21.0,21.29,920.86,1,0,0.0,0,0
C00206,7,month-to-month,fiber,electronic-check,0,1,41.0,58.22,397.69,2,1,116.6,1,1
C00207,1,month-to-month,fiber,credit-card,1,2,40.0,84.24,78.27,1,0,99.0,1,1
C00208,40,month-to-month,fiber,bank-transfer,0,1,49.0,55.71,2188.47,1,0,223.1,0,0
C00209,27,one-year,dsl,mailed-check,0,1,61.0,41.34,1030.54,0,0,115.5,0,0
C00210,56,month-to-month,fiber,credit-card,0,2,47.0,64.37,3876.56,5,0,236.6,0,0
C00211,12,month-to-month,none,credit-card,0,2,51.0,33.49,409.0,1,0,0.0,0,1
C00212,22,month-to-month,none,electronic-check,0,3,64.0,28.58,575.04,2,1,0.0,0,0
C00213,25,month-to-month,fiber,credit-card,1,3,63.0,88.16,2270.79,2,0,,0,0
C00214,14,month-to-month,none,bank-transfer,0,1,18.0,26.41,365.52,1,0,0.0,1,1
C00215,11,month-to-month,dsl,electronic-check,0,1,57.0,37.55,391.2,0,1,72.6,0,0
C00216,41,month-to-month,dsl,bank-transfer,1,3,57.0,52.47,2021.24,0,0,65.2,0,0
C00217,6,month-to-month,none,mailed-check,0,1,41.0,15.73,84.97,0,0,0.0,0,0
C00218,9,month-to-month,dsl,mailed-check,0,1,38.0,56.07,488.8,0,1,83.5,0,0
C00219,21,one-year,dsl,bank-transfer,1,2,28.0,56.77,1288.2,0,0,47.7,0,0
C00220,44,month-to-month,fiber,mailed-check,0,2,18.0,57.31,2451.59,1,0,418.6,0,0
C00221,15,month-to-month,dsl,credit-card,0,5,58.0,69.2,1084.84,0,0,165.3,1,1
C00222,13,one-year,fiber,credit-card,0,3,56.0,74.5,877.25,1,0,266.5,1,1
C00223,20,month-to-month,fiber,electronic-check,0,2,44.0,59.8,1209.68,2,0,227.2,1,0
C00224,31,month-to-month,dsl,electronic-check,0,1,56.0,38.39,1248.21,3,0,78.4,0,0
C00225,18,two-year,fiber,credit-card,0,1,60.0,63.27,1221.21,0,0,402.6,0,0
C00226,48,month-to-month,fiber,bank-transfer,0,3,18.0,57.29,2668.73,3,0,150.6,1,1
C00227,50,two-year,fiber,credit-card,0,1,49.0,66.77,3163.48,1,0,328.9,0,0
C00228,21,month-to-month,none,credit-card,0,1,41.0,20.68,423.68,0,0,0.0,0,0
C00229,72,two-year,dsl,bank-transfer,1,1,51.0,42.97,2882.55,0,1,71.8,0,0
C00230,25,two-year,fiber,mailed-check,0,1,48.0,65.29,1642.78,2,0,234.0,0,0
C00231,49,month-to-month,none,electronic-check,0,1,57.0,18.19,818.43,1,0,0.0,1,1
C00232,30,month-to-month,none,bank-transfer,0,1,21.0,15.0,453.3,0,0,0.0,0,0
C00233,29,one-year,fiber,bank-transfer,1,3,65.0,69.88,1982.16,0,0,,0,0
C00234,5,month-to-month,dsl,credit-card,0,3,37.0,48.78,263.52,1,0,65.7,0,0
C00235,8,month-to-month,fiber,bank-transfer,0,3,43.0,80.04,674.14,0,0,286.1,0,0
C00236,18,two-year,dsl,electronic-check,0,1,19.0,36.48,608.38,0,1,35.9,0,0
C00237,50,one-year,dsl,electronic-check,0,1,43.0,40.58,2206.99,0,0,142.4,0,0
C00238,30,two-year,fiber,bank-transfer,0,3,45.0,75.21,2397.98,1,0,538.7,0,0
C00239,19,two-year,dsl,mailed-check,0,4,44.0,47.81,956.57,2,0,59.8,0,0
C00240,36,two-year,fiber,electronic-check,0,3,34.0,71.35,2467.13,0,1,250.8,0,0
C00241,48,one-year,dsl,credit-card,1,2,27.0,50.18,2481.0,0,4,147.6,0,0
C00242,23,one-year,fiber,mailed-check,0,3,55.0,76.23,1774.34,0,1,238.9,0,0
C00243,28,two-year,none,credit-card,0,1,19.0,22.7,578.65,1,0,0.0,0,0
C00244,25,one-year,dsl,mailed-check,1,1,57.0,38.81,1022.64,1,1,140.7,0,0
C00245,22,month-to-month,fiber,electronic-check,1,2,70.0,61.16,1476.44,2,0,465.0,0,0
C00246,12,one-year,dsl,bank-transfer,1,2,78.0,46.17,530.96,0,0,67.9,0,0
C00247,11,month-to-month,fiber,bank-transfer,1,3,29.0,76.46,843.73,1,1,184.5,0,0
C00248,36,two-year,dsl,electronic-check,0,3,54.0,52.59,2000.46,0,2,113.4,0,0
C00249,49,one-year,dsl,electronic-check,0,1,37.0,35.98,1906.15,1,1,65.5,0,0
C00250,19,one-year,fiber,electronic-check,0,2,63.0,87.63,1499.75,2,0,150.0,0,0
C00251,18,month-to-month,fiber,bank-transfer,0,2,51.0,63.59,1168.93,1,1,185.3,1,1
C00252,3,month-to-month,fiber,electronic-check,0,4,41.0,69.3,215.89,0,2,150.4,1,1
C00253,3,month-to-month,dsl,bank-transfer,0,1,31.0,39.36,119.84,2,0,47.0,1,1
C00254,58,one-year,dsl,bank-transfer,0,2,39.0,56.91,3208.3,1,1,200.5,0,0
C00255,13,one-year,fiber,credit-card,1,2,35.0,74.56,973.84,1,1,130.0,0,0
C00256,72,month-to-month,fiber,electronic-check,0,3,45.0,89.27,6243.88,3,1,255.9,0,0
C00257,15,month-to-month,none,electronic-check,0,2,45.0,16.91,275.31,1,0,0.0,0,0
C00258,5,month-to-month,fiber,bank-transfer,0,1,37.0,62.58,331.13,2,0,549.7,0,0
C00259,25,month-to-month,fiber,electronic-check,1,3,35.0,83.1,2121.45,1,1,256.9,0,0
C00260,41,two-year,dsl,mailed-check,0,3,54.0,46.6,1862.64,1,0,190.9,0,0
C00261,38,two-year,fiber,credit-card,0,2,56.0,79.28,2846.1,0,0,167.5,0,0
C00262,44,one-year,none,bank-transfer,0,2,33.0,25.28,1062.49,1,1,0.0,0,0
C00263,10,month-to-month,fiber,bank-transfer,1,1,44.0,58.61,575.24,1,0,139.0,0,0
C00264,57,month-to-month,none,credit-card,0,1,32.0,15.0,841.88,0,0,0.0,1,1
C00265,59,two-year,fiber,bank-transfer,0,1,84.0,69.18,3896.91,0,0,72.9,1,0
C00266,61,two-year,fiber,electronic-check,0,2,31.0,81.81,4763.97,1,0,198.5,0,0
C00267,28,month-to-month,fiber,credit-card,0,2,49.0,72.72,2054.46,1,0,241.4,1,1
C00268,17,one-year,none,electronic-check,0,1,52.0,23.17,414.87,0,0,0.0,0,0
C00269,16,month-to-month,dsl,mailed-check,0,1,35.0,47.11,720.99,0,0,70.6,0,0
C00270,5,month-to-month,fiber,credit-card,1,2,32.0,77.38,412.75,1,0,306.3,0,0
C00271,15,two-year,none,bank-transfer,0,2,41.0,34.81,533.11,3,0,0.0,0,0
C00272,1,two-year,fiber,credit-card,1,1,32.0,41.92,41.33,2,0,515.2,0,0
C00273,4,two-year,fiber,electronic-check,1,1,48.0,62.44,261.34,2,0,317.1,0,0
C00274,28,month-to-month,fiber,bank-transfer,0,5,32.0,80.05,2113.59,1,0,128.2,0,0
C00275,19,month-to-month,none,electronic-check,0,3,47.0,31.51,611.28,1,1,0.0,0,0
C00276,27,two-year,fiber,electronic-check,1,3,18.0,71.83,2015.91,1,2,242.9,0,0
C00277,39,one-year,fiber,electronic-check,1,1,33.0,68.56,2925.74,0,3,78.4,1,0
C00278,31,month-to-month,none,bank-transfer,0,1,39.0,22.67,703.47,1,1,0.0,0,0
C00279,29,month-to-month,dsl,mailed-check,0,2,60.0,34.67,,0,0,54.1,0,0
C00280,22,month-to-month,fiber,mailed-check,0,1,18.0,47.59,1080.91,3,0,264.3,1,1
C00281,12,one-year,dsl,electronic-check,0,1,60.0,51.05,565.72,1,0,109.0,0,0
C00282,7,two-year,fiber,credit-card,0,3,55.0,68.35,518.7,2,0,252.1,0,0
C00283,15,month-to-month,dsl,electronic-check,1,2,18.0,63.75,994.53,1,0,133.1,0,0
C00284,22,month-to-month,fiber,mailed-check,0,2,53.0,76.82,1665.78,1,1,386.2,0,0
C00285,24,month-to-month,dsl,electronic-check,0,1,31.0,30.7,675.52,0,0,98.9,0,0
C00286,44,one-year,dsl,electronic-check,0,2,54.0,43.62,1907.71,0,0,55.8,0,0
C00287,21,month-to-month,fiber,bank-transfer,0,2,54.0,71.92,1567.89,2,0,262.9,1,1
C00288,35,month-to-month,fiber,bank-transfer,1,4,,76.43,2585.03,1,1,449.7,0,0
C00289,6,one-year,fiber,electronic-check,1,4,36.0,78.61,481.45,2,2,234.1,1,1
C00290,28,month-to-month,dsl,mailed-check,0,1,55.0,36.14,958.16,1,1,43.3,0,0
C00291,27,one-year,dsl,credit-card,0,2,68.0,52.76,1316.03,1,0,159.2,0,0
C00292,57,one-year,dsl,credit-card,0,1,41.0,45.16,2776.29,0,1,71.4,0,0
C00293,19,month-to-month,none,bank-transfer,0,1,43.0,26.05,465.98,0,0,0.0,0,0
C00294,18,one-year,none,bank-transfer,0,1,,19.61,362.28,0,1,0.0,1,1
C00295,39,one-year,none,electronic-check,0,3,18.0,24.97,1002.6,1,2,0.0,0,0
C00296,8,one-year,dsl,credit-card,1,3,30.0,56.1,479.75,0,0,78.8,0,0
C00297,28,one-year,fiber,electronic-check,0,3,60.0,77.9,2129.17,4,2,183.1,1,1
C00298,7,month-to-month,dsl,bank-transfer,0,2,47.0,50.02,334.21,0,1,114.9,1,1
C00299,72,month-to-month,fiber,electronic-check,0,2,42.0,79.83,5277.5,3,2,168.1,0,0
C00300,16,month-to-month,fiber,bank-transfer,1,5,31.0,76.31,1291.95,3,0,104.6,0,0
C00301,7,month-to-month,fiber,electronic-check,0,3,45.0,82.27,624.36,2,1,,0,0
C00302,15,month-to-month,fiber,bank-transfer,1,3,37.0,65.24,958.86,0,1,186.9,1,1
C00303,28,month-to-month,dsl,bank-transfer,0,2,19.0,55.22,1481.62,0,1,103.7,0,0
C00304,34,one-year,fiber,electronic-check,0,2,65.0,53.56,1735.01,1,0,282.4,0,0
C00305,55,month-to-month,fiber,bank-transfer,0,3,35.0,72.61,4321.75,0,0,351.1,0,1
C00306,14,two-year,none,bank-transfer,0,2,41.0,32.63,447.08,0,0,0.0,0,0
C00307,40,one-year,dsl,mailed-check,0,5,18.0,61.68,2581.53,0,1,114.7,0,0
C00308,4,month-to-month,fiber,electronic-check,0,3,37.0,74.17,303.86,1,0,340.6,0,0
C00309,9,one-year,fiber,credit-card,0,1,60.0,67.11,602.65,2,0,394.0,0,0
C00310,6,month-to-month,fiber,electronic-check,0,4,59.0,61.3,351.76,1,0,190.7,0,0
C00311,12,two-year,none,credit-card,0,4,45.0,37.26,467.5,1,0,0.0,0,0
C00312,39,two-year,fiber,bank-transfer,0,6,36.0,82.23,3166.84,2,1,336.7,1,1
C00313,14,two-year,none,credit-card,0,1,45.0,27.38,355.31,1,0,0.0,0,0
C00314,16,one-year,fiber,credit-card,0,4,53.0,79.01,1250.89,1,0,132.5,0,0
C00315,29,two-year,dsl,bank-transfer,0,1,23.0,46.95,1469.6,0,0,39.0,0,0
C00316,33,one-year,fiber,electronic-check,1,1,49.0,55.23,1819.48,2,0,434.7,1,1
C00317,17,two-year,dsl,bank-transfer,1,2,56.0,56.1,1018.91,0,0,154.8,0,0
C00318,9,month-to-month,fiber,credit-card,0,3,44.0,74.44,660.54,0,0,377.4,0,0
C00319,66,two-year,fiber,credit-card,0,1,45.0,52.58,3140.06,1,0,255.6,0,0
C00320,17,one-year,none,credit-card,0,3,34.0,25.54,432.35,0,0,0.0,0,0
C00321,18,month-to-month,dsl,electronic-check,0,1,49.0,49.96,814.11,1,3,80.3,0,0
C00322,20,two-year,fiber,credit-card,0,1,69.0,65.66,1238.21,1,0,302.4,0,0
C00323,35,one-year,dsl,bank-transfer,1,5,66.0,70.26,2303.93,0,0,127.3,0,0
C00324,5,two-year,fiber,bank-transfer,1,2,36.0,66.67,315.87,0,0,143.2,0,0
C00325,72,month-to-month,none,credit-card,0,2,39.0,34.26,2337.16,0,1,0.0,0,0
C00326,18,one-year,fiber,electronic-check,0,1,65.0,75.84,1463.59,2,1,428.7,0,0
C00327,36,one-year,fiber,electronic-check,1,1,54.0,50.54,1775.57,2,1,375.7,0,0
C00328,7,month-to-month,fiber,electronic-check,0,1,54.0,69.28,513.19,1,0,118.8,1,1
C00329,26,one-year,fiber,bank-transfer,0,1,18.0,76.67,1815.49,3,0,362.0,0,0
C00330,72,one-year,none,bank-transfer,0,3,59.0,33.39,2212.37,1,0,0.0,0,0
C00331,68,month-to-month,fiber,electronic-check,0,1,41.0,64.23,4080.91,0,0,545.5,0,0
C00332,36,one-year,fiber,mailed-check,1,3,49.0,63.96,2212.96,1,0,234.5,0,0
C00333,11,month-to-month,none,bank-transfer,0,5,34.0,37.08,369.25,1,0,0.0,1,1
C00334,53,two-year,fiber,electronic-check,1,1,70.0,60.49,2900.97,2,0,519.8,0,0
C00335,4,two-year,fiber,bank-transfer,1,4,30.0,86.61,357.12,2,0,375.2,0,0
C00336,11,month-to-month,dsl,mailed-check,0,1,74.0,52.54,634.33,1,0,68.4,0,0
C00337,22,month-to-month,fiber,credit-card,1,3,45.0,73.24,1641.27,0,0,318.2,0,0
C00338,5,month-to-month,none,bank-transfer,0,2,42.0,16.97,86.2,1,1,0.0,1,1
C00339,15,month-to-month,dsl,bank-transfer,0,1,32.0,27.54,375.57,3,0,68.0,0,0
C00340,41,two-year,fiber,electronic-check,0,1,37.0,69.28,2957.77,3,0,447.1,0,0
C00341,13,month-to-month,dsl,electronic-check,0,1,42.0,48.6,659.64,1,2,92.2,1,1
C00342,42,month-to-month,fiber,electronic-check,0,2,47.0,52.86,2181.43,2,1,233.2,0,0
C00343,72,month-to-month,dsl,electronic-check,1,1,53.0,48.73,3706.36,0,3,205.6,0,0
C00344,31,one-year,dsl,bank-transfer,0,3,42.0,61.55,1916.07,1,1,181.5,1,1
C00345,41,two-year,dsl,credit-card,1,3,53.0,32.55,1210.08,0,0,52.5,0,0
C00346,54,month-to-month,dsl,mailed-check,1,1,63.0,36.5,1776.11,1,1,95.1,0,0
C00347,16,month-to-month,dsl,bank-transfer,1,1,61.0,64.47,944.0,1,0,74.0,0,0
C00348,41,month-to-month,fiber,credit-card,1,2,54.0,70.18,2660.41,1,1,221.8,0,0
C00349,16,month-to-month,none,credit-card,0,1,53.0,37.97,642.6,1,0,0.0,0,0
C00350,29,month-to-month,fiber,bank-transfer,0,1,29.0,66.54,2100.37,1,0,351.6,0,0
C00351,45,one-year,none,bank-transfer,0,3,48.0,38.6,1587.34,1,0,0.0,0,0
C00352,11,month-to-month,dsl,electronic-check,0,2,29.0,47.35,539.75,0,0,158.2,0,0
C00353,2,month-to-month,fiber,electronic-check,0,1,60.0,59.47,121.04,0,2,199.1,1,1
C00354,10,one-year,fiber,credit-card,0,1,49.0,52.04,478.66,1,0,311.5,0,0
C00355,50,one-year,none,credit-card,0,1,62.0,24.16,1181.35,2,0,0.0,0,0
C00356,9,month-to-month,none,mailed-check,0,3,63.0,23.05,211.29,1,0,0.0,0,0
C00357,48,month-to-month,dsl,electronic-check,1,2,52.0,42.18,1861.01,0,0,67.9,0,0
C00358,10,one-year,fiber,mailed-check,1,2,35.0,57.39,538.6,1,1,312.2,0,0
C00359,20,month-to-month,dsl,credit-card,0,1,18.0,45.16,878.16,2,0,138.4,0,0
C00360,23,two-year,fiber,mailed-check,1,2,53.0,76.0,1578.31,1,0,234.5,0,0
C00361,9,two-year,dsl,mailed-check,0,1,42.0,43.01,,2,0,71.8,0,0
C00362,20,two-year,fiber,bank-transfer,0,2,57.0,67.31,1288.75,2,0,151.6,1,1
C00363,5,month-to-month,none,electronic-check,0,3,55.0,42.17,192.78,1,0,0.0,1,1
C00364,18,month-to-month,dsl,credit-card,0,1,54.0,32.03,530.4,0,0,49.5,0,0
C00365,22,two-year,fiber,electronic-check,0,2,49.0,84.42,1755.27,3,1,157.6,0,0
C00366,2,month-to-month,dsl,electronic-check,1,2,20.0,39.16,76.34,2,2,101.4,1,1
C00367,10,month-to-month,fiber,bank-transfer,0,4,64.0,79.01,809.29,4,0,152.5,0,0
C00368,29,one-year,fiber,credit-card,0,1,26.0,67.92,2119.14,2,0,,0,0
C00369,8,month-to-month,fiber,bank-transfer,0,1,35.0,72.81,634.39,2,0,136.5,0,1
C00370,32,one-year,fiber,electronic-check,0,1,40.0,52.19,1733.25,5,1,,0,0
C00371,35,two-year,fiber,electronic-check,0,3,45.0,76.31,2723.95,3,0,397.7,0,0
C00372,29,one-year,dsl,bank-transfer,0,2,40.0,45.06,1184.35,0,0,49.5,0,0
C00373,40,month-to-month,dsl,mailed-check,0,2,,57.94,2093.32,0,1,60.4,0,0
C00374,5,two-year,dsl,credit-card,0,2,57.0,44.97,208.84,1,1,95.8,0,0
C00375,47,one-year,none,credit-card,0,1,25.0,15.0,647.29,1,0,0.0,0,0
C00376,9,month-to-month,none,credit-card,0,5,39.0,42.91,383.46,3,0,0.0,0,0
C00377,25,one-year,fiber,electronic-check,0,2,18.0,69.74,1730.18,3,0,224.4,0,0
C00378,72,month-to-month,dsl,electronic-check,0,1,30.0,59.19,4683.87,0,1,95.2,0,0
C00379,17,month-to-month,none,electronic-check,0,3,22.0,37.69,695.09,0,2,,0,0
C00380,24,one-year,fiber,mailed-check,1,2,56.0,62.96,1403.32,3,0,161.8,0,0
C00381,9,month-to-month,fiber,bank-transfer,0,3,48.0,82.77,808.22,3,0,251.1,1,1
C00382,72,month-to-month,none,bank-transfer,0,3,33.0,30.77,2366.91,1,0,0.0,0,0
C00383,10,one-year,dsl,electronic-check,1,4,18.0,65.7,686.34,0,0,57.3,0,0
C00384,37,month-to-month,none,bank-transfer,0,2,22.0,18.93,697.95,1,0,0.0,0,0
C00385,54,month-to-month,none,bank-transfer,0,2,29.0,21.96,1288.97,1,0,0.0,0,0
C00386,39,month-to-month,fiber,credit-card,0,1,40.0,70.2,2569.56,0,1,127.0,0,0
C00387,30,one-year,dsl,bank-transfer,0,2,56.0,55.84,1528.4,2,0,126.7,0,0
C00388,25,two-year,none,bank-transfer,0,2,23.0,15.0,395.6,0,0,0.0,0,0
C00389,7,month-to-month,fiber,credit-card,0,1,25.0,69.63,485.8,2,0,589.1,0,0
C00390,71,one-year,fiber,mailed-check,0,3,20.0,68.24,4814.73,1,0,120.1,0,0
C00391,28,month-to-month,fiber,credit-card,0,1,45.0,66.88,1830.0,0,0,,1,1
C00392,24,month-to-month,dsl,mailed-check,0,1,18.0,31.77,838.18,0,0,142.0,0,0
C00393,9,month-to-month,dsl,credit-card,1,2,19.0,57.07,504.67,2,1,40.5,0,0
C00394,24,month-to-month,none,mailed-check,0,3,52.0,35.41,803.05,1,0,0.0,0,0
C00395,22,month-to-month,fiber,bank-transfer,0,4,68.0,73.4,1595.0,1,1,123.1,0,0
C00396,72,one-year,dsl,credit-card,1,1,46.0,48.21,3536.6,1,0,59.6,0,0
C00397,24,one-year,fiber,credit-card,0,2,40.0,69.71,1520.82,1,0,197.7,0,0
C00398,24,two-year,none,bank-transfer,0,2,78.0,29.84,698.18,1,0,0.0,0,0
C00399,9,two-year,dsl,electronic-check,1,2,37.0,38.93,339.14,2,1,62.9,0,0
C00400,12,month-to-month,dsl,credit-card,1,1,37.0,35.3,430.25,0,0,79.6,1,1
C00401,34,month-to-month,fiber,credit-card,0,1,37.0,59.15,2051.71,3,0,221.9,1,1
C00402,4,month-to-month,fiber,electronic-check,1,2,68.0,69.59,272.96,0,0,122.9,0,0
C00403,46,month-to-month,fiber,electronic-check,0,3,53.0,88.05,4284.78,1,0,195.5,1,1
C00404,47,two-year,none,bank-transfer,0,2,53.0,26.38,1289.36,3,0,0.0,0,0
C00405,11,month-to-month,fiber,credit-card,0,1,50.0,72.56,869.4,2,0,358.5,1,1
C00406,30,month-to-month,none,electronic-check,0,3,38.0,22.99,717.54,1,0,0.0,0,0
C00407,55,month-to-month,fiber,credit-card,0,1,40.0,60.42,3583.13,0,0,435.4,0,0
C00408,21,two-year,dsl,electronic-check,0,2,31.0,44.59,901.97,0,2,56.6,1,1
C00409,18,month-to-month,fiber,credit-card,0,4,39.0,78.41,1532.18,2,0,190.8,0,0
C00410,20,one-year,fiber,mailed-check,0,4,49.0,85.33,1785.68,1,1,300.4,1,1
C00411,28,month-to-month,dsl,electronic-check,1,1,42.0,42.31,1141.51,1,6,169.6,0,1
C00412,14,month-to-month,fiber,electronic-check,1,3,57.0,72.58,1034.48,2,0,597.1,1,1
C00413,17,month-to-month,fiber,electronic-check,0,2,49.0,74.65,1379.32,2,1,105.2,1,1
C00414,29,one-year,dsl,mailed-check,1,4,48.0,55.95,1702.54,0,0,147.6,0,0
C00415,16,one-year,fiber,electronic-check,0,1,32.0,58.81,972.14,2,1,131.2,0,0
C00416,8,month-to-month,dsl,electronic-check,1,3,27.0,52.32,446.9,1,0,78.1,0,0
C00417,3,month-to-month,dsl,mailed-check,1,1,28.0,59.6,169.91,0,0,146.5,1,1
C00418,24,month-to-month,fiber,credit-card,0,3,61.0,82.04,2164.23,0,0,164.7,0,0
C00419,53,month-to-month,fiber,electronic-check,1,3,19.0,90.18,4313.54,2,0,196.6,1,1
C00420,31,month-to-month,fiber,electronic-check,0,7,48.0,84.58,2850.15,2,2,653.0,0,0
C00421,8,month-to-month,fiber,electronic-check,1,2,48.0,73.12,584.83,0,0,560.0,0,0
C00422,12,one-year,fiber,mailed-check,0,1,35.0,62.02,812.75,2,0,314.4,0,0
C00423,18,two-year,dsl,electronic-check,0,2,44.0,47.5,790.85,0,2,35.6,0,0
C00424,72,one-year,fiber,electronic-check,0,1,48.0,52.67,4089.45,0,1,109.8,0,0
C00425,72,one-year,none,mailed-check,0,3,28.0,40.4,2988.98,0,0,0.0,0,0
C00426,72,two-year,dsl,electronic-check,0,3,33.0,42.02,3294.62,1,1,113.6,0,0
C00427,26,two-year,fiber,credit-card,1,2,43.0,77.12,1808.79,1,0,284.6,0,0
C00428,72,month-to-month,dsl,credit-card,0,2,43.0,46.85,3443.55,0,0,53.6,0,0
C00429,13,month-to-month,fiber,bank-transfer,0,2,24.0,62.71,851.38,1,0,242.7,0,0
C00430,17,month-to-month,fiber,credit-card,0,1,45.0,57.36,1014.93,3,0,418.7,0,0
C00431,44,two-year,none,electronic-check,0,3,46.0,30.4,1457.21,0,0,0.0,1,0
C00432,29,month-to-month,dsl,electronic-check,0,2,59.0,47.07,1277.77,2,0,57.0,0,0
C00433,30,month-to-month,fiber,credit-card,0,1,43.0,65.04,1957.33,1,0,,0,0
C00434,10,month-to-month,none,mailed-check,0,1,38.0,15.0,155.6,0,0,0.0,0,0
C00435,22,one-year,none,electronic-check,0,1,55.0,15.0,326.24,2,4,0.0,1,1
C00436,13,one-year,dsl,mailed-check,0,1,60.0,30.43,379.65,1,0,104.8,0,0
C00437,7,one-year,dsl,credit-card,1,3,23.0,61.42,428.32,1,0,82.2,0,0
C00438,14,one-year,dsl,bank-transfer,0,2,36.0,61.59,877.69,1,0,43.7,1,1
C00439,29,two-year,dsl,electronic-check,0,2,18.0,47.89,1479.34,0,0,76.3,0,0
C00440,39,month-to-month,dsl,electronic-check,0,3,29.0,60.95,2293.71,0,2,148.8,1,1
C00441,3,two-year,none,mailed-check,0,2,66.0,27.77,82.52,0,0,0.0,1,1
C00442,23,one-year,dsl,mailed-check,0,1,28.0,54.35,1174.96,1,0,247.3,0,0
C00443,22,month-to-month,fiber,credit-card,1,2,51.0,79.64,1789.37,4,0,98.1,1,1
C00444,28,two-year,fiber,bank-transfer,0,4,50.0,70.11,1992.72,1,0,308.9,0,0
C00445,8,two-year,fiber,electronic-check,0,4,35.0,81.54,663.27,2,0,336.4,0,0
C00446,9,two-year,fiber,credit-card,0,3,37.0,81.85,683.34,1,0,143.7,0,0
C00447,54,two-year,fiber,mailed-check,1,3,65.0,81.89,4471.74,0,0,243.7,0,0
C00448,11,month-to-month,dsl,electronic-check,0,2,58.0,56.13,650.58,1,0,29.7,0,1
C00449,17,month-to-month,none,electronic-check,0,4,77.0,34.74,556.47,0,1,0.0,1,1
C00450,18,month-to-month,fiber,mailed-check,0,4,18.0,85.41,1446.21,2,0,200.2,1,1
C00451,13,two-year,fiber,credit-card,1,4,52.0,68.64,934.51,0,0,298.4,0,0
C00452,33,two-year,none,bank-transfer,0,2,18.0,15.0,530.72,0,1,0.0,0,0
C00453,31,two-year,fiber,electronic-check,0,1,43.0,77.07,2526.42,0,2,225.8,0,0
C00454,21,two-year,dsl,electronic-check,0,3,40.0,63.71,1299.26,1,2,50.4,0,0
C00455,14,one-year,dsl,electronic-check,0,2,26.0,62.66,864.9,1,1,45.6,0,0
C00456,19,month-to-month,dsl,credit-card,1,3,34.0,53.77,1025.47,0,1,51.0,1,1
C00457,25,month-to-month,fiber,electronic-check,1,1,39.0,57.18,1406.63,2,0,290.9,0,0
C00458,12,month-to-month,fiber,credit-card,0,1,50.0,63.5,688.61,0,1,287.6,1,1
C00459,35,one-year,dsl,bank-transfer,0,1,26.0,60.5,2044.44,0,0,29.2,0,0
C00460,46,month-to-month,fiber,mailed-check,0,3,32.0,68.29,3331.67,2,1,,0,0
C00461,60,two-year,fiber,credit-card,1,5,51.0,83.61,4770.93,2,0,289.9,0,0
C00462,58,one-year,fiber,credit-card,0,2,54.0,79.74,4889.14,1,0,194.9,0,0
C00463,18,month-to-month,dsl,bank-transfer,0,1,83.0,45.64,878.7,1,0,61.7,0,0
C00464,26,two-year,dsl,mailed-check,0,1,,41.9,1131.97,2,0,72.1,0,0
C00465,20,one-year,dsl,credit-card,0,2,,56.04,1136.22,2,0,163.0,0,0
C00466,20,one-year,dsl,credit-card,0,3,40.0,51.18,1036.78,1,0,134.3,0,0
C00467,19,month-to-month,fiber,bank-transfer,0,2,65.0,73.82,1365.58,1,1,237.1,1,1
C00468,23,month-to-month,none,electronic-check,0,2,30.0,15.0,346.89,0,0,0.0,0,0
C00469,51,month-to-month,none,credit-card,0,2,43.0,15.0,733.58,2,2,0.0,1,1
C00470,29,month-to-month,fiber,electronic-check,0,3,47.0,73.13,2195.55,1,1,226.3,0,0
C00471,8,one-year,dsl,electronic-check,0,2,51.0,60.67,486.28,1,1,155.5,1,1
C00472,45,two-year,fiber,bank-transfer,0,2,58.0,68.69,3212.9,1,1,,0,0
C00473,27,two-year,none,credit-card,0,2,40.0,24.58,701.16,0,0,0.0,0,0
C00474,33,month-to-month,fiber,bank-transfer,0,2,57.0,72.0,2432.66,2,1,330.0,0,0
C00475,29,two-year,fiber,credit-card,0,3,22.0,71.71,1936.69,2,0,324.0,0,0
C00476,30,month-to-month,none,bank-transfer,0,3,47.0,17.13,517.12,0,0,0.0,0,0
C00477,31,month-to-month,dsl,electronic-check,1,1,18.0,50.51,1635.62,0,1,34.1,0,0
C00478,4,one-year,fiber,credit-card,0,1,40.0,67.13,270.86,1,0,285.4,0,0
C00479,33,two-year,dsl,credit-card,0,2,81.0,52.74,1568.58,1,1,80.0,0,0
C00480,13,two-year,dsl,credit-card,0,3,47.0,46.08,584.06,1,1,74.0,0,0
C00481,16,two-year,fiber,credit-card,1,2,36.0,82.21,1373.45,2,0,124.5,0,0
C00482,23,month-to-month,dsl,credit-card,0,3,51.0,51.56,1091.06,0,0,130.4,0,0
C00483,66,month-to-month,dsl,bank-transfer,0,2,43.0,61.44,4123.42,0,0,82.1,0,0
C00484,10,month-to-month,dsl,electronic-check,0,3,27.0,38.12,354.13,1,0,53.6,1,1
C00485,23,one-year,none,credit-card,0,2,18.0,21.59,517.18,1,0,0.0,0,0
C00486,19,month-to-month,dsl,bank-transfer,0,2,43.0,62.18,1195.29,0,0,52.3,0,0
C00487,44,month-to-month,dsl,mailed-check,0,1,41.0,43.86,2102.88,1,0,76.7,0,0
C00488,19,month-to-month,dsl,electronic-check,0,2,40.0,30.36,,1,1,89.3,0,1
C00489,28,one-year,fiber,electronic-check,0,1,56.0,57.32,1553.23,2,0,317.4,1,1
C00490,10,one-year,fiber,bank-transfer,0,3,64.0,77.24,753.83,1,0,100.1,0,0
C00491,50,month-to-month,none,credit-card,0,3,55.0,41.48,2108.0,5,1,0.0,0,0
C00492,6,month-to-month,dsl,credit-card,0,6,39.0,67.7,442.67,1,0,41.4,0,0
C00493,33,one-year,fiber,electronic-check,0,1,46.0,73.76,2564.3,1,0,201.7,1,0
C00494,28,one-year,fiber,mailed-check,1,2,60.0,73.16,2168.25,4,1,307.5,1,1
C00495,31,month-to-month,fiber,bank-transfer,1,2,57.0,66.71,1956.49,2,0,222.4,0,0
C00496,6,month-to-month,fiber,bank-transfer,0,4,53.0,86.3,486.07,1,0,89.1,1,1
C00497,18,two-year,fiber,bank-transfer,1,1,37.0,72.68,1284.11,2,0,196.9,0,0
C00498,43,one-year,dsl,credit-card,1,1,61.0,42.7,1764.02,0,0,196.3,0,0
C00499,72,month-to-month,fiber,credit-card,0,5,65.0,79.24,5994.64,1,0,417.7,0,0
C00500,21,one-year,dsl,mailed-check,0,2,57.0,37.06,772.45,0,0,304.8,0,0
C00501,40,one-year,none,credit-card,0,1,89.0,23.34,982.56,1,0,0.0,0,0
C00502,26,month-to-month,none,bank-transfer,0,3,56.0,25.39,608.97,0,1,0.0,0,0
C00503,22,month-to-month,none,electronic-check,0,2,62.0,29.18,692.3,0,3,0.0,0,0
C00504,17,two-year,fiber,bank-transfer,1,3,55.0,77.34,1317.47,1,0,270.6,0,0
C00505,23,month-to-month,dsl,mailed-check,1,3,43.0,57.82,1460.52,2,0,77.3,0,0
C00506,38,month-to-month,dsl,credit-card,1,2,27.0,48.69,1844.55,0,0,127.8,0,0
C00507,40,one-year,fiber,mailed-check,0,4,33.0,69.8,2645.27,2,1,327.3,0,0
C00508,7,month-to-month,none,credit-card,0,2,34.0,28.78,187.99,1,0,0.0,0,0
C00509,15,one-year,dsl,credit-card,1,2,27.0,56.7,873.22,2,0,138.8,0,0
C00510,9,month-to-month,dsl,bank-transfer,0,1,41.0,63.6,606.39,1,0,97.7,0,0
C00511,24,month-to-month,fiber,mailed-check,0,2,45.0,65.25,1697.31,0,0,550.9,1,1
C00512,18,month-to-month,fiber,bank-transfer,1,4,63.0,71.62,1204.05,1,0,414.5,1,1
C00513,30,two-year,none,credit-card,0,3,27.0,20.66,581.39,0,0,0.0,0,0
C00514,32,one-year,fiber,bank-transfer,0,1,58.0,64.6,2045.81,1,0,240.4,1,1
C00515,2,two-year,fiber,credit-card,0,3,49.0,81.42,154.33,2,1,129.7,0,0
C00516,23,month-to-month,dsl,electronic-check,0,2,51.0,57.13,1394.98,2,1,173.8,0,0
C00517,52,one-year,dsl,mailed-check,0,1,44.0,57.55,2888.75,1,0,131.1,0,0
C00518,15,month-to-month,fiber,electronic-check,1,5,76.0,88.08,1299.21,1,1,584.1,1,1
C00519,15,one-year,fiber,bank-transfer,0,3,33.0,65.4,884.77,1,0,197.3,0,0
C00520,46,month-to-month,dsl,electronic-check,1,2,37.0,51.92,2172.87,0,0,107.4,0,0
C00521,41,one-year,none,electronic-check,0,2,47.0,15.0,625.05,0,2,,0,0
C00522,10,month-to-month,dsl,credit-card,0,4,51.0,57.23,613.24,1,0,65.5,0,0
C00523,38,month-to-month,dsl,bank-transfer,1,2,48.0,46.6,1752.49,0,0,39.6,0,0
C00524,12,one-year,fiber,electronic-check,0,2,44.0,73.68,953.14,2,0,212.6,1,1
C00525,15,month-to-month,dsl,electronic-check,0,3,53.0,58.52,797.8,3,0,60.8,1,1
C00526,10,month-to-month,dsl,bank-transfer,1,5,54.0,59.08,637.18,2,0,169.3,0,0
C00527,7,two-year,none,electronic-check,0,1,44.0,15.0,106.8,3,0,0.0,0,0
C00528,25,month-to-month,dsl,electronic-check,1,4,73.0,60.52,1464.42,1,0,70.6,0,0
C00529,6,one-year,fiber,mailed-check,0,2,,73.81,407.47,3,0,456.2,0,0
C00530,26,two-year,fiber,mailed-check,1,3,41.0,80.89,1992.39,3,0,393.7,0,0
C00531,26,one-year,none,credit-card,0,3,64.0,26.11,723.35,0,1,0.0,0,0
C00532,21,month-to-month,fiber,bank-transfer,0,2,18.0,69.61,1603.43,1,1,251.6,0,0
C00533,16,one-year,dsl,electronic-check,0,3,28.0,46.67,682.7,2,3,56.5,1,1
C00534,14,month-to-month,dsl,electronic-check,0,3,42.0,46.77,609.79,2,1,101.2,1,1
C00535,9,month-to-month,fiber,credit-card,1,1,27.0,49.54,434.15,3,0,234.3,0,0
C00536,60,one-year,dsl,electronic-check,0,3,57.0,49.94,3282.66,0,0,165.1,0,0
C00537,20,two-year,dsl,mailed-check,1,2,57.0,60.23,1115.84,1,0,114.5,1,0
C00538,19,month-to-month,none,credit-card,0,3,69.0,41.34,854.22,0,2,0.0,0,0
C00539,10,month-to-month,fiber,bank-transfer,1,3,36.0,79.54,764.02,0,0,486.4,0,0
C00540,56,one-year,fiber,bank-transfer,1,1,54.0,73.04,4064.72,1,0,191.0,0,0
C00541,14,month-to-month,fiber,bank-transfer,1,3,64.0,81.48,1094.14,2,0,205.2,0,0
C00542,28,one-year,fiber,electronic-check,1,1,47.0,66.39,1937.0,1,1,269.0,1,1
C00543,32,month-to-month,dsl,credit-card,0,4,60.0,40.51,1186.12,0,0,126.2,0,0
C00544,25,month-to-month,fiber,electronic-check,0,3,43.0,93.12,2487.87,0,1,314.9,0,0
C00545,6,one-year,fiber,credit-card,1,1,65.0,63.34,379.63,3,0,637.0,0,0
C00546,37,two-year,none,electronic-check,0,1,34.0,18.3,625.58,0,1,0.0,0,0
C00547,14,month-to-month,fiber,credit-card,1,5,22.0,96.69,1289.47,1,2,104.1,0,0
C00548,41,two-year,fiber,electronic-check,0,3,39.0,76.28,2882.25,3,0,285.2,0,0
C00549,22,month-to-month,none,bank-transfer,0,1,44.0,40.15,894.88,0,0,0.0,0,0
C00550,33,month-to-month,dsl,electronic-check,1,2,52.0,43.35,1552.93,0,2,59.4,1,1
C00551,54,month-to-month,fiber,credit-card,0,3,52.0,83.29,4268.75,2,0,233.5,0,0
C00552,36,month-to-month,none,bank-transfer,0,1,34.0,18.04,704.97,1,0,0.0,0,0
C00553,34,one-year,dsl,credit-card,0,3,30.0,55.8,1803.58,0,0,105.7,0,0
C00554,38,month-to-month,fiber,credit-card,0,1,69.0,57.95,2053.15,0,1,240.8,0,0
C00555,12,month-to-month,fiber,electronic-check,1,3,43.0,69.96,900.16,1,1,156.6,0,0
C00556,42,month-to-month,none,credit-card,0,7,38.0,60.32,2555.39,0,1,0.0,0,0
C00557,19,two-year,fiber,mailed-check,0,1,50.0,69.14,1274.25,3,0,464.4,0,0
C00558,19,two-year,none,bank-transfer,0,4,30.0,38.39,758.18,1,0,0.0,0,0
C00559,25,month-to-month,fiber,credit-card,1,3,34.0,61.94,1535.59,1,0,218.5,1,1
C00560,17,month-to-month,fiber,mailed-check,0,2,57.0,57.17,887.91,2,0,177.7,0,0
C00561,10,two-year,none,credit-card,0,3,,22.62,233.62,0,0,0.0,0,0
C00562,23,month-to-month,none,electronic-check,0,4,25.0,31.83,758.26,1,0,0.0,0,0
C00563,19,two-year,fiber,bank-transfer,0,1,40.0,64.18,1219.28,0,0,365.8,0,0
C00564,19,one-year,fiber,electronic-check,1,3,49.0,77.53,1490.28,0,0,350.0,0,0
C00565,22,two-year,dsl,electronic-check,0,3,66.0,63.18,1257.55,1,0,154.3,0,0
C00566,2,month-to-month,dsl,credit-card,0,2,50.0,61.76,117.92,1,0,77.3,1,1
C00567,19,month-to-month,fiber,electronic-check,1,2,53.0,71.56,1276.5,1,0,176.5,0,0
C00568,58,month-to-month,fiber,credit-card,1,3,,68.23,4206.34,1,0,303.3,0,0
C00569,55,month-to-month,none,electronic-check,0,2,48.0,30.84,1589.87,0,0,0.0,0,0
C00570,24,month-to-month,fiber,credit-card,1,1,28.0,66.47,1678.93,1,0,224.5,1,1
C00571,23,two-year,fiber,credit-card,0,2,59.0,73.73,1721.41,3,0,260.8,0,0
C00572,2,month-to-month,fiber,credit-card,1,3,47.0,84.65,165.54,1,0,688.2,0,0
C00573,15,month-to-month,fiber,electronic-check,0,2,44.0,66.9,1052.51,0,1,302.1,0,0
C00574,38,month-to-month,dsl,mailed-check,0,1,53.0,56.65,2131.02,0,0,,0,0
C00575,17,month-to-month,fiber,mailed-check,0,1,38.0,53.6,953.79,0,0,123.6,0,0
C00576,47,month-to-month,dsl,electronic-check,0,2,38.0,55.83,2794.41,0,2,165.1,0,0
C00577,45,month-to-month,fiber,electronic-check,1,5,31.0,79.79,3429.45,1,0,260.9,0,0
C00578,15,one-year,fiber,mailed-check,0,2,72.0,71.8,1146.7,1,0,273.0,0,0
C00579,25,two-year,none,bank-transfer,0,2,42.0,27.63,688.98,1,0,0.0,0,0
C00580,61,month-to-month,dsl,credit-card,0,1,40.0,42.19,2686.4,0,0,50.1,0,0
C00581,6,one-year,fiber,electronic-check,0,2,55.0,64.87,425.31,0,2,,1,1
C00582,17,month-to-month,fiber,credit-card,0,1,45.0,58.2,929.73,2,0,169.4,1,1
C00583,5,month-to-month,dsl,electronic-check,1,2,18.0,52.3,271.32,0,0,525.3,0,0
C00584,11,two-year,dsl,bank-transfer,1,1,75.0,50.07,602.02,1,1,194.7,0,0
C00585,72,two-year,dsl,credit-card,0,1,38.0,59.56,3944.52,0,0,97.7,0,0
C00586,17,month-to-month,dsl,electronic-check,0,4,32.0,57.95,966.15,0,3,110.3,1,1
C00587,3,month-to-month,fiber,credit-card,1,4,43.0,67.72,191.39,3,0,534.1,1,1
C00588,10,month-to-month,none,mailed-check,0,1,37.0,23.78,246.75,0,0,0.0,0,0
C00589,5,month-to-month,fiber,mailed-check,0,2,38.0,56.09,254.41,1,0,97.2,0,0
C00590,26,one-year,fiber,electronic-check,0,4,47.0,92.81,2633.74,0,1,475.8,0,0
C00591,32,month-to-month,dsl,electronic-check,0,2,18.0,56.06,1684.03,1,1,93.2,0,0
C00592,42,two-year,fiber,credit-card,0,2,56.0,61.93,2734.82,5,0,281.2,0,0
C00593,37,one-year,fiber,bank-transfer,0,1,59.0,52.32,2120.45,1,0,247.6,0,0
C00594,6,month-to-month,fiber,mailed-check,1,2,20.0,63.11,371.18,2,0,225.5,1,1
C00595,31,two-year,dsl,credit-card,0,2,52.0,54.25,1715.21,0,0,134.9,0,0
C00596,21,one-year,dsl,credit-card,0,3,32.0,48.85,1098.78,0,0,97.5,0,0
C00597,47,month-to-month,dsl,bank-transfer,0,1,38.0,50.95,2261.46,2,0,101.4,0,0
C00598,40,month-to-month,fiber,electronic-check,0,1,50.0,72.5,3004.01,2,1,164.4,0,0
C00599,72,two-year,fiber,electronic-check,1,2,58.0,65.43,5094.7,1,1,804.2,0,0
C00600,10,two-year,none,credit-card,0,1,50.0,27.07,251.71,0,0,0.0,0,0
C00601,9,month-to-month,dsl,credit-card,1,3,24.0,64.66,591.81,1,0,,0,0
C00602,16,one-year,dsl,electronic-check,0,2,46.0,54.53,943.42,2,2,201.6,0,0
C00603,22,two-year,fiber,credit-card,0,2,52.0,74.36,1798.1,1,1,271.5,0,0
C00604,13,two-year,fiber,credit-card,0,2,33.0,65.5,861.24,5,0,420.4,0,0
C00605,11,month-to-month,fiber,credit-card,0,1,32.0,81.25,892.61,2,0,385.6,0,0
C00606,29,month-to-month,dsl,electronic-check,1,3,44.0,47.15,1291.84,1,1,97.5,0,0
C00607,16,two-year,none,credit-card,0,2,54.0,21.46,335.3,0,0,0.0,0,0
C00608,13,month-to-month,none,bank-transfer,0,2,36.0,32.51,443.05,0,0,0.0,0,0
C00609,6,month-to-month,fiber,bank-transfer,0,3,49.0,71.99,439.37,1,0,278.6,1,1
C00610,2,one-year,dsl,credit-card,1,2,26.0,47.6,101.66,0,0,47.5,0,0
C00611,56,month-to-month,dsl,mailed-check,0,3,49.0,44.11,,1,0,125.7,0,0
C00612,55,one-year,fiber,mailed-check,1,3,18.0,71.25,4038.74,1,1,458.2,0,0
C00613,41,month-to-month,dsl,electronic-check,1,2,50.0,69.32,2670.15,0,0,68.8,0,0
C00614,34,one-year,dsl,bank-transfer,0,1,58.0,42.12,1312.96,0,0,70.8,0,0
C00615,14,month-to-month,fiber,credit-card,0,3,42.0,85.23,1104.15,1,0,180.5,1,1
C00616,35,two-year,fiber,electronic-check,1,1,53.0,61.01,2257.78,1,0,211.9,0,0
C00617,8,month-to-month,fiber,credit-card,0,3,49.0,66.47,583.59,2,1,142.6,0,0
C00618,25,month-to-month,dsl,electronic-check,0,1,24.0,38.77,1064.58,1,0,72.8,0,0
C00619,12,two-year,fiber,credit-card,0,2,27.0,75.8,969.77,0,0,422.1,0,0
C00620,35,one-year,fiber,electronic-check,0,5,40.0,67.54,2553.43,1,0,147.8,0,0
C00621,64,month-to-month,fiber,bank-transfer,1,1,43.0,78.64,5213.53,0,2,228.3,0,0
C00622,10,month-to-month,none,bank-transfer,0,4,33.0,38.82,384.44,0,0,0.0,0,0
C00623,15,one-year,none,credit-card,0,2,27.0,22.01,353.73,0,0,0.0,0,0
C00624,25,two-year,none,credit-card,0,3,18.0,23.65,545.67,1,0,0.0,0,0
C00625,4,month-to-month,none,bank-transfer,0,1,70.0,15.83,59.17,3,0,0.0,0,0
C00626,5,two-year,fiber,bank-transfer,1,1,71.0,74.21,365.92,1,1,278.7,1,1
C00627,63,month-to-month,fiber,mailed-check,1,2,32.0,57.38,3745.42,3,0,143.2,0,0
C00628,29,one-year,dsl,bank-transfer,0,2,23.0,49.56,1506.11,2,0,94.8,0,0
C00629,14,month-to-month,dsl,credit-card,0,3,67.0,64.03,914.06,1,0,66.3,0,0
C00630,23,month-to-month,dsl,bank-transfer,0,1,18.0,28.79,672.0,0,0,137.9,0,0
C00631,16,two-year,fiber,bank-transfer,0,3,60.0,69.97,1104.03,1,0,182.2,0,0
C00632,25,month-to-month,none,mailed-check,0,1,55.0,15.0,371.32,0,0,0.0,0,0
C00633,16,two-year,fiber,credit-card,0,2,40.0,59.69,910.54,4,0,266.0,0,0
C00634,21,month-to-month,dsl,mailed-check,0,2,66.0,51.73,1137.42,0,0,116.0,0,0
C00635,37,month-to-month,none,electronic-check,0,4,35.0,40.19,1354.89,0,2,0.0,0,0
C00636,36,two-year,dsl,credit-card,0,1,58.0,41.72,1650.76,0,0,180.9,0,0
C00637,61,one-year,dsl,bank-transfer,1,1,41.0,33.01,1945.39,0,0,142.7,0,0
C00638,31,month-to-month,dsl,bank-transfer,0,3,27.0,48.07,1483.37,2,1,76.4,0,0
C00639,24,one-year,dsl,bank-transfer,0,6,76.0,73.18,1762.88,0,0,131.2,0,0
C00640,67,month-to-month,none,bank-transfer,0,3,34.0,29.71,1901.89,0,0,0.0,0,0
C00641,20,two-year,fiber,electronic-check,0,3,39.0,65.56,1333.17,1,0,408.2,0,0
C00642,2,month-to-month,fiber,electronic-check,0,2,57.0,66.1,143.86,0,0,275.5,0,1
C00643,41,month-to-month,none,bank-transfer,0,2,64.0,31.24,1210.56,0,1,0.0,0,0
C00644,28,month-to-month,dsl,electronic-check,0,3,25.0,56.61,1742.08,1,0,103.9,0,0
C00645,23,one-year,dsl,mailed-check,1,2,67.0,41.64,955.93,1,0,43.6,0,0
C00646,42,two-year,fiber,bank-transfer,0,1,45.0,67.04,2536.1,1,1,276.7,0,0
C00647,16,two-year,fiber,bank-transfer,1,2,44.0,65.5,987.02,0,0,173.7,0,0
C00648,2,month-to-month,dsl,credit-card,0,2,42.0,44.83,90.26,1,0,77.5,0,0
C00649,42,month-to-month,none,credit-card,0,3,45.0,31.06,1248.92,1,0,0.0,0,0
C00650,13,month-to-month,fiber,credit-card,1,1,22.0,56.22,750.48,1,0,338.1,1,1
C00651,10,two-year,fiber,bank-transfer,0,2,51.0,66.48,709.47,1,0,217.8,0,0
C00652,2,month-to-month,fiber,electronic-check,0,4,48.0,88.38,165.8,2,0,559.4,1,1
C00653,40,one-year,dsl,credit-card,1,2,39.0,69.76,3053.53,0,0,98.7,0,0
C00654,1,month-to-month,fiber,electronic-check,0,2,48.0,56.29,54.0,1,2,234.1,1,1
C00655,53,two-year,dsl,credit-card,1,1,42.0,37.98,2163.54,0,1,156.0,0,0
C00656,18,month-to-month,fiber,credit-card,1,2,44.0,79.04,1418.33,0,0,304.3,0,0
C00657,41,month-to-month,fiber,bank-transfer,0,1,51.0,54.96,2129.62,0,0,128.9,0,0
C00658,31,two-year,fiber,bank-transfer,1,1,42.0,63.98,1875.21,1,0,151.3,0,0
C00659,72,two-year,fiber,credit-card,0,2,33.0,84.38,5608.02,0,0,623.6,0,0
C00660,31,one-year,none,credit-card,0,2,56.0,19.18,639.42,1,0,0.0,0,0
C00661,52,one-year,none,electronic-check,0,2,29.0,22.99,1144.32,1,3,0.0,0,0
C00662,15,one-year,dsl,bank-transfer,0,2,61.0,39.7,584.78,2,1,177.9,0,0
C00663,5,month-to-month,none,bank-transfer,0,3,40.0,35.49,163.21,2,1,0.0,0,0
C00664,46,month-to-month,fiber,bank-transfer,0,1,58.0,50.69,2168.41,1,0,220.2,0,0
C00665,5,one-year,none,bank-transfer,0,2,67.0,19.47,93.95,0,1,,0,0
C00666,39,one-year,dsl,credit-card,0,2,44.0,39.62,1586.4,0,1,79.5,0,0
C00667,9,month-to-month,dsl,credit-card,0,2,58.0,47.43,446.5,1,0,90.4,1,1
C00668,29,month-to-month,dsl,bank-transfer,0,1,54.0,59.84,1630.0,0,0,99.7,0,0
C00669,72,one-year,fiber,bank-transfer,0,3,48.0,78.09,,0,0,324.9,0,0
C00670,37,month-to-month,fiber,mailed-check,1,2,54.0,71.91,2584.09,1,0,234.7,0,0
C00671,20,one-year,fiber,electronic-check,0,2,41.0,72.36,1516.88,3,0,256.1,1,1
C00672,32,one-year,fiber,credit-card,0,1,70.0,64.82,1916.18,0,0,267.2,0,0
C00673,15,month-to-month,dsl,credit-card,0,2,46.0,60.27,911.04,1,0,310.4,1,1
C00674,72,month-to-month,none,mailed-check,0,3,34.0,36.19,2801.29,2,1,0.0,1,1
C00675,12,month-to-month,fiber,bank-transfer,1,3,38.0,64.59,778.0,1,0,71.5,1,0
C00676,21,month-to-month,dsl,bank-transfer,0,1,58.0,52.8,1099.59,1,0,86.4,0,0
C00677,35,one-year,dsl,electronic-check,0,1,31.0,46.88,1646.53,1,2,49.2,0,0
C00678,30,one-year,fiber,bank-transfer,1,2,73.0,73.64,2128.85,1,1,218.7,0,0
C00679,33,two-year,fiber,credit-card,1,2,65.0,53.93,1658.03,1,0,223.1,0,0
C00680,15,month-to-month,fiber,credit-card,1,3,27.0,75.01,1146.14,1,1,116.1,0,0
C00681,19,one-year,dsl,credit-card,1,5,57.0,63.89,1242.79,0,0,229.2,0,0
C00682,44,month-to-month,fiber,credit-card,1,2,30.0,64.46,2600.4,2,0,274.6,1,1
C00683,43,two-year,fiber,credit-card,0,2,32.0,78.59,3361.23,1,0,427.8,0,0
C00684,31,month-to-month,fiber,electronic-check,0,2,38.0,56.91,1634.22,2,1,181.8,0,0
C00685,57,one-year,none,bank-transfer,0,2,34.0,49.22,2951.79,0,1,0.0,0,0
C00686,45,month-to-month,none,credit-card,0,3,56.0,21.06,975.0,0,1,0.0,0,0
C00687,42,month-to-month,fiber,credit-card,1,2,49.0,73.76,3335.84,1,0,138.2,0,0
C00688,5,two-year,dsl,mailed-check,0,5,51.0,66.71,349.68,1,0,335.4,0,0
C00689,31,month-to-month,none,credit-card,0,2,45.0,34.35,1099.67,1,1,0.0,0,0
C00690,27,month-to-month,fiber,credit-card,1,2,37.0,83.37,2308.15,1,0,282.7,0,0
C00691,61,one-year,fiber,electronic-check,1,2,37.0,66.52,4064.51,0,1,189.2,0,0
C00692,20,month-to-month,fiber,credit-card,1,1,62.0,66.41,1420.79,2,0,283.1,0,0
C00693,25,month-to-month,fiber,credit-card,0,3,40.0,71.58,1767.72,2,1,86.3,0,0
C00694,9,month-to-month,none,credit-card,0,3,66.0,22.27,202.84,1,0,0.0,1,1
C00695,10,month-to-month,none,mailed-check,0,3,35.0,30.27,320.64,1,0,0.0,1,1
C00696,62,two-year,dsl,electronic-check,1,1,46.0,44.78,2960.18,1,4,44.5,0,0
C00697,33,one-year,fiber,bank-transfer,1,3,50.0,75.09,2467.79,2,0,190.6,0,0
C00698,72,month-to-month,none,mailed-check,0,3,63.0,26.97,2079.92,0,2,0.0,0,0
C00699,20,month-to-month,fiber,electronic-check,0,1,60.0,67.72,1369.87,1,1,450.6,0,0
C00700,6,two-year,fiber,credit-card,1,2,50.0,76.25,448.81,2,0,328.8,0,0
C00701,18,two-year,fiber,bank-transfer,0,1,46.0,55.35,1088.43,1,0,189.1,0,0
C00702,16,month-to-month,none,bank-transfer,0,3,31.0,34.94,581.28,1,0,0.0,1,1
C00703,38,one-year,dsl,bank-transfer,1,2,42.0,62.49,2297.56,0,1,99.1,0,0
C00704,37,month-to-month,dsl,electronic-check,1,2,79.0,39.79,1425.82,0,0,50.8,0,0
C00705,34,month-to-month,dsl,credit-card,1,2,31.0,51.24,1890.98,0,0,53.2,1,1
C00706,72,two-year,fiber,credit-card,1,2,37.0,73.64,5123.72,2,0,198.6,0,0
C00707,54,two-year,fiber,bank-transfer,0,3,24.0,81.27,4445.2,2,0,162.4,0,0
C00708,11,month-to-month,none,credit-card,0,1,34.0,27.17,285.38,1,0,0.0,1,1
C00709,46,two-year,none,mailed-check,0,1,27.0,29.64,1414.77,0,0,0.0,1,0
C00710,24,one-year,dsl,bank-transfer,1,1,27.0,46.09,1113.59,1,0,98.3,0,0
C00711,20,one-year,fiber,credit-card,1,2,50.0,62.02,1220.89,0,2,243.9,0,0
C00712,59,one-year,none,electronic-check,0,3,56.0,27.14,1681.96,3,1,,0,0
C00713,10,month-to-month,fiber,electronic-check,0,1,50.0,76.55,721.21,1,1,289.7,1,1
C00714,44,two-year,fiber,bank-transfer,1,1,30.0,57.96,2730.95,0,1,97.2,0,0
C00715,40,month-to-month,fiber,bank-transfer,0,3,20.0,79.15,2892.83,1,0,201.7,1,1
C00716,10,month-to-month,fiber,electronic-check,0,1,18.0,71.76,666.09,4,3,323.0,1,1
C00717,4,month-to-month,dsl,credit-card,0,3,27.0,59.9,242.18,1,0,168.3,0,0
C00718,22,two-year,dsl,electronic-check,1,2,30.0,57.44,1257.12,1,1,164.1,0,0
C00719,50,month-to-month,fiber,electronic-check,1,3,38.0,74.75,3693.19,2,0,483.2,0,0
C00720,30,month-to-month,fiber,electronic-check,1,1,49.0,64.19,2111.55,2,2,268.1,0,0
C00721,60,one-year,dsl,mailed-check,0,2,39.0,64.53,3690.37,0,0,159.5,0,0
C00722,29,month-to-month,fiber,mailed-check,0,4,,95.78,2853.19,1,0,645.9,0,0
C00723,63,month-to-month,fiber,credit-card,0,2,80.0,81.57,5221.93,0,0,384.9,0,0
C00724,14,month-to-month,fiber,electronic-check,1,4,43.0,84.39,1119.07,0,1,296.5,1,1
C00725,34,one-year,none,electronic-check,0,2,18.0,20.39,702.25,1,2,0.0,1,1
C00726,17,month-to-month,none,bank-transfer,0,1,37.0,21.09,393.78,1,1,0.0,1,1
C00727,21,month-to-month,fiber,mailed-check,1,3,41.0,73.97,1451.04,3,2,201.6,1,1
C00728,25,month-to-month,dsl,mailed-check,0,2,55.0,58.81,1375.94,1,2,24.7,1,1
C00729,30,two-year,none,electronic-check,0,1,25.0,23.12,662.78,0,2,0.0,0,0
C00730,13,one-year,fiber,credit-card,1,3,21.0,79.67,1044.02,2,0,163.6,0,0
C00731,33,month-to-month,none,credit-card,0,3,49.0,29.73,975.62,0,3,0.0,1,1
C00732,24,two-year,dsl,mailed-check,1,1,37.0,25.04,632.61,1,2,113.5,0,0
C00733,6,two-year,dsl,mailed-check,0,3,37.0,65.5,425.95,0,0,63.6,0,0
C00734,4,one-year,dsl,credit-card,0,2,32.0,49.48,206.05,1,0,83.2,0,1
C00735,50,month-to-month,fiber,credit-card,1,3,39.0,82.74,4185.56,3,1,308.2,0,0
C00736,21,month-to-month,dsl,electronic-check,0,2,48.0,47.29,917.23,0,0,43.0,0,0
C00737,6,one-year,dsl,credit-card,1,3,18.0,67.98,384.24,2,0,129.5,0,0
C00738,70,month-to-month,fiber,electronic-check,1,6,45.0,85.72,6304.75,1,0,257.5,0,0
C00739,35,month-to-month,dsl,mailed-check,1,2,55.0,49.43,1766.52,0,0,116.4,0,0
C00740,30,month-to-month,none,credit-card,0,3,52.0,30.13,816.14,1,0,0.0,0,0
C00741,12,month-to-month,none,electronic-check,0,3,77.0,17.93,220.64,1,1,0.0,1,1
C00742,6,one-year,dsl,bank-transfer,0,2,38.0,53.28,315.13,1,0,91.1,0,0
C00743,27,month-to-month,fiber,credit-card,0,4,44.0,86.62,2494.58,1,0,273.9,0,0
C00744,23,one-year,fiber,bank-transfer,0,4,64.0,83.36,1877.26,0,0,205.3,1,1
C00745,9,two-year,fiber,electronic-check,1,2,46.0,88.54,797.49,2,0,121.5,0,0
C00746,9,month-to-month,none,electronic-check,0,4,68.0,27.87,256.92,2,0,0.0,0,0
C00747,8,month-to-month,dsl,bank-transfer,0,2,57.0,36.2,296.75,2,0,122.3,0,0
C00748,8,month-to-month,none,mailed-check,0,2,47.0,15.47,134.91,1,2,0.0,0,0
C00749,14,month-to-month,fiber,credit-card,0,1,45.0,65.67,913.58,2,0,155.9,0,0
C00750,30,two-year,none,mailed-check,0,1,41.0,29.59,945.25,1,0,0.0,0,0
C00751,34,one-year,none,electronic-check,0,3,44.0,31.4,1132.92,2,0,0.0,0,0
C00752,23,two-year,dsl,bank-transfer,0,2,32.0,46.05,1121.94,0,0,136.1,0,0
C00753,26,two-year,none,credit-card,0,1,55.0,31.98,755.85,0,0,0.0,0,0
C00754,35,month-to-month,fiber,credit-card,1,1,74.0,64.07,2223.42,3,1,411.1,0,0
C00755,3,one-year,fiber,bank-transfer,0,2,18.0,59.01,185.57,1,0,147.7,0,0
C00756,27,month-to-month,fiber,mailed-check,0,2,63.0,77.99,2083.66,3,0,309.5,1,1
C00757,56,month-to-month,fiber,electronic-check,0,3,49.0,80.16,4545.6,1,1,277.0,0,0
C00758,20,month-to-month,fiber,credit-card,0,2,61.0,71.9,1565.28,2,0,211.3,0,0
C00759,49,month-to-month,dsl,bank-transfer,0,3,36.0,67.97,3438.53,2,0,36.7,0,0
C00760,20,one-year,fiber,bank-transfer,0,1,42.0,64.17,1380.92,5,1,204.1,0,0
C00761,36,one-year,fiber,mailed-check,1,1,64.0,67.24,2441.49,1,0,603.6,0,0
C00762,29,month-to-month,fiber,electronic-check,0,1,44.0,57.19,1524.06,3,1,296.9,0,0
C00763,8,month-to-month,dsl,credit-card,0,1,57.0,39.37,326.35,1,0,81.8,1,1
C00764,10,one-year,none,credit-card,0,1,36.0,16.21,162.48,1,1,0.0,0,0
C00765,63,one-year,fiber,credit-card,0,1,42.0,70.54,4599.22,4,0,345.9,0,0
C00766,42,one-year,dsl,bank-transfer,0,1,53.0,39.59,1728.34,0,0,204.7,0,0
C00767,21,month-to-month,none,credit-card,0,2,51.0,24.23,527.85,1,2,0.0,0,0
C00768,19,month-to-month,dsl,credit-card,0,3,57.0,53.22,1069.5,0,0,49.6,0,0
C00769,12,one-year,dsl,electronic-check,1,1,40.0,44.58,579.09,0,2,55.7,0,0
C00770,31,one-year,dsl,bank-transfer,0,2,45.0,43.89,1408.37,1,0,50.6,0,0
C00771,13,month-to-month,none,mailed-check,0,1,60.0,18.34,237.73,0,0,0.0,0,0
C00772,17,month-to-month,fiber,electronic-check,0,2,67.0,60.78,1055.57,2,0,285.8,0,0
C00773,14,month-to-month,dsl,credit-card,1,3,32.0,54.68,786.55,1,1,129.2,1,1
C00774,40,one-year,fiber,credit-card,0,2,63.0,69.77,2653.35,2,0,301.2,0,0
C00775,21,month-to-month,fiber,bank-transfer,1,1,33.0,65.58,1391.62,1,0,310.6,0,0
C00776,26,one-year,dsl,electronic-check,0,2,48.0,54.48,1510.85,0,1,62.2,0,0
C00777,8,two-year,none,bank-transfer,0,3,49.0,44.47,332.16,1,0,0.0,0,0
C00778,14,month-to-month,none,mailed-check,0,2,38.0,15.0,195.32,2,1,0.0,0,0
C00779,26,month-to-month,none,electronic-check,0,2,42.0,22.03,602.31,1,2,0.0,0,0
C00780,5,month-to-month,dsl,bank-transfer,1,3,18.0,47.7,261.0,0,0,70.7,0,0
C00781,20,month-to-month,dsl,credit-card,0,3,56.0,57.49,1167.75,1,0,69.4,0,0
C00782,23,two-year,none,bank-transfer,0,2,41.0,30.66,677.79,2,1,0.0,0,0
C00783,7,two-year,fiber,bank-transfer,1,3,44.0,65.29,479.02,0,0,109.7,0,0
C00784,47,month-to-month,fiber,credit-card,0,1,36.0,67.55,3381.28,1,1,135.5,0,0
C00785,30,two-year,fiber,electronic-check,0,1,56.0,71.92,1998.59,1,2,436.7,0,0
C00786,21,month-to-month,dsl,bank-transfer,1,1,48.0,48.4,1003.15,0,1,177.3,0,0
C00787,13,one-year,dsl,credit-card,0,3,28.0,52.3,716.51,1,0,195.5,0,0
C00788,5,one-year,none,electronic-check,0,2,43.0,30.41,154.99,0,0,0.0,0,0
C00789,45,month-to-month,fiber,electronic-check,0,3,29.0,72.96,3523.83,2,0,,1,0
C00790,16,month-to-month,none,credit-card,0,1,45.0,27.24,411.07,1,1,0.0,1,1
C00791,6,one-year,dsl,bank-transfer,0,3,55.0,57.82,377.86,0,0,40.9,0,0
C00792,12,month-to-month,none,electronic-check,0,2,48.0,23.49,286.74,0,0,0.0,0,0
C00793,33,two-year,fiber,bank-transfer,1,3,52.0,64.94,2044.23,1,0,309.3,0,0
C00794,28,month-to-month,dsl,bank-transfer,0,3,61.0,55.14,1611.29,0,1,78.5,0,0
C00795,9,month-to-month,dsl,electronic-check,1,3,33.0,46.43,438.85,2,3,155.7,0,0
C00796,50,two-year,dsl,electronic-check,1,3,38.0,46.3,2255.33,2,1,94.6,0,0
C00797,6,month-to-month,fiber,credit-card,0,3,18.0,72.22,433.28,0,0,135.9,1,0
C00798,57,month-to-month,fiber,credit-card,0,1,39.0,64.39,3750.2,2,0,,1,1
C00799,27,month-to-month,fiber,electronic-check,0,4,36.0,70.44,2072.75,3,2,159.5,1,1
C00800,17,month-to-month,dsl,credit-card,0,2,55.0,48.68,843.76,0,0,152.1,0,0
C00801,19,month-to-month,dsl,mailed-check,1,2,52.0,48.1,863.04,1,0,134.7,0,0
C00802,25,month-to-month,dsl,credit-card,0,4,68.0,55.2,,0,1,131.3,0,0
C00803,34,month-to-month,dsl,electronic-check,0,2,37.0,47.95,1751.63,1,2,130.9,0,0
C00804,4,month-to-month,fiber,mailed-check,0,3,51.0,80.16,308.78,0,0,392.9,0,0
C00805,12,two-year,fiber,bank-transfer,0,2,56.0,66.9,745.15,2,0,799.0,0,0
C00806,24,two-year,dsl,electronic-check,1,2,79.0,54.65,1402.32,1,0,79.4,0,0
C00807,52,month-to-month,dsl,credit-card,0,1,52.0,44.36,2140.05,0,0,90.8,0,0
C00808,50,two-year,dsl,electronic-check,1,3,44.0,63.15,3069.16,0,0,90.7,0,0
C00809,65,two-year,dsl,mailed-check,0,2,47.0,56.49,4009.58,0,1,103.6,0,0
C00810,49,two-year,none,mailed-check,0,1,52.0,18.3,836.74,1,0,0.0,0,0
C00811,11,one-year,none,bank-transfer,0,2,66.0,19.55,221.32,0,0,,0,0
C00812,23,month-to-month,dsl,electronic-check,1,1,39.0,48.88,1092.28,1,3,194.4,0,0
C00813,49,month-to-month,fiber,electronic-check,0,1,34.0,60.8,3069.26,0,1,283.3,0,0
C00814,46,two-year,fiber,bank-transfer,0,2,84.0,57.46,2599.31,1,0,391.4,0,0
C00815,20,month-to-month,dsl,electronic-check,0,2,28.0,55.88,1209.77,1,1,42.9,1,1
C00816,34,two-year,fiber,credit-card,0,2,58.0,65.1,2380.72,1,0,339.8,0,0
C00817,16,one-year,fiber,mailed-check,0,4,51.0,63.44,957.87,2,0,654.2,0,0
C00818,5,month-to-month,fiber,mailed-check,1,1,50.0,64.39,353.32,0,1,53.3,1,0
C00819,21,month-to-month,none,bank-transfer,0,1,27.0,27.49,595.83,0,0,0.0,0,0
C00820,20,two-year,fiber,bank-transfer,1,2,86.0,65.28,1291.79,2,0,410.6,0,0
C00821,15,month-to-month,dsl,mailed-check,1,2,48.0,47.22,657.06,0,0,86.4,0,0
C00822,34,one-year,none,credit-card,0,2,37.0,28.99,1011.12,2,0,0.0,0,0
C00823,19,two-year,dsl,bank-transfer,1,1,25.0,41.36,781.64,0,0,75.7,0,0
C00824,31,month-to-month,fiber,bank-transfer,0,4,18.0,79.17,2629.37,1,0,625.4,0,0
C00825,40,month-to-month,none,bank-transfer,0,2,56.0,32.16,1312.06,0,0,0.0,0,0
C00826,72,month-to-month,dsl,credit-card,1,2,32.0,55.42,3946.85,2,0,111.5,0,0
C00827,22,two-year,fiber,credit-card,0,3,41.0,76.81,1815.51,0,0,132.7,0,0
C00828,52,month-to-month,dsl,mailed-check,1,2,36.0,36.66,1763.5,1,2,65.5,0,0
C00829,28,month-to-month,fiber,electronic-check,0,3,53.0,79.67,2153.95,3,1,85.1,1,1
C00830,29,month-to-month,dsl,electronic-check,1,1,51.0,41.84,1203.54,2,3,91.2,1,1
C00831,22,month-to-month,none,bank-transfer,0,3,56.0,33.92,726.4,2,0,0.0,0,0
C00832,26,month-to-month,dsl,electronic-check,1,2,57.0,37.87,979.62,1,0,80.7,0,0
C00833,19,month-to-month,none,bank-transfer,0,1,34.0,27.5,514.5,1,0,0.0,0,0
C00834,46,two-year,fiber,electronic-check,0,3,25.0,68.28,3088.0,0,0,210.7,0,0
C00835,13,month-to-month,none,mailed-check,0,1,43.0,23.45,315.4,0,2,0.0,0,0
C00836,5,two-year,dsl,credit-card,0,5,53.0,72.47,366.2,1,1,80.6,1,1
C00837,15,two-year,fiber,mailed-check,0,3,47.0,78.13,1099.97,3,0,293.1,0,0
C00838,14,one-year,none,mailed-check,0,2,18.0,28.09,415.61,0,1,0.0,0,0
C00839,15,one-year,none,bank-transfer,0,2,46.0,25.71,415.17,0,0,0.0,0,0
C00840,21,month-to-month,fiber,mailed-check,0,2,30.0,60.24,1158.11,0,0,210.8,0,0
C00841,15,one-year,dsl,mailed-check,1,1,45.0,55.6,916.04,2,0,65.9,0,0
C00842,21,month-to-month,fiber,credit-card,0,3,59.0,83.76,1855.11,2,0,398.8,0,0
C00843,15,month-to-month,fiber,credit-card,1,1,18.0,61.94,918.08,0,0,454.5,1,1
C00844,32,one-year,fiber,electronic-check,0,3,68.0,47.58,1610.08,0,1,625.8,1,1
C00845,72,month-to-month,dsl,electronic-check,1,1,29.0,53.05,3646.6,1,0,183.9,0,0
C00846,27,month-to-month,fiber,credit-card,1,3,60.0,60.43,1536.59,0,0,132.1,0,0
C00847,16,one-year,fiber,bank-transfer,0,2,58.0,74.26,1086.39,3,0,314.0,0,0
C00848,1,month-to-month,none,bank-transfer,0,1,40.0,15.0,15.71,2,0,0.0,0,0
C00849,72,month-to-month,dsl,bank-transfer,1,3,52.0,58.84,4424.35,1,0,140.2,0,0
C00850,28,month-to-month,none,credit-card,0,2,34.0,16.94,438.76,2,0,0.0,0,0
C00851,20,month-to-month,fiber,credit-card,1,2,19.0,70.04,1353.48,1,0,175.5,1,1
C00852,2,month-to-month,fiber,electronic-check,0,1,62.0,51.35,107.25,2,2,182.4,1,1
C00853,21,month-to-month,dsl,credit-card,0,1,35.0,45.12,901.45,0,0,136.8,0,0
C00854,26,month-to-month,fiber,electronic-check,0,2,72.0,69.96,1815.19,0,2,201.8,0,0
C00855,15,one-year,dsl,electronic-check,0,2,58.0,55.74,763.35,0,1,123.2,0,0
C00856,7,two-year,none,mailed-check,0,4,32.0,31.17,209.18,2,0,0.0,0,0
C00857,6,one-year,fiber,mailed-check,0,1,54.0,67.26,379.31,2,1,382.6,0,0
C00858,72,month-to-month,dsl,mailed-check,1,5,53.0,61.83,4875.82,2,0,105.6,0,0
C00859,25,one-year,dsl,bank-transfer,0,1,71.0,48.63,1275.41,0,0,112.2,1,0
C00860,15,two-year,fiber,credit-card,0,3,38.0,78.13,1188.62,2,0,102.4,1,1
C00861,24,two-year,dsl,credit-card,0,3,42.0,62.04,1379.43,0,1,60.6,0,0
C00862,23,month-to-month,dsl,bank-transfer,0,2,51.0,40.62,946.6,0,1,134.2,0,0
C00863,6,month-to-month,fiber,credit-card,0,1,45.0,64.27,400.65,1,0,226.4,1,0
C00864,44,month-to-month,fiber,credit-card,1,3,24.0,77.27,3135.27,3,0,153.9,0,0
C00865,20,one-year,dsl,bank-transfer,0,3,60.0,69.55,1428.49,0,0,45.6,0,0
C00866,25,month-to-month,dsl,bank-transfer,0,3,69.0,70.86,1863.65,1,0,39.0,0,0
C00867,62,two-year,none,electronic-check,0,4,47.0,24.12,1506.46,1,1,0.0,0,0
C00868,7,month-to-month,dsl,mailed-check,1,2,26.0,45.08,315.57,0,0,254.3,0,0
C00869,12,one-year,fiber,bank-transfer,0,2,43.0,50.01,578.93,0,0,109.5,0,0
C00870,29,month-to-month,none,credit-card,0,3,31.0,47.57,1346.01,1,1,0.0,0,0
C00871,43,month-to-month,dsl,bank-transfer,0,1,41.0,47.54,2160.13,1,0,80.1,1,1
C00872,14,month-to-month,fiber,bank-transfer,0,2,48.0,74.65,997.68,1,1,240.6,0,0
C00873,15,one-year,fiber,mailed-check,0,1,55.0,62.47,990.41,4,0,289.0,1,1
C00874,37,month-to-month,fiber,bank-transfer,0,3,66.0,74.97,2655.42,2,0,,1,1
C00875,72,month-to-month,fiber,bank-transfer,0,3,54.0,84.03,6404.8,2,0,269.1,0,0
C00876,25,one-year,dsl,electronic-check,1,2,,41.63,1087.21,0,1,224.7,0,0
C00877,12,two-year,fiber,bank-transfer,1,3,55.0,65.97,862.33,3,0,298.1,0,0
C00878,9,one-year,none,electronic-check,0,1,41.0,18.07,157.45,0,2,0.0,1,1
C00879,21,one-year,dsl,credit-card,1,1,42.0,45.08,864.46,0,1,100.3,0,0
C00880,42,month-to-month,fiber,bank-transfer,0,5,45.0,89.44,3599.51,1,0,238.8,0,0
C00881,72,two-year,none,credit-card,0,2,47.0,25.16,1708.2,2,0,0.0,0,0
C00882,18,month-to-month,dsl,electronic-check,1,2,60.0,43.24,735.29,0,0,169.2,0,0
C00883,25,two-year,fiber,credit-card,0,2,52.0,66.95,1741.85,0,0,226.2,0,0
C00884,70,two-year,fiber,credit-card,0,2,27.0,71.42,4515.33,2,1,126.4,0,0
C00885,29,month-to-month,dsl,electronic-check,0,1,22.0,50.28,1430.17,1,0,152.2,1,1
C00886,27,month-to-month,dsl,electronic-check,0,1,55.0,53.0,1338.22,1,1,88.3,1,1
C00887,61,one-year,dsl,bank-transfer,0,3,53.0,52.8,3514.57,1,1,83.5,0,0
C00888,25,one-year,none,mailed-check,0,3,64.0,24.34,549.34,0,0,0.0,1,0
C00889,10,one-year,dsl,electronic-check,0,1,44.0,37.82,407.67,0,0,84.6,0,0
C00890,53,two-year,none,mailed-check,0,2,49.0,34.33,1881.08,1,0,0.0,0,0
C00891,5,month-to-month,dsl,bank-transfer,1,4,52.0,56.51,293.43,1,0,178.1,0,0
C00892,47,month-to-month,dsl,electronic-check,0,1,,38.89,1672.46,0,1,163.5,1,1
C00893,23,one-year,fiber,bank-transfer,0,3,21.0,76.34,1815.55,1,0,324.9,0,0
C00894,18,month-to-month,dsl,bank-transfer,0,2,56.0,62.91,1112.75,0,0,94.5,0,0
C00895,18,one-year,fiber,credit-card,1,2,51.0,62.61,1152.45,0,0,212.4,0,0
C00896,21,two-year,dsl,credit-card,0,3,65.0,59.73,1187.86,1,0,56.0,1,0
C00897,16,month-to-month,fiber,mailed-check,1,2,73.0,66.36,1009.66,0,0,499.4,1,1
C00898,32,two-year,dsl,electronic-check,0,1,40.0,45.89,1378.91,0,2,96.5,0,0
C00899,17,two-year,fiber,credit-card,1,5,40.0,91.49,1568.46,0,1,,0,0
C00900,23,month-to-month,dsl,credit-card,0,3,25.0,64.73,1423.35,1,0,124.9,0,0
C00901,3,two-year,fiber,credit-card,0,2,53.0,65.76,183.51,2,0,535.8,0,1
C00902,23,one-year,none,electronic-check,0,1,18.0,26.0,596.8,1,0,0.0,0,0
C00903,16,month-to-month,fiber,credit-card,0,5,30.0,86.9,1511.13,1,0,,1,1
C00904,45,month-to-month,dsl,electronic-check,1,2,50.0,53.22,2580.84,1,2,164.6,0,0
C00905,19,month-to-month,dsl,credit-card,0,1,35.0,54.89,1141.03,0,0,98.2,0,0
C00906,40,one-year,fiber,electronic-check,1,2,44.0,64.32,2631.74,1,0,225.2,0,0
C00907,37,month-to-month,none,mailed-check,0,3,42.0,36.2,1328.96,1,0,0.0,0,0
C00908,38,month-to-month,none,credit-card,0,1,28.0,21.25,844.56,1,0,0.0,0,0
C00909,19,two-year,dsl,mailed-check,0,5,18.0,74.47,1409.11,1,0,105.9,0,0
C00910,24,one-year,none,mailed-check,0,3,56.0,33.28,837.96,0,0,0.0,0,0
C00911,32,one-year,fiber,bank-transfer,0,5,42.0,83.79,2608.96,2,0,,0,0
C00912,25,two-year,none,credit-card,0,2,50.0,31.97,865.15,1,1,0.0,1,0
C00913,19,month-to-month,none,electronic-check,0,2,44.0,20.46,351.29,0,0,0.0,0,0
C00914,11,month-to-month,dsl,bank-transfer,0,2,44.0,46.8,529.42,1,0,275.6,0,0
C00915,24,one-year,none,mailed-check,0,2,47.0,18.99,461.59,0,1,0.0,0,0
C00916,5,month-to-month,dsl,bank-transfer,0,1,42.0,39.99,219.54,0,0,134.0,0,0
C00917,2,month-to-month,dsl,electronic-check,0,1,40.0,23.12,44.9,0,0,78.6,0,0
C00918,8,one-year,dsl,electronic-check,0,2,30.0,45.91,336.63,1,1,181.9,0,0
C00919,37,month-to-month,fiber,credit-card,0,4,82.0,79.41,2691.61,3,0,306.8,0,0
C00920,28,month-to-month,dsl,bank-transfer,1,1,60.0,51.08,1494.61,1,0,85.5,0,0
C00921,38,one-year,fiber,mailed-check,0,3,67.0,67.63,2328.41,2,0,100.1,0,0
C00922,13,one-year,dsl,bank-transfer,0,1,64.0,41.0,556.72,0,0,68.0,0,0
C00923,48,month-to-month,dsl,bank-transfer,0,2,41.0,48.59,2381.7,0,0,136.9,0,0
C00924,6,month-to-month,fiber,mailed-check,0,3,42.0,81.12,467.47,3,0,85.5,1,1
C00925,9,two-year,fiber,bank-transfer,0,3,45.0,76.44,645.43,1,0,164.5,0,0
C00926,47,two-year,fiber,mailed-check,0,2,40.0,73.0,3575.63,0,0,51.5,0,0
C00927,26,month-to-month,dsl,credit-card,0,3,58.0,62.06,1765.69,0,0,29.6,1,1
C00928,38,month-to-month,fiber,electronic-check,0,2,,74.02,3047.86,0,0,288.8,1,1
C00929,28,one-year,fiber,electronic-check,0,3,29.0,70.18,2090.63,1,0,133.4,0,0
C00930,15,month-to-month,fiber,credit-card,0,1,26.0,78.68,1083.92,1,1,294.8,1,1
C00931,8,month-to-month,fiber,credit-card,0,1,40.0,49.79,386.93,2,0,437.2,0,0
C00932,3,month-to-month,fiber,credit-card,0,2,38.0,77.19,251.5,4,0,218.5,1,1
C00933,72,month-to-month,fiber,electronic-check,0,2,36.0,73.52,5624.06,3,0,248.1,1,1
C00934,5,month-to-month,dsl,bank-transfer,0,2,46.0,59.95,289.29,0,1,65.9,0,0
C00935,60,month-to-month,dsl,credit-card,0,4,28.0,58.13,3492.58,0,0,104.2,0,0
C00936,25,two-year,none,electronic-check,0,2,56.0,21.03,500.97,0,2,0.0,0,0
C00937,28,month-to-month,fiber,mailed-check,0,1,29.0,56.18,1624.93,0,0,134.6,0,0
C00938,27,month-to-month,fiber,credit-card,0,2,27.0,61.49,1722.13,1,0,198.9,0,0
C00939,35,month-to-month,fiber,electronic-check,1,1,35.0,63.66,2429.51,0,1,487.8,0,0
C00940,12,two-year,dsl,mailed-check,0,1,43.0,38.26,414.3,0,0,176.0,0,0
C00941,2,month-to-month,fiber,bank-transfer,1,2,58.0,64.31,122.46,1,0,267.7,0,0
C00942,14,month-to-month,fiber,mailed-check,0,2,44.0,61.52,855.37,0,0,63.8,0,0
C00943,33,one-year,dsl,electronic-check,0,2,21.0,58.27,1984.03,0,0,141.2,0,0
C00944,9,one-year,fiber,electronic-check,0,3,52.0,69.22,660.96,1,1,129.7,0,0
C00945,49,two-year,dsl,electronic-check,0,4,52.0,63.21,2847.17,0,0,67.9,0,0
C00946,21,month-to-month,dsl,credit-card,0,1,36.0,43.99,928.13,0,0,92.4,0,0
C00947,8,month-to-month,none,electronic-check,0,2,48.0,27.78,235.78,0,1,0.0,1,1
C00948,26,month-to-month,fiber,electronic-check,0,3,67.0,72.9,1753.9,0,0,220.9,1,1
C00949,32,one-year,fiber,credit-card,0,1,32.0,71.2,2247.57,2,0,343.2,0,0
C00950,34,month-to-month,dsl,bank-transfer,0,1,59.0,49.91,1626.79,0,1,38.3,0,0
C00951,47,month-to-month,fiber,electronic-check,1,1,64.0,74.68,3349.8,1,2,282.7,0,0
C00952,6,month-to-month,fiber,credit-card,0,3,48.0,69.71,399.79,2,0,416.8,1,1
C00953,47,two-year,dsl,bank-transfer,0,1,27.0,38.23,1651.56,0,0,74.1,0,0
C00954,50,month-to-month,fiber,credit-card,0,2,65.0,66.89,3091.14,1,0,232.6,0,0
C00955,8,month-to-month,fiber,credit-card,0,2,59.0,70.91,615.73,1,0,,0,0
C00956,9,two-year,dsl,bank-transfer,0,3,53.0,59.22,562.85,0,0,75.3,0,0
C00957,39,one-year,none,credit-card,0,2,44.0,19.99,728.07,3,0,0.0,0,0
C00958,17,one-year,fiber,bank-transfer,0,1,62.0,66.6,1140.69,1,0,167.8,0,0
C00959,55,one-year,dsl,credit-card,0,2,32.0,48.54,2810.13,0,1,87.1,0,0
C00960,66,month-to-month,none,mailed-check,0,2,58.0,22.87,1450.77,2,0,0.0,0,0
C00961,8,two-year,fiber,mailed-check,0,2,40.0,69.93,511.45,4,0,115.1,0,0
C00962,12,month-to-month,dsl,credit-card,0,1,20.0,57.01,680.99,0,0,70.9,0,0
C00963,25,two-year,fiber,credit-card,0,1,30.0,71.32,1915.39,2,0,452.9,1,0
C00964,2,month-to-month,none,credit-card,0,2,51.0,33.39,63.94,1,0,0.0,0,0
C00965,4,one-year,fiber,credit-card,0,1,48.0,67.9,275.07,1,0,366.7,1,1
C00966,10,month-to-month,fiber,electronic-check,1,3,52.0,89.09,829.28,4,0,142.8,1,1
C00967,72,month-to-month,none,electronic-check,0,2,39.0,32.12,2153.42,1,1,0.0,1,1
C00968,28,month-to-month,dsl,bank-transfer,0,2,48.0,38.6,1135.02,2,0,145.7,0,0
C00969,13,one-year,fiber,mailed-check,1,1,54.0,70.82,873.51,2,0,153.1,0,0
C00970,9,month-to-month,dsl,electronic-check,0,1,80.0,47.71,415.65,0,1,71.4,0,0
C00971,8,two-year,none,bank-transfer,0,2,39.0,29.98,259.11,3,1,0.0,0,0
C00972,14,month-to-month,dsl,electronic-check,0,3,60.0,43.0,619.5,0,0,39.5,1,1
C00973,14,one-year,fiber,bank-transfer,0,2,55.0,58.29,814.04,2,0,304.9,0,0
C00974,19,one-year,fiber,electronic-check,0,1,47.0,64.24,1223.74,0,1,81.0,1,1
C00975,33,month-to-month,none,credit-card,0,1,25.0,15.0,468.31,0,0,0.0,0,0
C00976,22,one-year,fiber,bank-transfer,0,1,66.0,70.63,1544.08,7,1,173.1,1,1
C00977,41,one-year,fiber,credit-card,1,1,49.0,66.18,2834.95,1,0,327.5,0,0
C00978,18,one-year,fiber,credit-card,1,1,36.0,80.58,1470.67,1,0,264.7,0,0
C00979,69,one-year,fiber,bank-transfer,0,2,32.0,73.0,5250.57,2,0,122.6,0,0
C00980,40,one-year,dsl,electronic-check,1,3,49.0,60.55,2538.86,0,2,79.1,0,0
C00981,27,month-to-month,fiber,bank-transfer,1,1,31.0,69.63,1809.92,1,0,266.7,0,0
C00982,33,month-to-month,fiber,mailed-check,1,3,36.0,75.63,2570.8,0,0,258.6,0,0
C00983,15,month-to-month,fiber,bank-transfer,0,3,36.0,75.94,1150.47,0,0,237.5,0,0
C00984,19,one-year,fiber,mailed-check,1,2,46.0,69.55,1281.35,1,1,461.6,0,0
C00985,18,two-year,fiber,credit-card,0,2,54.0,50.91,891.58,2,1,432.2,0,0
C00986,12,month-to-month,fiber,bank-transfer,0,2,40.0,78.98,1038.24,0,0,141.8,1,1
C00987,6,month-to-month,dsl,credit-card,1,2,42.0,59.06,377.25,0,0,44.5,0,0
C00988,35,month-to-month,fiber,credit-card,1,2,47.0,76.91,2786.23,1,0,130.2,0,0
C00989,45,one-year,fiber,credit-card,0,2,34.0,70.71,3293.25,2,0,224.4,1,1
C00990,31,one-year,dsl,electronic-check,0,4,36.0,58.92,1991.29,2,0,99.5,0,0
C00991,22,one-year,dsl,credit-card,1,4,38.0,50.92,1036.84,0,2,221.3,0,0
C00992,72,one-year,dsl,credit-card,0,4,49.0,49.98,3389.34,0,1,57.1,0,0
C00993,13,one-year,none,credit-card,0,1,69.0,15.25,211.14,2,0,0.0,0,0
C00994,28,month-to-month,fiber,electronic-check,1,1,26.0,66.63,1976.93,2,2,221.1,1,1
C00995,50,month-to-month,fiber,bank-transfer,1,1,49.0,67.99,3662.2,2,0,314.1,0,0
C00996,8,month-to-month,fiber,credit-card,0,3,,70.88,607.86,3,0,241.1,0,0
C00997,37,two-year,fiber,credit-card,0,3,42.0,64.57,2220.95,2,0,162.1,0,0
C00998,72,one-year,none,electronic-check,0,1,38.0,15.0,1007.18,2,1,0.0,0,0
C00999,23,month-to-month,dsl,electronic-check,0,2,62.0,49.05,1074.8,1,4,211.7,1,1
C01000,26,month-to-month,dsl,bank-transfer,0,4,18.0,47.51,1191.09,0,0,87.0,0,0
C01001,13,month-to-month,none,bank-transfer,0,2,28.0,26.46,320.22,0,0,0.0,0,0
C01002,33,two-year,none,credit-card,0,5,61.0,52.9,1707.56,2,1,0.0,0,0
C01003,12,month-to-month,fiber,bank-transfer,0,3,62.0,68.57,860.51,6,0,452.1,1,1
C01004,22,one-year,none,electronic-check,0,2,71.0,41.95,947.99,2,1,0.0,0,0
C01005,6,month-to-month,fiber,electronic-check,0,3,50.0,69.36,441.26,0,1,318.5,0,0
C01006,1,one-year,fiber,bank-transfer,0,4,52.0,78.22,71.33,0,0,440.7,1,1
C01007,16,one-year,dsl,electronic-check,0,3,18.0,58.87,849.32,0,1,136.7,1,0
C01008,16,month-to-month,none,bank-transfer,0,4,45.0,34.63,600.23,0,0,0.0,1,1
C01009,17,one-year,dsl,electronic-check,0,1,53.0,31.44,517.79,1,2,366.1,0,0
C01010,39,month-to-month,fiber,electronic-check,1,3,38.0,77.0,2813.69,1,0,118.4,0,0
C01011,46,two-year,none,electronic-check,0,4,44.0,35.62,1543.15,0,0,0.0,0,0
C01012,29,month-to-month,dsl,credit-card,0,1,63.0,42.9,1223.36,0,1,43.8,0,0
C01013,37,one-year,dsl,bank-transfer,0,1,67.0,45.57,1749.73,3,0,236.1,0,0
C01014,12,month-to-month,fiber,credit-card,0,2,49.0,73.54,865.71,1,0,184.3,0,0
C01015,10,one-year,fiber,bank-transfer,0,2,44.0,62.91,647.37,2,1,210.1,1,1
C01016,34,month-to-month,fiber,bank-transfer,0,2,56.0,74.29,2299.49,3,1,324.6,1,1
C01017,8,one-year,none,electronic-check,0,4,39.0,30.13,249.03,0,0,0.0,1,0
C01018,7,month-to-month,none,electronic-check,0,5,61.0,52.28,354.16,2,0,0.0,0,0
C01019,72,month-to-month,fiber,electronic-check,1,2,37.0,78.32,5498.17,2,1,185.3,1,1
C01020,24,two-year,fiber,electronic-check,1,2,56.0,62.03,1527.5,1,1,514.5,0,0
C01021,16,month-to-month,fiber,credit-card,0,3,45.0,84.84,1353.6,2,0,144.3,0,0
C01022,14,month-to-month,dsl,credit-card,0,2,36.0,53.26,785.79,0,0,85.4,0,0
C01023,6,one-year,dsl,credit-card,0,1,50.0,49.24,293.48,0,2,102.7,0,0
C01024,29,month-to-month,dsl,electronic-check,1,2,39.0,48.55,1490.26,0,0,125.1,0,0
C01025,18,two-year,fiber,credit-card,1,1,60.0,62.26,1092.3,0,0,302.9,0,0
C01026,45,month-to-month,fiber,bank-transfer,1,2,30.0,67.84,3324.18,0,0,213.7,0,0
C01027,34,two-year,none,credit-card,0,1,48.0,15.0,469.85,2,0,0.0,0,0
C01028,18,two-year,dsl,electronic-check,0,3,34.0,40.03,660.35,0,1,215.1,1,0
C01029,3,month-to-month,fiber,mailed-check,0,2,63.0,64.9,212.04,3,0,130.1,1,1
C01030,24,month-to-month,fiber,mailed-check,0,3,56.0,69.86,1789.03,3,1,379.5,1,1
C01031,23,one-year,fiber,credit-card,0,2,44.0,61.28,1484.57,1,0,134.4,0,0
C01032,2,one-year,fiber,bank-transfer,0,2,45.0,74.66,153.18,1,0,314.4,1,1
C01033,31,month-to-month,fiber,credit-card,1,3,70.0,76.95,2317.81,1,0,401.9,0,0
C01034,8,month-to-month,dsl,electronic-check,0,2,56.0,45.26,338.52,1,2,45.9,1,0
C01035,47,month-to-month,fiber,bank-transfer,0,1,34.0,62.51,3048.44,1,1,349.6,1,1
C01036,22,one-year,fiber,credit-card,1,3,59.0,76.78,1854.42,2,0,181.0,1,1
C01037,14,one-year,dsl,bank-transfer,1,2,37.0,44.19,607.23,2,0,28.2,0,0
C01038,27,month-to-month,fiber,bank-transfer,0,3,47.0,54.57,1575.89,3,3,373.0,1,1
C01039,26,month-to-month,dsl,mailed-check,0,2,18.0,59.57,1666.59,1,0,52.9,0,0
C01040,25,one-year,none,credit-card,0,1,57.0,19.08,469.58,1,1,0.0,0,0
C01041,43,two-year,fiber,mailed-check,1,3,35.0,77.16,3277.48,1,0,119.2,0,0
C01042,28,month-to-month,dsl,credit-card,0,1,42.0,46.38,1235.38,0,1,62.8,0,0
C01043,13,month-to-month,fiber,credit-card,0,3,24.0,63.46,748.91,0,0,504.7,0,0
C01044,19,month-to-month,fiber,electronic-check,0,2,48.0,64.5,1274.7,0,0,607.0,0,0
C01045,59,one-year,fiber,bank-transfer,1,2,46.0,69.89,4445.39,1,0,163.5,0,0
C01046,12,month-to-month,dsl,mailed-check,0,3,26.0,53.41,587.9,0,1,81.7,0,0
C01047,31,month-to-month,fiber,bank-transfer,0,2,45.0,60.92,1788.55,1,0,284.0,0,0
C01048,44,one-year,dsl,bank-transfer,0,2,41.0,52.74,2511.43,0,0,52.8,0,0
C01049,33,month-to-month,fiber,credit-card,1,3,63.0,79.55,2629.42,3,0,341.4,1,1
C01050,24,month-to-month,dsl,mailed-check,1,1,34.0,41.95,914.14,0,0,182.3,1,0
C01051,27,month-to-month,fiber,electronic-check,1,1,52.0,73.02,1941.97,1,1,134.7,0,0
C01052,35,month-to-month,fiber,electronic-check,0,2,23.0,74.26,2731.86,0,1,491.2,0,0
C01053,12,month-to-month,dsl,electronic-check,0,4,46.0,63.09,733.35,0,1,49.0,0,0
C01054,23,month-to-month,fiber,credit-card,0,3,50.0,71.0,1681.87,2,0,214.8,0,0
C01055,72,month-to-month,fiber,mailed-check,0,4,51.0,78.64,5578.48,0,0,870.0,0,0
C01056,32,month-to-month,dsl,bank-transfer,0,2,43.0,56.67,1682.55,2,0,227.9,0,0
C01057,25,two-year,dsl,electronic-check,0,3,71.0,43.41,1068.48,0,2,45.3,0,0
C01058,17,two-year,dsl,electronic-check,1,1,40.0,33.92,525.44,1,0,136.4,1,1
C01059,12,month-to-month,fiber,bank-transfer,1,2,52.0,66.74,734.92,1,1,128.2,0,1
C01060,28,one-year,fiber,electronic-check,0,2,40.0,69.84,2006.78,3,4,323.0,0,0
C01061,30,month-to-month,fiber,electronic-check,0,2,32.0,69.22,2211.21,1,3,204.0,0,0
C01062,22,two-year,fiber,credit-card,1,1,27.0,69.18,1378.01,1,0,339.0,0,0
C01063,72,two-year,fiber,electronic-check,0,2,31.0,71.93,5085.13,2,4,294.0,1,1
C01064,13,one-year,fiber,bank-transfer,1,4,54.0,80.17,1013.64,2,0,282.1,0,0
C01065,10,one-year,fiber,electronic-check,0,2,65.0,67.59,,2,0,226.3,0,0
C01066,17,month-to-month,dsl,electronic-check,0,2,54.0,56.53,899.63,0,0,275.9,0,0
C01067,22,month-to-month,fiber,credit-card,1,1,40.0,74.6,1770.58,3,0,,1,1
C01068,11,month-to-month,fiber,credit-card,1,2,36.0,67.63,746.46,3,0,179.4,1,1
C01069,28,month-to-month,fiber,credit-card,0,2,47.0,73.11,2107.92,0,0,547.3,0,0
C01070,30,one-year,fiber,electronic-check,0,1,29.0,62.94,1715.02,0,1,148.4,0,0
C01071,38,month-to-month,dsl,mailed-check,1,1,58.0,35.32,1396.55,0,0,149.5,0,0
C01072,15,month-to-month,fiber,electronic-check,0,2,51.0,56.66,778.23,0,1,213.5,1,1
C01073,56,one-year,fiber,electronic-check,0,4,30.0,89.41,5244.01,5,1,163.0,0,0
C01074,36,one-year,none,electronic-check,0,1,67.0,26.4,978.99,0,0,0.0,0,0
C01075,12,one-year,fiber,bank-transfer,0,4,27.0,83.22,918.92,0,0,291.2,0,0
C01076,11,month-to-month,fiber,mailed-check,1,2,46.0,77.99,797.53,1,0,258.9,0,0
C01077,18,two-year,dsl,credit-card,1,1,58.0,38.59,701.39,0,0,98.8,1,0
C01078,30,month-to-month,dsl,bank-transfer,1,6,56.0,77.13,2362.07,3,1,127.1,1,1
C01079,33,one-year,none,credit-card,0,3,36.0,32.79,1026.28,3,0,0.0,0,0
C01080,36,month-to-month,none,credit-card,0,3,39.0,26.55,908.35,0,0,0.0,0,0
C01081,72,month-to-month,dsl,electronic-check,0,3,31.0,36.57,2890.24,0,0,38.0,0,0
C01082,4,two-year,fiber,credit-card,0,1,48.0,53.56,219.88,1,0,144.7,0,0
C01083,21,month-to-month,dsl,bank-transfer,1,3,57.0,68.76,1406.91,0,0,131.0,0,0
C01084,72,month-to-month,fiber,credit-card,0,1,18.0,78.48,5171.7,2,0,417.3,1,1
C01085,39,month-to-month,dsl,bank-transfer,0,3,53.0,43.66,1733.05,1,0,68.8,0,0
C01086,10,two-year,none,credit-card,0,2,38.0,15.0,154.55,0,0,0.0,0,0
C01087,27,two-year,fiber,mailed-check,0,5,44.0,95.42,2670.76,0,0,211.9,0,0
C01088,20,month-to-month,none,bank-transfer,0,1,29.0,19.35,364.53,1,2,0.0,0,0
C01089,20,one-year,dsl,electronic-check,0,2,36.0,44.24,861.06,0,1,65.5,0,0
C01090,15,month-to-month,fiber,bank-transfer,1,3,75.0,65.13,968.8,0,0,124.5,0,0
C01091,25,one-year,none,credit-card,0,2,40.0,15.06,355.01,0,0,0.0,0,0
C01092,49,month-to-month,dsl,electronic-check,1,2,45.0,60.44,3067.47,2,1,103.2,0,0
C01093,16,month-to-month,fiber,credit-card,0,2,31.0,71.99,1117.33,3,1,,1,1
C01094,36,one-year,dsl,bank-transfer,1,3,84.0,40.66,1405.81,1,2,46.0,1,1
C01095,41,two-year,fiber,bank-transfer,0,1,52.0,59.38,2471.56,0,1,310.2,0,0
C01096,55,month-to-month,fiber,electronic-check,0,2,45.0,82.66,4258.66,3,0,331.0,1,1
C01097,11,month-to-month,dsl,mailed-check,0,1,59.0,47.41,548.03,0,0,175.6,1,0
C01098,24,two-year,none,credit-card,0,3,,18.82,480.44,0,0,0.0,0,0
C01099,13,month-to-month,dsl,electronic-check,1,3,42.0,49.8,690.27,1,1,52.7,0,0
C01100,25,month-to-month,none,bank-transfer,0,3,43.0,29.12,689.67,1,2,0.0,0,0
C01101,25,month-to-month,none,electronic-check,0,1,22.0,27.6,650.83,0,2,0.0,0,0
C01102,9,month-to-month,fiber,mailed-check,1,1,40.0,64.21,528.15,2,0,245.6,0,0
C01103,26,month-to-month,dsl,bank-transfer,0,3,37.0,66.02,1563.28,1,0,82.1,0,0
C01104,72,month-to-month,dsl,credit-card,0,1,50.0,47.1,3374.1,0,0,67.5,0,0
C01105,33,month-to-month,fiber,electronic-check,0,2,42.0,51.67,1846.65,3,1,336.7,1,1
C01106,7,month-to-month,fiber,bank-transfer,0,5,55.0,89.28,638.27,0,1,326.8,0,0
C01107,10,two-year,dsl,mailed-check,1,2,46.0,48.54,501.3,0,1,78.3,0,0
C01108,23,month-to-month,none,electronic-check,0,1,32.0,15.96,332.65,0,0,0.0,0,0
C01109,11,one-year,none,mailed-check,0,1,67.0,23.15,246.18,1,0,0.0,0,0
C01110,53,month-to-month,dsl,credit-card,0,2,39.0,48.01,2705.84,1,0,68.9,0,0
C01111,6,month-to-month,dsl,electronic-check,0,2,53.0,51.61,,0,0,54.2,0,0
C01112,33,month-to-month,dsl,bank-transfer,1,2,25.0,45.81,1484.08,2,1,61.3,0,0
C01113,5,month-to-month,none,electronic-check,0,1,57.0,15.5,74.92,1,1,0.0,1,1
C01114,22,one-year,dsl,mailed-check,0,1,20.0,53.86,1086.28,4,0,105.3,0,0
C01115,9,month-to-month,none,electronic-check,0,2,74.0,25.91,213.78,0,1,0.0,0,0
C01116,38,one-year,none,electronic-check,0,1,55.0,23.28,864.22,1,2,0.0,0,0
C01117,47,two-year,fiber,credit-card,0,1,42.0,60.38,2753.35,1,1,110.7,0,0
C01118,30,month-to-month,none,credit-card,0,4,54.0,43.51,1272.37,1,0,0.0,1,1
C01119,49,two-year,dsl,electronic-check,0,3,26.0,56.65,2968.95,2,3,123.5,0,0
C01120,1,month-to-month,fiber,bank-transfer,0,3,42.0,72.3,79.08,3,2,61.5,1,1
C01121,26,month-to-month,fiber,credit-card,1,3,56.0,85.13,2099.97,1,0,358.4,1,1
C01122,33,month-to-month,dsl,electronic-check,0,1,54.0,42.29,1357.63,1,0,,0,0
C01123,36,two-year,fiber,electronic-check,1,1,45.0,66.45,2267.69,2,2,211.0,0,0
C01124,32,one-year,fiber,credit-card,0,1,50.0,55.38,1744.34,1,2,176.8,0,0
C01125,37,two-year,dsl,credit-card,1,1,61.0,40.0,1458.45,1,0,69.9,0,0
C01126,26,one-year,fiber,bank-transfer,1,3,56.0,81.21,2304.88,1,0,295.3,0,0
C01127,7,month-to-month,fiber,electronic-check,0,5,18.0,84.6,547.47,2,2,268.4,0,0
C01128,15,two-year,dsl,mailed-check,0,1,45.0,45.74,653.77,0,0,121.4,0,0
C01129,54,two-year,fiber,bank-transfer,0,1,45.0,64.28,3249.1,1,2,164.0,0,0
C01130,50,one-year,dsl,credit-card,1,3,26.0,54.61,2957.64,0,0,141.9,0,0
C01131,33,one-year,fiber,electronic-check,0,5,29.0,80.68,2802.33,1,0,234.6,0,0
C01132,38,two-year,none,credit-card,0,1,67.0,16.23,624.09,1,0,0.0,0,0
C01133,46,month-to-month,fiber,electronic-check,0,1,34.0,62.65,2618.64,1,2,151.0,1,1
C01134,32,two-year,none,bank-transfer,0,1,39.0,17.68,613.2,1,0,0.0,0,0
C01135,53,two-year,dsl,mailed-check,1,4,33.0,63.7,3439.75,0,0,62.9,1,0
C01136,51,one-year,none,electronic-check,0,2,51.0,28.43,1589.32,1,0,0.0,0,0
C01137,72,month-to-month,dsl,credit-card,1,3,,65.54,4900.03,0,0,89.0,0,0
C01138,15,month-to-month,dsl,bank-transfer,1,3,74.0,60.54,984.8,0,1,49.8,0,0
C01139,16,two-year,fiber,credit-card,0,1,37.0,57.91,871.38,0,0,298.9,0,0
C01140,31,two-year,dsl,credit-card,0,2,53.0,44.64,1507.19,1,0,147.4,1,0
C01141,72,one-year,dsl,bank-transfer,0,1,18.0,52.44,3694.56,0,0,70.8,0,0
C01142,55,two-year,dsl,bank-transfer,1,1,24.0,50.28,2605.35,0,1,59.3,0,0
C01143,42,month-to-month,fiber,electronic-check,1,3,65.0,83.31,,2,1,,0,0
C01144,58,two-year,dsl,credit-card,1,2,62.0,49.97,3022.96,0,0,53.9,0,0
C01145,33,month-to-month,dsl,bank-transfer,0,1,52.0,42.92,1414.95,1,0,41.3,1,1
C01146,19,month-to-month,dsl,mailed-check,0,2,62.0,52.74,909.04,1,0,140.6,0,0
C01147,72,month-to-month,dsl,bank-transfer,0,2,29.0,39.01,2609.57,0,1,98.9,0,0
C01148,32,month-to-month,fiber,bank-transfer,0,3,70.0,73.42,2394.93,1,0,243.9,0,0
C01149,51,month-to-month,dsl,electronic-check,1,2,29.0,65.67,3301.96,0,0,56.5,0,0
C01150,1,one-year,fiber,electronic-check,0,1,50.0,62.36,59.28,1,1,347.5,0,0
C01151,2,month-to-month,dsl,bank-transfer,1,1,87.0,44.88,81.49,0,1,,0,0
C01152,27,one-year,dsl,mailed-check,0,3,32.0,53.37,1325.39,0,1,33.9,0,0
C01153,11,month-to-month,fiber,credit-card,0,3,65.0,87.02,966.6,1,0,1064.4,0,0
C01154,28,two-year,fiber,credit-card,1,3,59.0,65.52,1840.08,5,0,124.6,0,0
C01155,16,month-to-month,dsl,bank-transfer,0,1,37.0,50.4,794.35,1,0,64.5,1,1
C01156,72,one-year,dsl,credit-card,0,2,76.0,46.8,3241.22,0,0,70.8,1,1
C01157,48,one-year,fiber,credit-card,0,3,31.0,69.8,3095.61,1,0,91.5,0,0
C01158,62,month-to-month,fiber,credit-card,1,4,44.0,66.59,4309.8,2,0,153.7,0,0
C01159,2,month-to-month,fiber,electronic-check,1,3,55.0,88.72,180.07,0,1,184.2,1,1
C01160,41,month-to-month,dsl,bank-transfer,1,3,44.0,60.79,2244.24,0,0,74.2,0,0
C01161,20,month-to-month,fiber,electronic-check,0,2,90.0,59.39,1290.38,0,3,167.3,0,0
C01162,62,month-to-month,dsl,credit-card,1,3,26.0,44.93,2514.0,1,0,,0,0
C01163,37,month-to-month,dsl,electronic-check,0,3,69.0,49.83,1996.82,0,0,105.6,0,0
C01164,23,one-year,none,credit-card,0,1,18.0,23.99,579.44,1,0,0.0,1,1
C01165,8,month-to-month,none,credit-card,0,2,18.0,23.97,197.72,0,0,0.0,0,0
C01166,26,month-to-month,dsl,electronic-check,0,1,46.0,37.69,1018.63,1,1,125.9,0,0
C01167,53,month-to-month,dsl,credit-card,0,2,56.0,49.35,2654.18,3,0,99.2,0,0
C01168,65,month-to-month,dsl,electronic-check,0,1,67.0,55.14,3927.53,1,0,131.3,0,0
C01169,18,month-to-month,none,electronic-check,0,3,69.0,34.76,577.96,0,5,0.0,0,0
C01170,72,one-year,dsl,electronic-check,0,1,48.0,30.55,2267.54,1,1,162.3,0,0
C01171,50,one-year,fiber,electronic-check,0,1,52.0,56.58,2716.06,2,0,274.3,0,0
C01172,11,month-to-month,none,mailed-check,0,2,49.0,23.95,286.73,1,1,0.0,1,1
C01173,9,month-to-month,fiber,credit-card,0,1,68.0,66.07,575.86,2,0,499.6,1,1
C01174,21,month-to-month,none,mailed-check,0,6,,55.47,1074.13,0,3,0.0,0,0
C01175,17,one-year,fiber,credit-card,0,1,35.0,64.92,1146.21,0,0,208.3,1,1
C01176,34,month-to-month,dsl,bank-transfer,1,1,58.0,49.31,1826.36,0,1,174.1,0,0
C01177,24,two-year,none,mailed-check,0,1,61.0,15.0,360.69,0,0,0.0,0,0
C01178,19,one-year,dsl,credit-card,0,3,65.0,51.82,916.73,1,0,81.3,0,0
C01179,5,one-year,dsl,electronic-check,0,1,44.0,50.59,238.49,0,1,42.3,0,0
C01180,38,month-to-month,fiber,electronic-check,1,2,38.0,85.11,3546.14,1,0,157.9,0,0
C01181,5,two-year,fiber,mailed-check,0,4,56.0,69.28,347.07,0,0,413.7,0,0
C01182,50,month-to-month,fiber,credit-card,0,4,29.0,78.63,3662.48,2,0,282.4,1,1
C01183,3,month-to-month,dsl,electronic-check,0,3,70.0,40.91,134.9,0,0,52.2,0,0
C01184,4,two-year,fiber,credit-card,1,1,37.0,63.37,253.33,0,0,185.9,0,0
C01185,11,one-year,fiber,credit-card,0,1,41.0,73.33,805.51,0,0,156.4,0,0
C01186,16,month-to-month,fiber,electronic-check,1,2,56.0,77.39,,2,0,299.0,1,1
C01187,14,month-to-month,none,electronic-check,0,2,34.0,24.61,344.73,1,1,0.0,1,1
C01188,16,month-to-month,none,electronic-check,0,2,28.0,22.93,396.63,0,1,0.0,0,0
C01189,29,two-year,fiber,electronic-check,1,2,62.0,90.81,2827.61,1,0,147.1,0,0
C01190,11,month-to-month,none,electronic-check,0,1,29.0,18.26,197.22,1,0,0.0,0,0
C01191,29,month-to-month,dsl,bank-transfer,0,2,49.0,45.59,1319.76,1,0,,0,0
C01192,1,month-to-month,fiber,bank-transfer,0,2,45.0,65.49,64.14,1,0,217.5,0,0
C01193,11,two-year,fiber,electronic-check,1,2,18.0,58.25,644.75,0,3,329.7,0,0
C01194,4,one-year,none,electronic-check,0,1,29.0,23.5,95.1,0,0,0.0,0,0
C01195,50,month-to-month,fiber,credit-card,0,3,50.0,80.18,3717.1,1,1,208.1,0,0
C01196,12,two-year,fiber,bank-transfer,0,1,,69.9,921.49,0,1,140.1,0,0
C01197,36,month-to-month,none,credit-card,0,3,34.0,36.19,1391.28,1,1,0.0,0,0
C01198,3,one-year,dsl,electronic-check,0,4,32.0,55.22,161.54,0,0,132.3,0,0
C01199,64,one-year,dsl,credit-card,0,4,54.0,58.67,3603.6,2,0,134.6,0,0
C01200,25,month-to-month,dsl,electronic-check,0,1,57.0,54.2,,0,2,60.2,1,1
C01201,23,one-year,dsl,electronic-check,1,3,59.0,51.23,1120.93,1,2,94.7,0,0
C01202,5,two-year,fiber,mailed-check,0,1,48.0,60.49,290.51,1,0,135.8,0,0
C01203,9,month-to-month,dsl,bank-transfer,0,4,37.0,67.95,645.54,1,0,95.7,1,1
C01204,19,month-to-month,fiber,mailed-check,1,1,57.0,58.62,1071.77,0,0,367.6,0,0
C01205,10,two-year,fiber,electronic-check,1,2,44.0,60.83,560.01,1,3,205.3,0,0
C01206,46,month-to-month,none,credit-card,0,1,55.0,15.0,716.85,2,1,0.0,0,0
C01207,25,month-to-month,fiber,bank-transfer,1,4,37.0,101.61,2724.48,3,0,154.8,0,0
C01208,10,month-to-month,fiber,bank-transfer,0,3,42.0,83.04,793.67,1,0,164.6,1,1
C01209,41,two-year,fiber,credit-card,1,2,53.0,74.96,3242.7,2,0,165.9,0,0
C01210,17,one-year,none,bank-transfer,0,2,18.0,17.48,286.8,0,0,0.0,0,0
C01211,40,two-year,none,credit-card,0,1,65.0,23.98,947.15,0,1,,0,0
C01212,15,month-to-month,fiber,electronic-check,0,3,44.0,88.55,1299.5,3,1,174.5,1,1
C01213,35,two-year,fiber,bank-transfer,0,5,18.0,87.88,2935.94,2,0,247.0,0,0
C01214,17,month-to-month,dsl,credit-card,0,2,48.0,41.15,637.44,1,2,135.0,0,0
C01215,46,one-year,dsl,electronic-check,1,4,39.0,64.27,3126.88,2,1,104.8,0,0
C01216,3,one-year,fiber,mailed-check,0,1,29.0,63.72,201.27,2,1,907.5,0,0
C01217,7,month-to-month,fiber,mailed-check,0,1,74.0,66.09,437.06,1,0,350.6,0,0
C01218,21,one-year,dsl,mailed-check,1,1,58.0,37.27,810.66,0,0,76.7,0,0
C01219,13,month-to-month,fiber,mailed-check,1,2,43.0,63.9,772.71,0,0,122.2,0,0
C01220,16,month-to-month,dsl,bank-transfer,0,5,46.0,61.22,886.15,0,0,162.9,0,0
C01221,37,one-year,fiber,bank-transfer,0,4,49.0,73.78,2697.69,2,0,199.1,0,0
C01222,16,month-to-month,none,bank-transfer,0,3,21.0,29.53,486.12,1,0,0.0,1,1
C01223,30,one-year,dsl,mailed-check,1,1,84.0,39.53,1134.56,1,0,56.4,0,0
C01224,10,month-to-month,dsl,credit-card,0,4,46.0,73.09,771.7,1,1,51.2,0,0
C01225,3,month-to-month,dsl,electronic-check,1,2,72.0,53.93,159.1,0,1,80.0,1,1
C01226,40,one-year,fiber,credit-card,1,2,32.0,76.07,3175.01,2,0,192.3,0,0
C01227,72,month-to-month,fiber,mailed-check,0,2,54.0,68.89,5318.13,2,1,274.8,0,0
C01228,27,two-year,dsl,bank-transfer,0,3,27.0,38.96,1003.54,1,0,271.6,0,0
C01229,22,two-year,dsl,mailed-check,0,1,18.0,51.71,1094.14,0,0,92.8,0,0
C01230,25,month-to-month,none,mailed-check,0,1,59.0,19.12,500.68,0,0,,0,0
C01231,58,month-to-month,fiber,credit-card,1,2,48.0,73.33,4173.32,1,0,212.5,0,0
C01232,28,month-to-month,dsl,electronic-check,0,2,37.0,49.43,1465.14,2,1,,0,0
C01233,41,one-year,fiber,bank-transfer,0,2,18.0,52.19,2095.84,1,0,78.5,0,0
C01234,40,month-to-month,fiber,bank-transfer,0,4,38.0,76.56,2770.14,2,0,459.0,1,1
C01235,49,two-year,fiber,credit-card,1,2,49.0,63.39,2944.48,3,0,162.1,0,0
C01236,21,two-year,none,electronic-check,0,3,29.0,31.66,601.07,0,1,0.0,0,0
C01237,15,month-to-month,dsl,bank-transfer,0,3,47.0,58.67,860.73,1,1,26.1,1,1
C01238,35,one-year,dsl,electronic-check,0,1,35.0,62.24,2365.26,0,2,63.6,0,0
C01239,47,month-to-month,dsl,electronic-check,0,2,27.0,53.73,2500.63,0,1,95.4,0,0
C01240,53,month-to-month,fiber,bank-transfer,0,2,43.0,65.52,3495.01,3,0,223.8,0,0
C01241,63,month-to-month,fiber,credit-card,0,2,18.0,66.62,4603.31,3,0,163.4,0,0
C01242,44,one-year,fiber,credit-card,0,3,53.0,79.13,3188.32,0,0,274.6,0,0
C01243,14,month-to-month,fiber,credit-card,1,2,46.0,76.76,1052.38,2,0,361.2,0,0
C01244,27,two-year,dsl,mailed-check,0,3,54.0,45.03,1108.46,1,1,43.4,0,0
C01245,26,month-to-month,fiber,bank-transfer,0,4,,78.02,1868.68,4,1,318.6,0,1
C01246,24,one-year,dsl,electronic-check,0,2,41.0,48.76,1140.68,0,1,153.4,0,0
C01247,35,two-year,none,mailed-check,0,6,18.0,32.08,1174.25,4,0,0.0,0,0
C01248,20,one-year,none,bank-transfer,0,3,41.0,35.76,654.08,1,0,0.0,0,0
C01249,20,month-to-month,fiber,electronic-check,0,1,28.0,66.8,1210.73,6,3,214.0,1,1
C01250,72,month-to-month,dsl,mailed-check,0,1,66.0,43.43,3172.45,1,1,123.3,1,1
C01251,22,month-to-month,fiber,electronic-check,0,5,39.0,86.95,1928.96,1,1,228.9,1,0
C01252,49,month-to-month,fiber,credit-card,1,1,58.0,70.23,3580.75,1,0,464.7,0,0
C01253,51,two-year,dsl,electronic-check,0,4,67.0,75.47,3488.08,2,1,286.3,0,0
C01254,28,month-to-month,fiber,mailed-check,0,5,34.0,90.24,2540.1,2,1,138.6,0,0
C01255,20,month-to-month,dsl,electronic-check,0,2,46.0,40.84,830.43,0,2,106.6,0,0
C01256,11,one-year,none,electronic-check,0,2,46.0,47.56,561.62,0,3,0.0,1,1
C01257,5,month-to-month,fiber,electronic-check,0,3,78.0,66.02,312.55,4,2,91.5,1,1
C01258,37,two-year,none,electronic-check,0,3,64.0,33.12,1249.73,2,2,0.0,0,0
C01259,32,month-to-month,fiber,credit-card,0,3,29.0,73.34,2394.53,2,0,232.9,0,0
C01260,41,month-to-month,none,mailed-check,0,3,36.0,29.05,1088.39,1,1,0.0,0,0
C01261,16,one-year,dsl,credit-card,1,1,38.0,48.03,820.37,1,1,140.8,0,0
C01262,72,month-to-month,fiber,electronic-check,1,1,33.0,68.64,5216.69,0,1,272.2,0,0
C01263,34,two-year,fiber,bank-transfer,0,2,40.0,81.04,2923.91,2,0,398.6,0,0
C01264,21,month-to-month,fiber,electronic-check,1,3,37.0,69.73,1322.11,0,0,133.8,0,0
C01265,2,month-to-month,dsl,electronic-check,0,3,46.0,58.2,106.36,0,1,87.1,1,1
C01266,17,month-to-month,fiber,electronic-check,0,3,43.0,79.86,1229.92,1,0,448.4,0,0
C01267,42,month-to-month,none,credit-card,0,1,62.0,38.83,1714.33,0,0,0.0,0,0
C01268,62,one-year,fiber,electronic-check,1,4,34.0,84.0,5158.84,2,1,229.3,1,1
C01269,24,month-to-month,none,credit-card,0,2,20.0,15.8,366.89,1,0,0.0,1,1
C01270,69,one-year,fiber,credit-card,0,2,38.0,81.0,5710.94,2,0,166.8,0,0
C01271,10,two-year,dsl,bank-transfer,0,1,36.0,41.45,377.69,0,1,194.5,0,0
C01272,32,month-to-month,none,mailed-check,0,2,67.0,18.11,605.63,1,1,0.0,0,0
C01273,33,one-year,fiber,mailed-check,0,1,58.0,75.61,2690.46,2,0,266.0,1,1
C01274,37,month-to-month,fiber,electronic-check,0,5,64.0,86.06,3099.89,0,1,303.0,0,0
C01275,27,two-year,dsl,electronic-check,0,1,59.0,43.4,1204.19,0,1,114.0,0,0
C01276,31,month-to-month,dsl,credit-card,0,1,18.0,58.49,1667.94,1,2,122.7,1,1
C01277,10,one-year,none,credit-card,0,3,32.0,25.9,265.55,0,1,0.0,0,0
C01278,58,month-to-month,fiber,electronic-check,0,2,23.0,65.84,3869.96,3,2,351.0,1,1
C01279,46,month-to-month,none,electronic-check,0,4,69.0,38.97,1864.58,1,0,,1,1
C01280,30,month-to-month,none,electronic-check,0,2,58.0,15.0,455.49,1,0,0.0,0,0
C01281,46,month-to-month,dsl,credit-card,1,3,51.0,56.29,2730.98,1,0,76.2,0,0
C01282,59,two-year,fiber,bank-transfer,1,1,36.0,65.64,3568.8,3,0,210.9,0,0
C01283,37,month-to-month,fiber,credit-card,0,2,38.0,63.17,2560.72,0,0,280.4,0,0
C01284,72,two-year,none,electronic-check,0,1,32.0,19.86,1372.76,0,2,0.0,0,0
C01285,39,month-to-month,dsl,bank-transfer,0,1,55.0,47.08,1889.17,0,1,112.8,0,0
C01286,11,month-to-month,dsl,bank-transfer,0,2,47.0,49.65,517.25,1,0,36.8,0,0
C01287,29,month-to-month,none,electronic-check,0,3,55.0,36.53,1078.33,0,1,0.0,0,0
C01288,48,month-to-month,fiber,credit-card,0,2,51.0,72.16,3543.12,2,0,151.5,1,1
C01289,59,two-year,dsl,bank-transfer,1,3,57.0,53.64,3282.53,1,0,123.9,0,0
C01290,27,month-to-month,dsl,electronic-check,1,2,53.0,55.61,1534.75,0,2,48.0,0,0
C01291,11,two-year,none,credit-card,0,1,62.0,22.15,243.18,1,0,0.0,0,0
C01292,20,month-to-month,dsl,electronic-check,0,2,56.0,74.01,1458.93,0,2,210.3,1,1
C01293,7,month-to-month,dsl,mailed-check,0,2,37.0,58.19,422.15,2,1,139.3,1,1
C01294,42,month-to-month,fiber,credit-card,0,3,52.0,70.76,3068.98,1,0,90.1,1,1
C01295,17,one-year,none,credit-card,0,4,50.0,21.24,351.68,1,1,0.0,0,0
C01296,13,month-to-month,dsl,electronic-check,0,2,42.0,44.58,604.38,0,2,79.0,0,0
C01297,45,two-year,fiber,electronic-check,0,2,45.0,53.66,2461.58,1,0,191.1,0,0
C01298,68,month-to-month,none,mailed-check,0,2,60.0,30.32,2157.46,1,1,0.0,0,0
C01299,13,month-to-month,fiber,credit-card,1,2,53.0,67.67,908.55,1,0,167.5,1,1
C01300,27,one-year,fiber,mailed-check,0,3,59.0,68.85,1845.61,2,0,261.6,0,0
C01301,21,one-year,none,bank-transfer,0,2,46.0,29.78,651.67,0,0,0.0,0,0
C01302,61,two-year,dsl,credit-card,0,1,62.0,42.05,2698.98,0,0,76.9,0,0
C01303,23,month-to-month,none,bank-transfer,0,3,57.0,33.15,836.52,0,0,0.0,1,1
C01304,10,one-year,none,bank-transfer,0,1,33.0,17.87,182.52,1,0,0.0,0,0
C01305,23,month-to-month,dsl,credit-card,0,2,40.0,50.62,1195.07,2,0,40.2,1,1
C01306,53,two-year,fiber,credit-card,0,1,32.0,75.32,3759.77,0,1,195.9,0,0
C01307,20,month-to-month,none,credit-card,0,3,,37.32,756.07,0,0,0.0,1,0
C01308,14,two-year,dsl,electronic-check,0,1,85.0,56.46,822.93,1,0,66.2,0,0
C01309,22,month-to-month,dsl,credit-card,0,2,70.0,52.75,1145.34,2,2,90.6,0,0
C01310,10,one-year,dsl,credit-card,1,1,62.0,30.52,314.11,1,0,74.6,0,0
C01311,21,two-year,fiber,bank-transfer,1,2,52.0,64.52,1254.38,2,0,533.4,0,0
C01312,15,two-year,fiber,electronic-check,0,3,37.0,62.08,894.73,2,0,149.3,0,0
C01313,72,month-to-month,dsl,mailed-check,0,2,28.0,57.35,4308.06,1,0,94.5,0,0
C01314,3,month-to-month,dsl,credit-card,0,1,42.0,45.12,146.95,2,0,78.9,1,0
C01315,11,two-year,dsl,mailed-check,1,1,34.0,55.08,606.86,1,2,87.3,0,0
C01316,14,one-year,fiber,electronic-check,0,2,56.0,78.3,1011.71,2,4,212.2,1,1
C01317,10,one-year,fiber,mailed-check,1,3,47.0,73.99,723.46,1,0,387.9,0,0
C01318,32,month-to-month,dsl,bank-transfer,1,2,58.0,63.97,2250.85,1,1,108.4,0,0
C01319,13,month-to-month,fiber,bank-transfer,0,2,49.0,77.67,957.78,1,0,142.3,0,0
C01320,6,month-to-month,dsl,electronic-check,0,3,20.0,55.65,354.03,1,2,165.9,1,1
C01321,26,one-year,dsl,electronic-check,0,1,42.0,48.48,1278.55,0,1,115.8,0,0
C01322,19,month-to-month,fiber,mailed-check,1,2,51.0,81.31,1677.56,0,1,209.5,0,0
C01323,13,month-to-month,dsl,mailed-check,0,2,49.0,53.58,702.66,1,0,132.4,0,0
C01324,60,two-year,none,bank-transfer,0,1,37.0,15.0,955.8,0,0,0.0,0,0
C01325,33,month-to-month,fiber,electronic-check,0,1,38.0,55.59,1878.45,0,1,274.4,0,0
C01326,31,two-year,fiber,bank-transfer,1,1,35.0,62.88,1804.23,0,0,143.0,0,0
C01327,34,month-to-month,fiber,electronic-check,0,2,20.0,64.55,2203.97,1,1,368.2,1,1
C01328,33,month-to-month,dsl,electronic-check,0,3,45.0,56.63,1865.18,1,2,108.4,0,0
C01329,20,month-to-month,none,electronic-check,0,2,57.0,20.88,446.55,1,1,0.0,0,0
C01330,13,month-to-month,dsl,credit-card,0,3,38.0,51.93,734.8,0,0,117.4,0,0
C01331,26,one-year,none,mailed-check,0,2,26.0,34.7,940.56,0,0,0.0,0,0
C01332,19,month-to-month,dsl,bank-transfer,0,1,60.0,58.25,1089.41,0,0,135.2,0,1
C01333,3,month-to-month,fiber,credit-card,0,2,65.0,63.78,181.65,2,0,170.3,1,1
C01334,9,month-to-month,fiber,credit-card,0,6,38.0,87.13,752.2,2,0,584.9,1,1
C01335,17,one-year,dsl,credit-card,1,3,31.0,53.16,850.28,1,0,87.9,0,0
C01336,45,two-year,dsl,bank-transfer,0,2,43.0,52.51,2199.9,0,0,47.4,0,0
C01337,26,month-to-month,dsl,credit-card,0,1,49.0,47.75,1138.68,0,0,,1,1
C01338,11,month-to-month,dsl,credit-card,0,3,38.0,50.94,569.38,2,0,126.7,0,0
C01339,8,month-to-month,fiber,credit-card,1,4,21.0,84.08,738.99,0,0,148.9,0,0
C01340,52,one-year,fiber,credit-card,1,1,59.0,61.31,3291.75,1,0,284.9,0,0
C01341,20,month-to-month,dsl,mailed-check,0,2,49.0,47.01,1024.13,1,0,149.4,0,0
C01342,1,month-to-month,dsl,bank-transfer,0,1,68.0,37.73,37.77,0,0,19.2,0,0
C01343,21,one-year,none,credit-card,0,1,46.0,28.28,611.92,0,0,0.0,0,0
C01344,39,month-to-month,fiber,electronic-check,0,2,67.0,77.27,2826.47,1,0,251.0,0,0
C01345,8,one-year,none,electronic-check,0,4,42.0,37.77,272.62,2,1,0.0,0,0
C01346,25,month-to-month,fiber,bank-transfer,0,4,36.0,85.3,1958.85,1,0,112.8,1,1
C01347,26,two-year,fiber,bank-transfer,0,2,37.0,78.87,1993.74,1,0,219.0,0,0
C01348,9,month-to-month,none,electronic-check,0,2,72.0,31.02,305.72,2,3,0.0,1,1
C01349,55,month-to-month,none,credit-card,0,2,42.0,30.82,1660.76,0,0,0.0,0,0
C01350,27,month-to-month,none,credit-card,0,2,69.0,21.57,531.68,1,0,0.0,0,0
C01351,17,month-to-month,fiber,mailed-check,1,2,38.0,57.97,926.04,1,0,,0,0
C01352,20,one-year,fiber,bank-transfer,1,1,24.0,58.68,1175.65,1,0,249.8,0,0
C01353,7,month-to-month,dsl,credit-card,0,2,55.0,67.56,483.7,3,0,,1,1
C01354,7,month-to-month,none,credit-card,0,3,35.0,28.1,212.65,0,0,0.0,0,0
C01355,16,one-year,dsl,electronic-check,0,1,50.0,57.81,981.77,0,1,89.9,0,0
C01356,17,month-to-month,fiber,credit-card,0,1,48.0,69.33,1156.77,2,0,272.5,1,1
C01357,19,one-year,dsl,bank-transfer,1,2,48.0,49.76,982.82,1,0,177.9,0,0
C01358,59,one-year,fiber,bank-transfer,0,1,70.0,57.78,3361.66,2,1,287.3,0,0
C01359,37,month-to-month,fiber,credit-card,0,2,49.0,64.37,2426.34,0,0,357.0,0,0
C01360,4,one-year,dsl,bank-transfer,0,2,47.0,48.95,204.65,1,1,129.7,0,0
C01361,51,two-year,fiber,credit-card,0,1,40.0,63.92,3016.58,2,0,247.2,0,0
C01362,16,two-year,dsl,bank-transfer,1,3,53.0,59.37,915.14,0,0,122.8,0,0
C01363,40,month-to-month,dsl,credit-card,0,1,52.0,39.57,1535.12,0,0,113.4,0,0
C01364,17,month-to-month,fiber,mailed-check,1,2,39.0,64.87,1063.8,3,0,106.8,1,1
C01365,25,two-year,fiber,electronic-check,1,2,59.0,76.98,2057.48,3,1,340.1,0,0
C01366,8,one-year,none,credit-card,0,5,42.0,55.19,484.12,0,1,0.0,0,0
C01367,30,month-to-month,dsl,credit-card,0,1,54.0,45.68,1315.28,1,0,111.5,0,0
C01368,43,month-to-month,none,electronic-check,0,2,25.0,28.55,1111.92,0,0,0.0,0,0
C01369,5,one-year,fiber,electronic-check,1,1,59.0,63.83,335.38,1,3,164.0,0,0
C01370,43,one-year,dsl,bank-transfer,0,4,34.0,59.49,2521.64,2,1,60.5,0,0
C01371,13,two-year,none,credit-card,0,1,55.0,18.31,238.7,1,0,0.0,0,0
C01372,72,two-year,fiber,bank-transfer,0,1,64.0,62.2,4435.82,1,1,376.2,0,0
C01373,40,month-to-month,fiber,credit-card,0,2,51.0,74.44,2749.86,1,0,89.6,1,1
C01374,35,one-year,none,credit-card,0,4,62.0,39.94,1472.06,0,0,,0,0
C01375,20,month-to-month,fiber,bank-transfer,1,1,29.0,63.05,1361.55,1,0,247.6,1,1
C01376,72,month-to-month,fiber,electronic-check,1,1,44.0,60.41,4359.34,0,0,276.2,0,0
C01377,16,month-to-month,none,bank-transfer,0,3,35.0,26.18,419.35,0,0,0.0,0,0
C01378,9,two-year,fiber,credit-card,0,3,35.0,80.21,677.58,2,0,244.5,0,0
C01379,13,month-to-month,dsl,credit-card,1,1,21.0,38.58,539.44,1,0,95.1,0,0
C01380,48,month-to-month,dsl,electronic-check,0,3,46.0,46.87,2337.25,0,1,85.1,0,0
C01381,25,month-to-month,dsl,bank-transfer,0,1,59.0,47.26,1234.61,2,0,103.8,0,0
C01382,22,month-to-month,fiber,electronic-check,0,2,64.0,69.46,,1,0,230.3,0,0
C01383,16,month-to-month,fiber,electronic-check,0,2,29.0,68.89,1200.55,2,1,282.9,1,1
C01384,21,month-to-month,none,bank-transfer,0,1,38.0,26.67,598.55,0,0,0.0,0,0
C01385,15,month-to-month,none,bank-transfer,0,3,34.0,29.59,418.36,1,0,0.0,1,1
C01386,38,month-to-month,fiber,mailed-check,0,1,33.0,59.76,2354.28,3,0,194.6,1,0
C01387,19,two-year,fiber,mailed-check,0,1,41.0,66.37,1301.63,1,1,259.8,0,0
C01388,14,one-year,dsl,bank-transfer,0,4,45.0,54.78,809.85,1,1,89.5,0,0
C01389,46,two-year,fiber,electronic-check,1,2,41.0,77.08,3302.09,1,0,190.3,0,0
C01390,10,month-to-month,none,credit-card,0,1,24.0,20.18,203.26,1,0,0.0,0,0
C01391,25,month-to-month,none,credit-card,0,2,60.0,16.77,417.99,0,0,0.0,0,0
C01392,3,month-to-month,fiber,bank-transfer,1,1,48.0,66.24,184.53,1,0,213.9,0,0
C01393,6,two-year,none,electronic-check,0,2,51.0,18.64,117.98,0,0,,0,0
C01394,17,month-to-month,none,mailed-check,0,2,52.0,33.22,511.73,2,0,0.0,0,0
C01395,15,month-to-month,dsl,electronic-check,1,4,54.0,59.21,813.6,0,1,78.3,0,0
C01396,15,two-year,none,electronic-check,0,2,47.0,30.04,469.76,1,1,0.0,0,0
C01397,40,two-year,fiber,credit-card,1,1,33.0,60.05,2602.86,0,0,105.3,0,0
C01398,42,month-to-month,none,mailed-check,0,3,68.0,28.45,1093.39,0,0,0.0,0,0
C01399,29,one-year,fiber,credit-card,1,2,55.0,73.32,2144.4,4,0,225.6,0,0
C01400,9,month-to-month,dsl,mailed-check,0,1,32.0,43.74,402.44,0,1,40.2,1,1
C01401,21,month-to-month,dsl,credit-card,0,2,32.0,42.87,890.3,0,1,194.7,0,0
C01402,72,month-to-month,fiber,credit-card,0,2,75.0,75.74,5427.44,1,1,488.8,0,0
C01403,72,two-year,dsl,electronic-check,0,2,43.0,52.26,3727.08,0,1,109.8,0,0
C01404,46,month-to-month,dsl,credit-card,0,1,,36.4,1786.7,0,0,136.2,0,0
C01405,10,one-year,dsl,credit-card,0,2,37.0,47.1,509.66,1,0,111.2,0,0
C01406,21,month-to-month,dsl,electronic-check,1,1,52.0,38.44,738.42,1,0,73.6,0,0
C01407,28,one-year,fiber,electronic-check,0,1,38.0,61.11,1576.52,1,0,103.6,0,0
C01408,25,one-year,fiber,credit-card,0,1,47.0,61.39,1522.65,3,0,146.6,0,0
C01409,49,one-year,fiber,bank-transfer,1,3,80.0,73.1,3688.8,0,0,189.4,0,0
C01410,39,two-year,none,electronic-check,0,1,21.0,15.0,602.19,0,1,0.0,0,0
C01411,9,one-year,dsl,credit-card,0,2,39.0,46.67,447.67,0,1,57.0,0,0
C01412,14,one-year,dsl,bank-transfer,1,1,46.0,52.71,797.01,1,0,76.0,0,0
C01413,46,month-to-month,dsl,electronic-check,1,1,19.0,58.79,2691.12,1,1,92.8,0,0
C01414,60,two-year,dsl,mailed-check,0,3,53.0,45.88,2932.35,0,1,114.1,0,0
C01415,28,month-to-month,fiber,bank-transfer,0,2,58.0,78.63,2193.09,0,0,224.6,0,0
C01416,65,month-to-month,fiber,electronic-check,0,2,24.0,87.89,6261.78,3,0,202.6,1,1
C01417,26,month-to-month,dsl,bank-transfer,1,2,44.0,48.43,1234.02,0,1,310.7,0,0
C01418,11,month-to-month,fiber,electronic-check,0,2,48.0,74.09,783.06,2,3,194.3,1,1
C01419,37,one-year,none,electronic-check,0,2,54.0,33.12,1289.74,1,2,0.0,0,0
C01420,72,month-to-month,fiber,bank-transfer,0,5,85.0,81.51,5426.21,0,0,204.0,0,0
C01421,7,month-to-month,dsl,credit-card,0,1,34.0,52.6,395.95,1,0,93.6,0,0
C01422,63,two-year,fiber,mailed-check,0,2,53.0,68.47,4575.35,1,0,371.8,0,0
C01423,35,two-year,dsl,electronic-check,0,3,43.0,62.66,2313.37,0,0,74.7,0,0
C01424,13,month-to-month,none,electronic-check,0,1,41.0,32.13,406.57,2,0,,0,0
C01425,3,two-year,fiber,bank-transfer,0,3,45.0,85.07,259.02,4,0,285.8,0,0
C01426,2,month-to-month,fiber,credit-card,0,2,51.0,67.49,147.8,2,0,132.6,1,1
C01427,15,month-to-month,dsl,bank-transfer,0,2,45.0,54.79,761.78,0,0,27.5,0,0
C01428,31,two-year,fiber,bank-transfer,0,3,49.0,71.25,2121.6,3,0,309.6,0,0
C01429,44,one-year,fiber,bank-transfer,1,2,44.0,60.88,2880.67,1,1,,0,0
C01430,51,one-year,dsl,credit-card,1,4,31.0,58.23,3075.37,0,1,139.7,0,0
C01431,29,month-to-month,fiber,electronic-check,0,1,57.0,71.54,1914.96,3,1,282.0,0,0
C01432,26,month-to-month,fiber,bank-transfer,0,2,60.0,67.82,1800.89,1,1,357.6,1,1
C01433,18,month-to-month,fiber,electronic-check,1,2,60.0,81.65,1398.72,0,0,485.4,0,0
C01434,32,two-year,dsl,credit-card,0,2,55.0,50.62,1747.39,0,1,128.6,0,0
C01435,13,month-to-month,none,bank-transfer,0,1,33.0,15.0,202.58,0,1,0.0,0,0
C01436,8,month-to-month,fiber,credit-card,0,3,31.0,72.81,584.22,3,0,180.8,1,1
C01437,25,month-to-month,fiber,electronic-check,0,5,59.0,79.88,1975.9,1,0,435.0,1,1
C01438,41,one-year,dsl,electronic-check,0,1,27.0,55.54,2340.79,0,1,117.8,0,0
C01439,6,month-to-month,none,bank-transfer,0,1,35.0,24.04,156.95,1,0,0.0,1,1
C01440,15,one-year,fiber,mailed-check,1,2,77.0,69.51,983.34,2,0,417.6,0,0
C01441,24,month-to-month,dsl,bank-transfer,0,4,53.0,65.96,1572.13,2,0,153.9,0,0
C01442,24,month-to-month,dsl,bank-transfer,0,3,47.0,48.82,1157.71,4,0,105.2,0,0
C01443,35,month-to-month,fiber,electronic-check,0,3,18.0,65.92,2524.54,2,0,99.2,0,0
C01444,72,month-to-month,fiber,bank-transfer,0,1,35.0,54.95,3747.9,1,0,497.5,0,0
C01445,2,one-year,dsl,electronic-check,1,2,58.0,35.38,67.73,1,0,70.2,0,0
C01446,72,two-year,fiber,mailed-check,0,3,23.0,66.51,5249.84,0,1,296.2,0,0
C01447,72,month-to-month,fiber,electronic-check,1,2,51.0,74.52,5454.93,5,1,350.7,0,0
C01448,44,month-to-month,dsl,credit-card,0,1,24.0,50.84,2395.82,0,0,31.4,0,0
C01449,28,month-to-month,fiber,credit-card,1,4,36.0,73.06,2221.42,0,0,211.2,0,0
C01450,14,two-year,fiber,mailed-check,1,4,21.0,63.93,828.48,1,1,272.9,1,0
C01451,44,two-year,fiber,credit-card,0,1,46.0,61.76,2936.12,2,0,1125.8,0,0
C01452,29,one-year,none,bank-transfer,0,2,19.0,29.0,893.7,3,1,0.0,0,0
C01453,18,month-to-month,dsl,mailed-check,0,4,44.0,66.67,1084.6,0,0,57.2,0,0
C01454,43,month-to-month,fiber,electronic-check,0,3,55.0,76.95,3373.22,1,0,455.5,1,1
C01455,48,two-year,fiber,credit-card,0,1,48.0,56.95,2761.9,0,0,522.6,0,0
C01456,60,month-to-month,none,electronic-check,0,1,52.0,25.82,1464.45,0,1,0.0,0,0
C01457,12,one-year,dsl,bank-transfer,1,4,48.0,63.16,752.21,1,0,92.9,0,0
C01458,54,two-year,dsl,mailed-check,1,1,44.0,50.92,2606.95,0,0,116.8,0,0
C01459,18,one-year,fiber,electronic-check,0,1,44.0,57.87,1113.64,1,1,325.5,0,0
C01460,28,one-year,fiber,bank-transfer,1,3,49.0,79.11,2011.35,2,0,246.5,0,0
C01461,32,month-to-month,fiber,credit-card,0,1,29.0,71.95,2427.75,1,0,146.2,1,1
C01462,51,two-year,none,credit-card,0,1,39.0,15.0,723.79,1,1,0.0,0,0
C01463,40,month-to-month,none,bank-transfer,0,1,,15.07,635.31,0,0,,0,0
C01464,18,two-year,fiber,electronic-check,1,1,52.0,52.83,1023.04,2,0,190.3,0,0
C01465,2,month-to-month,dsl,bank-transfer,0,2,64.0,43.5,93.92,2,0,84.1,1,1
C01466,34,one-year,none,mailed-check,0,1,50.0,19.17,639.14,1,0,0.0,0,0
C01467,27,two-year,none,credit-card,0,4,34.0,23.42,581.98,1,0,0.0,0,0
C01468,7,one-year,dsl,bank-transfer,0,2,40.0,58.9,438.52,1,0,57.5,0,0
C01469,29,month-to-month,fiber,electronic-check,0,1,19.0,74.01,2061.58,3,2,319.2,0,0
C01470,24,month-to-month,none,electronic-check,0,3,66.0,28.96,752.13,0,0,0.0,0,0
C01471,59,two-year,fiber,bank-transfer,1,3,58.0,69.75,3861.38,3,1,179.5,1,1
C01472,72,one-year,fiber,bank-transfer,0,1,32.0,64.65,4468.77,2,0,233.9,0,0
C01473,47,month-to-month,fiber,credit-card,1,2,56.0,81.67,3904.26,2,0,223.0,0,0
C01474,23,two-year,dsl,electronic-check,1,1,55.0,50.0,1156.7,1,0,50.8,0,0
C01475,26,two-year,fiber,mailed-check,1,1,46.0,50.61,1348.6,2,1,355.6,0,0
C01476,12,two-year,dsl,electronic-check,0,3,52.0,36.97,463.06,0,0,157.5,0,0
C01477,14,one-year,none,electronic-check,0,1,54.0,15.0,209.45,0,0,0.0,0,0
C01478,22,two-year,dsl,electronic-check,0,6,51.0,69.66,1662.28,0,1,269.4,0,0
C01479,20,two-year,none,electronic-check,0,1,47.0,15.0,309.42,0,2,0.0,0,0
C01480,7,month-to-month,none,electronic-check,0,2,46.0,23.35,148.94,0,2,0.0,0,0
C01481,60,two-year,dsl,credit-card,1,2,36.0,36.59,2390.3,0,0,47.0,0,0
C01482,65,month-to-month,dsl,bank-transfer,0,1,59.0,45.06,2689.37,1,0,70.8,0,0
C01483,58,two-year,none,mailed-check,0,2,75.0,26.74,1687.8,1,1,0.0,0,0
C01484,67,one-year,dsl,mailed-check,1,2,28.0,63.63,3872.31,0,2,107.1,0,0
C01485,72,one-year,fiber,electronic-check,1,2,46.0,68.94,4919.68,1,0,256.3,0,0
C01486,12,month-to-month,none,bank-transfer,0,1,,17.16,205.96,0,1,0.0,1,1
C01487,72,month-to-month,dsl,electronic-check,0,2,53.0,60.67,4238.01,1,1,44.7,0,0
C01488,18,month-to-month,none,credit-card,0,2,51.0,30.23,514.19,2,0,0.0,1,1
C01489,38,one-year,fiber,credit-card,0,2,47.0,70.34,2592.1,0,1,305.0,0,0
C01490,5,two-year,fiber,bank-transfer,0,3,36.0,72.57,353.86,1,1,165.7,0,0
C01491,16,month-to-month,dsl,electronic-check,1,1,38.0,58.61,887.71,0,0,57.3,0,0
C01492,48,month-to-month,dsl,bank-transfer,0,1,34.0,39.14,1848.74,0,0,118.3,0,1
C01493,39,one-year,fiber,electronic-check,0,2,19.0,58.18,2327.34,1,0,414.2,1,1
C01494,18,month-to-month,none,electronic-check,0,2,63.0,23.47,405.02,1,2,0.0,0,0
C01495,26,month-to-month,dsl,credit-card,0,3,55.0,52.47,1476.87,1,0,87.8,0,0
C01496,15,month-to-month,fiber,credit-card,0,3,64.0,84.64,1356.86,2,0,281.5,0,0
C01497,48,one-year,dsl,electronic-check,0,3,40.0,56.25,2927.43,1,0,95.0,0,0
C01498,62,one-year,fiber,mailed-check,0,2,52.0,77.32,4508.99,2,1,234.2,0,0
C01499,12,two-year,dsl,mailed-check,0,1,,24.52,318.57,0,1,43.5,0,0
C01500,24,month-to-month,fiber,credit-card,1,2,36.0,67.33,1565.04,1,0,258.9,0,0
C01501,6,month-to-month,fiber,electronic-check,1,3,76.0,86.81,504.87,0,1,370.2,0,0
C01502,29,one-year,none,electronic-check,0,5,39.0,31.37,892.21,0,1,0.0,0,0
C01503,35,two-year,fiber,credit-card,1,2,59.0,67.77,2405.65,0,0,271.5,0,0
C01504,30,month-to-month,dsl,electronic-check,0,4,49.0,66.71,1831.77,0,0,111.2,0,0
C01505,33,two-year,dsl,bank-transfer,0,2,24.0,45.96,1652.89,2,0,51.6,1,1
C01506,22,one-year,fiber,electronic-check,1,4,43.0,86.26,1734.44,2,0,,0,0
C01507,22,two-year,none,credit-card,0,2,51.0,20.17,407.64,2,2,0.0,0,0
C01508,21,month-to-month,fiber,bank-transfer,0,3,56.0,74.7,1589.28,2,1,254.8,0,0
C01509,16,month-to-month,dsl,bank-transfer,1,3,18.0,60.37,921.67,0,0,51.8,0,0
C01510,17,month-to-month,dsl,bank-transfer,0,2,31.0,41.27,691.03,0,0,38.6,0,0
C01511,34,one-year,dsl,credit-card,1,6,50.0,63.49,2155.43,0,0,111.9,0,0
C01512,60,two-year,fiber,bank-transfer,0,1,31.0,72.31,4267.17,5,0,423.3,0,0
C01513,10,month-to-month,none,bank-transfer,0,4,63.0,28.7,259.3,2,0,0.0,0,0
C01514,22,month-to-month,none,credit-card,0,1,44.0,21.01,421.57,2,0,0.0,1,1
C01515,8,month-to-month,dsl,bank-transfer,0,1,52.0,52.79,415.01,0,0,50.0,0,0
C01516,16,one-year,dsl,credit-card,0,2,64.0,50.74,834.27,1,0,69.7,0,0
C01517,18,two-year,fiber,mailed-check,0,2,,72.18,1353.11,0,0,273.6,1,1
C01518,27,month-to-month,fiber,credit-card,1,1,52.0,77.4,2085.21,2,0,169.0,0,0
C01519,27,one-year,dsl,electronic-check,1,2,47.0,68.41,1819.36,2,0,100.7,0,0
C01520,23,month-to-month,fiber,bank-transfer,0,4,47.0,81.09,1867.67,2,0,161.0,1,1
C01521,32,two-year,dsl,credit-card,0,1,42.0,41.61,1456.26,0,0,160.6,0,0
C01522,11,two-year,fiber,mailed-check,1,3,47.0,81.67,893.3,2,1,,0,0
C01523,27,month-to-month,fiber,electronic-check,0,2,18.0,63.79,1845.33,1,1,222.1,1,1
C01524,40,one-year,fiber,electronic-check,0,2,64.0,80.5,3520.44,3,0,185.5,0,0
C01525,11,two-year,fiber,credit-card,1,2,25.0,65.62,692.6,1,1,270.9,0,0
C01526,4,two-year,dsl,credit-card,0,1,72.0,41.61,161.72,1,0,45.6,0,0
C01527,48,one-year,dsl,credit-card,1,2,31.0,41.79,2102.78,0,0,95.2,0,0
C01528,8,month-to-month,fiber,bank-transfer,1,1,,58.21,485.0,3,1,189.2,0,0
C01529,15,one-year,fiber,mailed-check,1,2,51.0,79.44,1127.42,1,0,275.2,1,0
C01530,39,one-year,fiber,bank-transfer,0,3,49.0,77.74,3107.78,3,0,186.6,0,0
C01531,10,month-to-month,dsl,bank-transfer,1,1,52.0,44.58,444.49,0,0,156.8,0,0
C01532,46,two-year,fiber,credit-card,0,1,50.0,81.4,4051.86,0,0,246.3,0,0
C01533,13,month-to-month,dsl,bank-transfer,0,1,43.0,45.95,655.81,1,0,75.2,1,1
C01534,12,two-year,dsl,credit-card,0,3,39.0,54.86,611.63,0,0,76.8,0,0
C01535,8,month-to-month,fiber,bank-transfer,0,4,54.0,71.1,533.08,2,0,216.6,0,0
C01536,13,month-to-month,fiber,mailed-check,0,2,35.0,63.53,802.79,2,0,340.3,0,0
C01537,36,month-to-month,fiber,electronic-check,0,5,47.0,77.51,2987.44,1,1,255.9,1,1
C01538,15,one-year,fiber,credit-card,0,2,20.0,64.51,1063.22,0,0,216.7,1,1
C01539,48,two-year,fiber,credit-card,1,4,49.0,76.26,3775.97,1,0,359.2,0,0
C01540,24,month-to-month,none,electronic-check,0,2,46.0,22.72,585.73,0,2,0.0,1,1
C01541,26,month-to-month,fiber,credit-card,0,1,44.0,70.6,1796.1,1,2,178.0,1,1
C01542,12,two-year,fiber,mailed-check,0,2,71.0,69.8,800.79,5,1,280.7,0,0
C01543,53,one-year,none,electronic-check,0,2,67.0,39.31,1932.91,1,1,0.0,0,0
C01544,40,month-to-month,none,bank-transfer,0,3,59.0,35.04,1303.31,0,0,0.0,0,0
C01545,40,two-year,dsl,electronic-check,0,1,58.0,39.35,1540.88,0,0,171.8,0,0
C01546,21,month-to-month,dsl,credit-card,0,2,47.0,53.62,1037.37,1,0,45.0,0,0
C01547,7,month-to-month,fiber,credit-card,1,4,50.0,81.21,533.32,1,0,294.6,0,0
C01548,27,month-to-month,none,electronic-check,0,1,51.0,31.17,910.78,2,0,0.0,1,1
C01549,35,one-year,dsl,credit-card,0,2,54.0,56.57,2073.01,3,0,67.1,0,0
C01550,35,month-to-month,dsl,credit-card,0,2,46.0,50.54,1670.03,0,0,85.8,0,0
C01551,32,two-year,fiber,mailed-check,0,4,,93.99,2763.59,1,0,338.4,0,0
C01552,31,month-to-month,fiber,electronic-check,0,1,46.0,69.46,2095.37,0,3,145.7,0,0
C01553,13,two-year,dsl,credit-card,0,1,51.0,49.81,598.18,0,0,48.7,0,0
C01554,14,month-to-month,fiber,mailed-check,0,2,59.0,82.03,1039.33,0,1,171.8,1,1
C01555,8,month-to-month,dsl,credit-card,0,2,35.0,56.85,483.48,0,0,97.8,0,0
C01556,48,month-to-month,fiber,electronic-check,1,2,47.0,71.73,3749.09,2,1,119.0,0,0
C01557,72,month-to-month,dsl,bank-transfer,0,2,46.0,49.38,3558.75,0,0,298.6,0,0
C01558,72,month-to-month,fiber,bank-transfer,0,5,30.0,68.85,5307.49,2,0,175.1,0,0
C01559,28,two-year,none,electronic-check,0,5,66.0,25.23,694.56,1,1,0.0,0,0
C01560,31,two-year,dsl,credit-card,1,6,,69.06,2336.57,1,0,46.1,0,0
C01561,21,one-year,dsl,mailed-check,0,3,66.0,50.56,1122.45,1,0,115.5,0,0
C01562,28,month-to-month,fiber,credit-card,1,3,25.0,75.15,2246.21,0,0,190.1,1,1
C01563,10,two-year,dsl,mailed-check,0,3,23.0,63.14,593.25,0,0,118.6,0,0
C01564,21,month-to-month,fiber,credit-card,0,2,40.0,63.82,1386.33,2,0,295.9,0,0
C01565,12,one-year,fiber,credit-card,1,2,51.0,57.39,,2,0,642.9,0,0
C01566,19,one-year,fiber,credit-card,0,1,51.0,54.61,1122.51,0,0,,0,0
C01567,13,month-to-month,fiber,bank-transfer,0,1,64.0,57.13,809.53,3,0,241.9,1,1
C01568,35,month-to-month,none,electronic-check,0,1,33.0,15.0,575.64,1,2,0.0,0,0
C01569,38,two-year,fiber,electronic-check,1,3,59.0,75.35,2808.6,1,0,88.9,0,0
C01570,30,month-to-month,none,electronic-check,0,2,20.0,37.31,1049.59,1,0,0.0,0,0
C01571,14,one-year,none,bank-transfer,0,3,30.0,34.92,464.59,0,0,0.0,0,0
C01572,8,two-year,dsl,bank-transfer,1,2,41.0,55.51,447.96,1,0,129.2,0,0
C01573,38,month-to-month,fiber,bank-transfer,0,2,28.0,71.75,2868.28,0,1,270.2,0,0
C01574,24,month-to-month,dsl,electronic-check,1,2,53.0,40.09,936.61,1,0,86.5,0,0
C01575,4,month-to-month,none,mailed-check,0,2,35.0,42.93,161.83,2,2,0.0,0,0
C01576,27,two-year,fiber,bank-transfer,1,2,60.0,67.46,1644.49,1,0,172.3,0,0
C01577,31,month-to-month,fiber,bank-transfer,1,1,58.0,71.21,2128.56,0,0,374.1,0,0
C01578,5,month-to-month,fiber,bank-transfer,0,2,35.0,52.1,246.28,3,2,296.1,0,0
C01579,35,month-to-month,fiber,credit-card,1,3,40.0,74.29,2828.25,0,0,559.8,0,0
C01580,6,two-year,fiber,electronic-check,0,3,44.0,73.62,477.96,2,0,221.3,0,0
C01581,13,two-year,fiber,credit-card,0,3,65.0,72.86,906.83,2,1,767.4,0,0
C01582,6,one-year,dsl,electronic-check,0,5,31.0,53.79,313.46,1,1,71.5,1,1
C01583,11,two-year,dsl,credit-card,0,5,18.0,66.59,698.88,1,0,111.2,0,0
C01584,8,one-year,fiber,credit-card,1,2,39.0,79.76,617.89,2,1,183.6,0,0
C01585,48,two-year,none,credit-card,0,2,31.0,41.8,1963.78,2,0,0.0,0,0
C01586,20,month-to-month,fiber,bank-transfer,0,2,22.0,83.19,1572.12,1,0,190.7,0,0
C01587,17,month-to-month,fiber,electronic-check,0,3,44.0,85.12,1316.8,1,1,943.9,1,1
C01588,51,two-year,fiber,mailed-check,0,4,,93.67,5043.02,0,0,274.6,0,0
C01589,50,month-to-month,fiber,bank-transfer,0,1,50.0,79.61,,0,0,238.8,1,1
C01590,18,month-to-month,dsl,credit-card,0,2,27.0,42.61,820.88,3,1,56.4,1,1
C01591,30,one-year,fiber,electronic-check,1,1,89.0,67.01,2186.35,3,1,91.3,0,0
C01592,15,one-year,none,electronic-check,0,2,,15.0,227.9,0,1,0.0,0,0
C01593,22,month-to-month,none,electronic-check,0,2,34.0,29.31,650.72,0,1,0.0,0,0
C01594,9,month-to-month,fiber,bank-transfer,0,2,33.0,68.03,576.06,2,0,358.5,0,0
C01595,33,month-to-month,dsl,electronic-check,1,3,42.0,53.76,1750.97,0,2,23.5,0,0
C01596,53,month-to-month,dsl,credit-card,1,3,56.0,52.81,2772.49,1,0,52.4,0,0
C01597,47,month-to-month,none,credit-card,0,4,38.0,15.03,749.96,0,0,,0,0
C01598,25,month-to-month,fiber,mailed-check,0,1,28.0,49.73,1207.0,3,0,501.4,0,0
C01599,3,one-year,dsl,credit-card,0,2,23.0,56.85,164.63,1,0,86.2,0,0
C01600,14,month-to-month,fiber,bank-transfer,1,3,45.0,69.61,1069.27,1,0,271.4,0,0
C01601,22,month-to-month,fiber,credit-card,0,5,34.0,93.18,2068.76,2,0,141.9,1,1
C01602,7,one-year,none,credit-card,0,1,49.0,18.71,137.09,1,0,0.0,0,0
C01603,6,month-to-month,fiber,mailed-check,0,3,18.0,62.31,384.52,0,0,202.1,0,0
C01604,63,month-to-month,fiber,credit-card,1,3,52.0,63.8,4118.36,2,0,565.4,0,0
C01605,43,month-to-month,fiber,bank-transfer,0,3,40.0,69.63,3014.19,0,0,89.6,0,0
C01606,35,one-year,none,electronic-check,0,1,19.0,15.0,494.68,3,0,0.0,0,0
C01607,39,month-to-month,fiber,credit-card,0,1,50.0,64.29,2389.43,0,0,174.4,1,1
C01608,8,month-to-month,fiber,credit-card,0,2,52.0,72.02,620.63,4,0,225.4,0,0
C01609,11,one-year,dsl,bank-transfer,0,3,33.0,57.72,651.07,0,1,81.1,0,0
C01610,28,two-year,fiber,credit-card,0,1,55.0,66.83,1961.19,3,0,193.4,0,0
C01611,30,one-year,fiber,credit-card,1,3,25.0,82.07,2680.54,1,0,144.5,0,0
C01612,6,two-year,dsl,electronic-check,0,2,18.0,58.02,329.36,0,1,41.3,0,0
C01613,27,one-year,none,credit-card,0,2,42.0,17.56,520.81,0,0,0.0,0,0
C01614,23,month-to-month,dsl,electronic-check,1,1,32.0,30.08,662.9,0,1,83.2,0,0
C01615,46,month-to-month,fiber,mailed-check,0,1,26.0,59.57,2594.77,0,0,148.7,0,0
C01616,30,month-to-month,fiber,credit-card,1,2,54.0,70.67,1975.82,1,0,355.7,0,0
C01617,67,month-to-month,dsl,credit-card,0,1,48.0,40.8,2854.39,2,0,138.5,0,0
C01618,18,month-to-month,fiber,credit-card,0,5,70.0,90.06,1646.95,2,1,253.1,0,0
C01619,9,month-to-month,dsl,credit-card,1,3,51.0,44.34,435.18,0,0,53.9,0,0
C01620,66,one-year,dsl,bank-transfer,0,1,53.0,57.64,3588.29,1,0,143.6,0,0
C01621,31,one-year,none,bank-transfer,0,1,32.0,26.27,787.66,0,0,0.0,0,0
C01622,23,month-to-month,fiber,credit-card,0,2,18.0,66.92,1444.88,0,1,158.0,0,0
C01623,11,month-to-month,none,bank-transfer,0,4,75.0,28.89,308.22,0,0,0.0,0,0
C01624,18,month-to-month,fiber,credit-card,0,2,52.0,68.78,1209.8,1,0,143.9,1,1
C01625,17,month-to-month,dsl,electronic-check,0,3,69.0,64.18,987.24,1,0,129.1,0,0
C01626,8,month-to-month,fiber,bank-transfer,0,2,27.0,66.81,512.01,2,0,190.6,0,0
C01627,2,month-to-month,dsl,electronic-check,0,3,60.0,50.35,107.76,0,1,302.6,1,1
C01628,17,month-to-month,fiber,electronic-check,0,3,49.0,74.96,1176.39,2,0,283.6,0,0
C01629,40,two-year,fiber,bank-transfer,1,2,61.0,59.96,,2,1,267.3,0,0
C01630,56,month-to-month,fiber,electronic-check,0,1,54.0,73.6,3825.01,2,1,282.5,0,0
C01631,47,one-year,fiber,credit-card,1,2,42.0,74.97,3655.36,2,0,186.6,1,0
C01632,49,month-to-month,none,electronic-check,0,1,49.0,27.25,1246.62,1,1,0.0,0,0
C01633,9,month-to-month,none,bank-transfer,0,1,40.0,31.08,291.74,0,0,0.0,0,0
C01634,29,month-to-month,dsl,bank-transfer,1,4,58.0,53.67,1471.12,1,0,70.6,1,0
C01635,35,two-year,dsl,bank-transfer,0,4,33.0,60.12,1904.06,1,0,139.2,0,0
C01636,36,month-to-month,fiber,electronic-check,0,3,34.0,74.24,2625.04,1,0,493.1,0,0
C01637,22,month-to-month,fiber,electronic-check,1,2,43.0,82.67,1683.3,2,2,705.2,1,1
C01638,26,two-year,fiber,credit-card,1,1,54.0,61.68,1467.96,2,0,200.2,0,0
C01639,46,month-to-month,dsl,bank-transfer,0,1,,30.68,1457.51,1,0,118.2,0,0
C01640,34,month-to-month,none,credit-card,0,3,40.0,26.32,908.96,1,0,0.0,0,0
C01641,39,one-year,fiber,credit-card,0,2,61.0,77.09,3150.06,2,0,549.5,0,0
C01642,16,month-to-month,fiber,credit-card,0,1,54.0,69.26,1015.73,3,0,230.0,0,0
C01643,37,two-year,fiber,electronic-check,1,1,38.0,64.25,2256.14,2,5,355.9,0,0
C01644,26,month-to-month,dsl,electronic-check,0,2,29.0,46.96,1246.27,0,3,124.0,0,0
C01645,43,one-year,fiber,electronic-check,0,2,,72.73,3331.87,0,0,316.8,0,0
C01646,13,month-to-month,fiber,bank-transfer,0,1,36.0,69.53,886.08,1,0,182.2,1,1
C01647,40,two-year,fiber,electronic-check,1,1,33.0,66.74,2655.12,2,1,,0,0
C01648,18,two-year,fiber,mailed-check,1,3,56.0,72.21,1258.86,2,0,394.9,0,0
C01649,40,two-year,dsl,credit-card,0,2,62.0,49.75,2084.79,1,0,69.7,0,0
C01650,29,two-year,none,electronic-check,0,1,44.0,15.63,414.9,1,1,0.0,0,0
C01651,25,one-year,fiber,bank-transfer,0,1,45.0,73.27,1971.28,0,0,236.9,0,0
C01652,19,month-to-month,fiber,credit-card,1,1,34.0,63.95,1317.1,1,1,233.7,1,1
C01653,23,month-to-month,fiber,mailed-check,0,6,29.0,82.52,1819.23,2,0,202.4,1,1
C01654,17,month-to-month,dsl,credit-card,0,1,,63.08,1126.56,1,1,83.7,0,0
C01655,19,month-to-month,dsl,mailed-check,0,1,26.0,39.17,740.63,0,0,103.2,0,0
C01656,33,month-to-month,dsl,electronic-check,0,1,36.0,37.85,1222.59,0,3,54.3,0,0
C01657,5,one-year,dsl,mailed-check,1,1,35.0,35.37,165.37,2,0,50.3,0,0
C01658,40,one-year,none,electronic-check,0,1,51.0,15.0,657.85,0,1,0.0,0,0
C01659,41,two-year,fiber,electronic-check,0,2,42.0,75.97,3268.59,2,0,306.6,0,0
C01660,19,month-to-month,fiber,bank-transfer,0,2,36.0,57.35,1164.44,2,1,210.9,1,1
C01661,27,one-year,fiber,bank-transfer,1,1,65.0,66.29,1804.21,2,0,189.0,0,0
C01662,10,one-year,dsl,mailed-check,0,1,69.0,40.34,406.07,2,1,134.1,1,1
C01663,32,two-year,fiber,bank-transfer,1,5,51.0,78.51,2689.17,1,0,138.8,1,1
C01664,12,one-year,none,bank-transfer,0,4,47.0,21.09,249.27,2,0,0.0,0,0
C01665,1,month-to-month,dsl,mailed-check,1,3,37.0,54.65,59.91,2,0,61.3,0,0
C01666,54,month-to-month,none,bank-transfer,0,2,45.0,15.0,840.32,1,1,0.0,0,0
C01667,9,two-year,none,electronic-check,0,4,27.0,32.75,297.41,0,0,0.0,0,0
C01668,22,one-year,dsl,credit-card,1,2,60.0,52.73,1247.54,0,0,46.9,0,0
C01669,27,two-year,none,credit-card,0,2,43.0,15.0,382.28,2,0,0.0,0,0
C01670,33,one-year,dsl,electronic-check,1,3,35.0,60.55,1815.93,0,2,103.9,0,0
C01671,24,one-year,fiber,bank-transfer,0,1,40.0,49.18,1156.94,2,0,302.1,0,0
C01672,29,one-year,dsl,electronic-check,0,1,56.0,59.53,1610.0,0,1,206.6,0,0
C01673,19,two-year,none,credit-card,0,3,41.0,28.45,500.26,0,0,0.0,0,0
C01674,6,two-year,dsl,credit-card,1,1,33.0,38.1,207.68,1,0,87.6,0,0
C01675,23,month-to-month,dsl,mailed-check,0,2,18.0,51.64,1274.5,2,1,189.3,1,1
C01676,37,month-to-month,fiber,bank-transfer,1,2,44.0,62.79,2297.42,2,0,85.4,0,0
C01677,10,month-to-month,none,bank-transfer,0,1,51.0,15.0,144.13,0,0,0.0,0,0
C01678,28,month-to-month,fiber,credit-card,1,4,38.0,89.11,2698.72,2,0,262.4,1,1
C01679,72,two-year,dsl,mailed-check,0,1,33.0,42.22,2905.64,1,0,86.4,0,0
C01680,22,two-year,dsl,mailed-check,0,2,28.0,50.61,1007.42,2,0,79.6,0,0
C01681,23,month-to-month,dsl,bank-transfer,1,3,39.0,53.68,1283.75,2,0,107.5,0,0
C01682,5,month-to-month,fiber,credit-card,1,1,28.0,58.36,272.55,4,1,195.1,1,1
C01683,9,month-to-month,dsl,mailed-check,0,2,28.0,41.06,397.84,2,0,55.7,0,0
C01684,12,two-year,fiber,mailed-check,1,4,38.0,85.84,1086.46,2,0,259.7,0,0
C01685,36,one-year,fiber,bank-transfer,0,2,73.0,74.1,2452.36,0,1,356.2,0,0
C01686,11,month-to-month,fiber,electronic-check,1,3,80.0,74.65,884.3,0,0,235.0,0,0
C01687,31,month-to-month,dsl,bank-transfer,1,2,63.0,58.17,1704.87,2,0,114.6,0,0
C01688,13,one-year,fiber,credit-card,0,5,55.0,84.4,990.17,1,1,358.4,0,0
C01689,5,month-to-month,fiber,electronic-check,0,1,18.0,73.94,346.44,4,0,348.4,1,1
C01690,39,two-year,none,electronic-check,0,3,85.0,41.81,1544.15,1,1,0.0,0,0
C01691,17,two-year,dsl,bank-transfer,0,3,51.0,63.66,1056.01,1,0,122.8,0,0
C01692,33,month-to-month,none,electronic-check,0,1,29.0,23.28,730.7,0,0,0.0,0,0
C01693,5,month-to-month,dsl,bank-transfer,0,1,85.0,36.92,189.62,2,0,31.0,0,0
C01694,2,month-to-month,fiber,mailed-check,0,1,44.0,68.55,134.0,1,1,174.5,0,1
C01695,26,month-to-month,dsl,credit-card,0,3,58.0,51.21,1318.18,1,0,78.6,0,0
C01696,9,month-to-month,fiber,mailed-check,1,2,40.0,75.76,706.44,0,0,377.2,0,0
C01697,25,month-to-month,none,credit-card,0,3,54.0,42.92,1084.31,1,1,0.0,0,0
C01698,26,month-to-month,fiber,credit-card,1,1,55.0,64.28,1581.82,1,1,407.9,0,0
C01699,23,two-year,none,electronic-check,0,2,58.0,16.04,396.85,2,0,0.0,0,0
C01700,48,month-to-month,dsl,credit-card,0,2,64.0,55.61,2432.11,0,0,270.0,1,1
C01701,31,two-year,none,credit-card,0,2,47.0,24.93,781.77,0,0,0.0,0,0
C01702,72,month-to-month,fiber,electronic-check,0,4,48.0,92.29,6508.31,0,2,179.3,0,0
C01703,18,month-to-month,dsl,bank-transfer,1,3,44.0,55.43,1055.93,1,0,109.5,0,0
C01704,7,month-to-month,fiber,electronic-check,0,1,29.0,64.44,495.69,0,2,378.7,1,1
C01705,13,month-to-month,none,credit-card,0,2,31.0,25.77,341.06,2,0,0.0,1,1
C01706,19,month-to-month,fiber,bank-transfer,0,2,40.0,72.46,1354.53,1,0,454.5,0,0
C01707,72,two-year,fiber,bank-transfer,0,5,64.0,69.15,4982.04,1,1,194.1,0,0
C01708,25,two-year,dsl,bank-transfer,0,1,52.0,38.51,960.11,1,0,99.6,0,0
C01709,50,month-to-month,dsl,bank-transfer,0,2,44.0,58.86,3080.54,1,0,53.8,0,0
C01710,17,month-to-month,dsl,bank-transfer,0,3,41.0,49.78,762.56,0,0,153.5,1,1
C01711,15,month-to-month,dsl,bank-transfer,0,1,27.0,44.77,715.29,0,0,35.6,0,0
C01712,5,one-year,fiber,credit-card,1,1,32.0,63.17,315.03,2,0,242.5,0,0
C01713,72,month-to-month,dsl,electronic-check,0,2,47.0,44.51,3212.18,0,0,70.1,0,0
C01714,61,month-to-month,fiber,bank-transfer,0,2,45.0,68.71,4471.0,1,0,370.3,0,0
C01715,28,two-year,dsl,bank-transfer,1,3,57.0,46.83,1187.86,1,1,72.8,0,0
C01716,19,two-year,fiber,credit-card,1,1,42.0,53.15,1095.35,3,0,466.1,0,0
C01717,25,one-year,fiber,mailed-check,1,1,54.0,66.65,1519.58,1,0,216.3,0,0
C01718,7,month-to-month,none,credit-card,0,4,,47.89,328.86,2,1,0.0,0,0
C01719,33,month-to-month,none,mailed-check,0,2,31.0,30.98,1107.49,2,0,0.0,0,0
C01720,58,month-to-month,none,credit-card,0,1,49.0,26.14,1638.78,0,2,0.0,0,0
C01721,60,one-year,dsl,mailed-check,0,4,45.0,68.43,3954.88,1,0,117.9,0,0
C01722,5,one-year,fiber,bank-transfer,1,1,56.0,66.64,304.33,3,0,113.0,0,0
C01723,49,month-to-month,fiber,bank-transfer,0,3,63.0,75.19,3762.01,0,0,187.6,0,0
C01724,7,two-year,fiber,credit-card,1,1,63.0,58.13,425.8,0,0,194.9,0,0
C01725,2,month-to-month,dsl,mailed-check,0,1,69.0,51.31,110.93,0,1,125.4,0,0
C01726,51,one-year,fiber,credit-card,0,3,72.0,77.22,3571.9,2,2,450.3,0,0
C01727,15,month-to-month,none,electronic-check,0,2,40.0,19.49,280.32,0,3,0.0,0,0
C01728,46,month-to-month,fiber,credit-card,0,2,79.0,67.48,3290.17,3,0,214.8,0,0
C01729,43,month-to-month,fiber,electronic-check,0,2,88.0,60.99,2779.81,1,0,253.0,0,0
C01730,39,one-year,none,electronic-check,0,1,25.0,24.2,958.49,0,1,0.0,0,0
C01731,25,month-to-month,fiber,bank-transfer,1,1,36.0,77.36,1764.72,4,0,239.7,0,0
C01732,8,month-to-month,fiber,electronic-check,0,1,50.0,55.96,455.44,3,3,179.5,1,1
C01733,19,one-year,dsl,electronic-check,0,2,48.0,58.36,1180.94,1,0,50.5,0,0
C01734,60,one-year,none,bank-transfer,0,1,20.0,29.67,1609.54,1,1,0.0,0,0
C01735,47,one-year,fiber,credit-card,1,1,31.0,55.7,2467.11,0,0,,0,0
C01736,19,one-year,fiber,bank-transfer,1,1,48.0,48.46,984.98,1,0,272.2,0,0
C01737,19,one-year,fiber,electronic-check,0,2,42.0,70.5,1268.33,1,0,181.9,0,0
C01738,37,one-year,dsl,credit-card,0,2,54.0,48.61,1639.58,0,1,123.5,0,0
C01739,26,month-to-month,fiber,electronic-check,0,2,74.0,68.24,1852.01,1,1,82.3,0,0
C01740,20,month-to-month,dsl,credit-card,1,2,26.0,59.01,1245.05,0,0,60.1,0,0
C01741,35,month-to-month,dsl,mailed-check,0,1,80.0,42.18,1446.63,2,0,82.4,1,1
C01742,34,month-to-month,none,electronic-check,0,2,73.0,44.35,1574.65,1,0,0.0,0,0
C01743,14,month-to-month,dsl,bank-transfer,0,1,19.0,32.71,464.48,1,0,93.6,1,1
C01744,30,month-to-month,dsl,electronic-check,1,1,27.0,38.06,1083.91,0,1,146.7,1,1
C01745,32,month-to-month,dsl,electronic-check,0,2,39.0,43.02,1353.51,0,1,189.1,0,0
C01746,24,one-year,fiber,credit-card,0,1,31.0,63.5,1557.65,3,0,314.3,1,1
C01747,13,one-year,fiber,bank-transfer,1,4,54.0,91.36,1270.73,2,1,266.0,0,0
C01748,18,one-year,dsl,bank-transfer,1,3,55.0,46.07,786.08,0,0,117.7,0,0
C01749,10,two-year,fiber,bank-transfer,0,3,47.0,67.77,627.57,1,0,237.6,0,0
C01750,31,month-to-month,fiber,bank-transfer,0,2,51.0,64.92,2160.81,0,0,455.4,1,1
C01751,5,month-to-month,fiber,bank-transfer,1,3,43.0,74.28,405.0,1,1,244.7,0,0
C01752,64,month-to-month,fiber,credit-card,0,2,51.0,71.29,4153.99,1,0,227.2,0,0
C01753,56,month-to-month,fiber,credit-card,0,3,74.0,71.88,4397.44,0,0,320.4,0,0
C01754,33,month-to-month,dsl,credit-card,0,3,18.0,44.69,1546.17,2,0,64.5,0,0
C01755,45,two-year,dsl,credit-card,1,5,45.0,64.22,3134.38,1,1,194.1,0,0
C01756,43,month-to-month,fiber,bank-transfer,0,3,52.0,86.47,3364.83,5,0,117.7,1,1
C01757,27,month-to-month,dsl,credit-card,0,3,44.0,62.32,1831.41,1,0,53.7,1,1
C01758,21,month-to-month,fiber,credit-card,1,2,50.0,66.34,1304.3,1,0,432.7,0,0
C01759,19,month-to-month,none,electronic-check,0,3,63.0,30.57,531.94,1,1,0.0,0,0
C01760,66,one-year,dsl,electronic-check,0,4,37.0,63.99,4528.27,0,1,243.4,0,0
C01761,12,one-year,dsl,mailed-check,1,2,78.0,57.08,725.47,0,1,68.8,0,0
C01762,12,one-year,dsl,mailed-check,1,1,23.0,57.28,680.14,1,0,86.3,0,0
C01763,47,one-year,dsl,electronic-check,0,2,54.0,52.15,2621.56,1,1,105.8,0,0
C01764,44,month-to-month,fiber,electronic-check,0,3,45.0,65.62,3108.81,0,0,313.4,0,0
C01765,20,month-to-month,fiber,credit-card,1,2,49.0,57.76,1041.81,1,1,427.8,0,0
C01766,35,one-year,none,electronic-check,0,2,56.0,29.82,952.16,0,1,0.0,0,0
C01767,39,month-to-month,none,bank-transfer,0,1,,15.0,595.02,0,0,0.0,0,0
C01768,7,month-to-month,dsl,electronic-check,0,3,62.0,61.53,391.28,0,0,158.1,1,1
C01769,58,month-to-month,none,credit-card,0,1,75.0,15.23,907.99,1,0,0.0,0,0
C01770,39,one-year,fiber,mailed-check,1,4,41.0,70.28,2655.46,1,1,162.1,0,0
C01771,33,month-to-month,dsl,bank-transfer,0,2,37.0,54.11,1786.81,1,0,142.5,0,0
C01772,39,two-year,dsl,electronic-check,0,3,64.0,46.82,1978.26,1,1,160.9,0,0
C01773,31,month-to-month,fiber,mailed-check,0,2,60.0,73.78,2398.59,0,0,403.4,0,0
C01774,23,month-to-month,none,mailed-check,0,3,22.0,31.46,703.3,0,0,0.0,0,0
C01775,27,month-to-month,none,bank-transfer,0,2,53.0,15.0,437.53,1,0,0.0,1,1
C01776,7,month-to-month,none,bank-transfer,0,3,57.0,41.33,288.28,0,0,0.0,1,1
C01777,72,month-to-month,dsl,electronic-check,0,2,44.0,60.35,4241.53,1,2,83.8,0,0
C01778,22,one-year,fiber,bank-transfer,1,3,68.0,82.61,1977.41,2,1,218.5,0,0
C01779,72,month-to-month,dsl,bank-transfer,0,2,21.0,57.78,3761.45,0,1,430.5,0,0
C01780,27,month-to-month,fiber,electronic-check,1,4,18.0,74.17,2022.53,1,0,198.8,1,1
C01781,15,month-to-month,none,mailed-check,0,2,61.0,34.27,558.9,1,0,0.0,0,0
C01782,57,month-to-month,fiber,bank-transfer,0,1,33.0,71.06,4402.69,1,0,349.6,0,0
C01783,32,two-year,none,credit-card,0,2,44.0,15.0,446.97,1,1,0.0,0,0
C01784,72,month-to-month,dsl,electronic-check,0,3,28.0,47.28,3621.41,0,1,241.8,0,0
C01785,14,one-year,fiber,electronic-check,0,2,58.0,63.94,872.56,0,0,330.9,0,0
C01786,59,month-to-month,fiber,mailed-check,0,1,50.0,76.82,4777.32,1,0,225.3,0,0
C01787,61,month-to-month,dsl,electronic-check,0,1,43.0,37.27,2048.29,1,5,79.6,0,0
C01788,41,two-year,fiber,bank-transfer,0,3,26.0,70.31,2608.79,1,0,415.1,0,0
C01789,61,month-to-month,none,electronic-check,0,3,43.0,19.73,1133.35,1,0,0.0,0,0
C01790,23,two-year,fiber,mailed-check,0,2,50.0,66.18,1545.32,2,0,346.2,0,0
C01791,12,month-to-month,fiber,bank-transfer,0,2,37.0,78.28,1022.16,2,2,199.0,1,0
C01792,16,month-to-month,fiber,credit-card,1,1,38.0,53.61,911.56,0,0,193.0,1,1
C01793,26,two-year,fiber,electronic-check,0,2,45.0,73.77,1794.13,3,2,349.8,0,0
C01794,43,month-to-month,fiber,credit-card,0,3,55.0,67.98,2739.32,3,0,579.7,1,1
C01795,13,two-year,none,mailed-check,0,2,51.0,40.07,561.29,1,0,0.0,0,0
C01796,19,two-year,dsl,credit-card,0,1,63.0,45.92,914.66,1,0,78.4,0,0
C01797,14,month-to-month,none,bank-transfer,0,2,44.0,24.33,345.95,2,2,0.0,1,1
C01798,48,month-to-month,fiber,mailed-check,0,2,60.0,65.35,2853.59,2,0,94.6,0,0
C01799,72,two-year,fiber,credit-card,0,5,28.0,86.72,5803.55,3,0,456.2,0,0
C01800,10,month-to-month,fiber,credit-card,0,1,51.0,53.23,539.81,0,1,144.0,0,0
C01801,37,one-year,dsl,credit-card,1,3,,55.78,2206.3,1,0,163.1,0,0
C01802,52,month-to-month,fiber,mailed-check,0,3,80.0,70.31,3764.14,0,0,272.3,0,0
C01803,21,month-to-month,fiber,mailed-check,0,3,35.0,69.96,1467.57,2,0,727.9,1,1
C01804,7,month-to-month,dsl,bank-transfer,0,2,27.0,66.48,504.3,1,1,157.8,0,0
C01805,57,one-year,fiber,electronic-check,0,5,33.0,96.23,4991.54,3,0,309.5,0,0
C01806,6,one-year,dsl,electronic-check,0,1,36.0,56.68,315.74,0,1,93.8,1,1
C01807,68,one-year,dsl,credit-card,1,4,51.0,66.8,4299.51,1,0,68.1,0,0
C01808,13,month-to-month,dsl,credit-card,0,1,26.0,48.26,565.79,1,1,96.3,0,0
C01809,6,month-to-month,fiber,mailed-check,1,2,50.0,81.74,485.01,1,0,243.1,1,1
C01810,17,month-to-month,dsl,credit-card,1,3,46.0,57.62,958.18,0,0,44.3,0,0
C01811,24,month-to-month,fiber,bank-transfer,1,2,59.0,74.95,1668.85,2,0,489.0,1,1
C01812,28,month-to-month,fiber,credit-card,0,2,54.0,81.09,2069.52,1,0,223.9,0,0
C01813,39,one-year,fiber,electronic-check,0,1,57.0,71.53,2555.81,0,0,220.9,0,0
C01814,30,month-to-month,fiber,credit-card,0,1,52.0,68.55,2037.36,2,0,104.3,0,0
C01815,72,month-to-month,dsl,credit-card,0,2,63.0,56.37,4237.34,0,0,74.9,0,0
C01816,23,one-year,dsl,credit-card,1,2,23.0,50.89,1086.8,1,0,133.5,0,0
C01817,31,month-to-month,dsl,mailed-check,1,1,23.0,49.06,1594.18,0,0,62.9,0,0
C01818,29,two-year,fiber,credit-card,0,3,45.0,79.83,2161.69,3,0,155.5,0,0
C01819,5,month-to-month,fiber,bank-transfer,0,1,46.0,55.12,279.77,1,0,224.6,0,0
C01820,9,month-to-month,fiber,bank-transfer,0,2,30.0,64.11,556.17,3,1,270.4,1,1
C01821,26,two-year,none,bank-transfer,0,3,53.0,35.82,859.62,0,0,0.0,0,0
C01822,34,one-year,fiber,electronic-check,1,1,25.0,66.05,2356.35,1,1,478.1,0,0
C01823,3,two-year,fiber,bank-transfer,0,3,41.0,74.86,224.4,0,0,244.6,0,0
C01824,72,month-to-month,fiber,electronic-check,0,1,45.0,67.35,4831.77,2,0,131.7,0,0
C01825,36,month-to-month,dsl,bank-transfer,0,3,54.0,39.14,1400.79,2,0,68.5,0,0
C01826,25,one-year,fiber,mailed-check,1,3,37.0,73.64,1745.22,2,0,418.6,0,0
C01827,35,month-to-month,fiber,electronic-check,1,2,63.0,68.71,2345.04,0,1,144.0,0,0
C01828,16,one-year,dsl,credit-card,1,1,70.0,46.44,756.25,1,0,125.8,0,0
C01829,29,month-to-month,dsl,electronic-check,0,6,68.0,76.84,2010.75,2,0,293.0,0,0
C01830,32,month-to-month,dsl,electronic-check,0,3,72.0,52.08,1830.75,1,1,145.8,1,1
C01831,57,month-to-month,none,mailed-check,0,2,61.0,35.75,1869.76,2,0,0.0,0,0
C01832,22,one-year,none,mailed-check,0,4,54.0,27.21,651.16,1,0,0.0,0,0
C01833,7,month-to-month,dsl,electronic-check,1,2,34.0,55.55,426.2,1,0,112.1,0,0
C01834,12,two-year,none,bank-transfer,0,1,37.0,15.85,208.15,0,0,0.0,0,0
C01835,20,month-to-month,none,credit-card,0,1,59.0,29.34,634.7,0,0,0.0,0,0
C01836,7,month-to-month,fiber,mailed-check,1,2,18.0,71.77,515.23,1,0,147.0,1,1
C01837,11,month-to-month,dsl,mailed-check,0,2,65.0,40.35,424.82,0,0,47.5,0,0
C01838,12,one-year,dsl,credit-card,1,5,36.0,65.83,769.33,2,1,84.5,1,0
C01839,19,two-year,dsl,electronic-check,1,2,37.0,53.2,1081.56,0,3,63.5,0,0
C01840,36,month-to-month,dsl,credit-card,0,2,57.0,51.8,1753.84,0,0,63.0,0,0
C01841,19,month-to-month,none,credit-card,0,2,49.0,27.63,483.38,0,0,0.0,0,0
C01842,38,one-year,none,bank-transfer,0,1,39.0,18.2,641.16,1,1,0.0,0,0
C01843,25,month-to-month,fiber,bank-transfer,1,2,31.0,65.53,1775.17,1,2,175.1,0,0
C01844,11,one-year,dsl,electronic-check,1,1,22.0,31.85,348.15,1,1,91.4,0,0
C01845,32,one-year,dsl,credit-card,1,2,18.0,54.66,1900.55,1,0,64.5,1,0
C01846,29,month-to-month,none,electronic-check,0,3,67.0,34.06,1005.99,1,1,0.0,0,0
C01847,38,one-year,fiber,electronic-check,0,1,42.0,80.28,3007.43,2,0,225.9,0,0
C01848,44,one-year,fiber,electronic-check,1,4,32.0,79.67,3343.4,0,0,109.7,0,0
C01849,58,month-to-month,fiber,credit-card,0,1,56.0,67.22,3773.46,2,0,160.8,0,0
C01850,37,month-to-month,fiber,bank-transfer,1,2,33.0,71.21,2545.58,1,0,463.9,0,0
C01851,28,month-to-month,fiber,electronic-check,0,2,34.0,76.93,2059.51,1,0,351.5,0,0
C01852,38,one-year,fiber,electronic-check,1,5,63.0,80.89,2860.64,0,2,251.6,0,0
C01853,17,one-year,fiber,bank-transfer,1,1,56.0,66.2,1049.34,2,1,117.5,0,0
C01854,16,month-to-month,none,bank-transfer,0,2,48.0,25.22,406.95,2,0,0.0,0,0
C01855,64,month-to-month,fiber,mailed-check,1,4,37.0,85.95,5718.65,2,2,220.2,0,0
C01856,16,month-to-month,fiber,bank-transfer,1,1,49.0,82.77,1197.44,4,0,303.7,0,0
C01857,12,month-to-month,dsl,credit-card,0,3,54.0,57.65,671.96,1,0,65.9,1,1
C01858,37,month-to-month,fiber,mailed-check,0,1,49.0,53.44,1893.45,3,0,331.1,0,0
C01859,17,month-to-month,dsl,electronic-check,0,2,63.0,40.62,702.46,2,1,83.0,1,1
C01860,44,month-to-month,none,credit-card,0,2,30.0,33.44,1526.47,0,1,0.0,0,0
C01861,56,one-year,fiber,mailed-check,1,4,41.0,66.69,3902.85,0,0,308.9,0,0
C01862,14,one-year,dsl,credit-card,0,2,53.0,52.53,743.48,3,0,140.0,1,1
C01863,40,month-to-month,fiber,electronic-check,1,1,36.0,59.15,2278.93,3,2,251.4,0,0
C01864,15,one-year,fiber,electronic-check,1,2,59.0,91.58,1494.46,1,1,192.4,0,0
C01865,21,month-to-month,dsl,bank-transfer,0,4,65.0,50.3,1012.83,0,0,137.7,0,0
C01866,31,month-to-month,fiber,mailed-check,0,2,46.0,64.7,1979.65,1,0,270.6,1,1
C01867,16,two-year,dsl,electronic-check,0,3,51.0,61.25,1010.27,2,1,99.0,0,0
C01868,29,month-to-month,dsl,credit-card,1,1,42.0,43.15,1286.28,0,0,114.1,0,0
C01869,22,month-to-month,fiber,electronic-check,0,1,41.0,59.25,1310.18,0,3,447.0,0,0
C01870,44,month-to-month,fiber,electronic-check,0,2,64.0,62.28,2601.16,1,1,308.9,1,1
C01871,44,one-year,dsl,bank-transfer,0,1,32.0,39.74,1904.02,0,0,152.7,0,0
C01872,16,month-to-month,fiber,credit-card,0,2,57.0,62.75,974.42,1,0,78.8,0,0
C01873,32,two-year,dsl,credit-card,0,1,38.0,44.9,1494.59,2,1,116.3,0,0
C01874,49,month-to-month,none,mailed-check,0,3,32.0,45.4,2183.6,2,0,0.0,0,0
C01875,10,month-to-month,dsl,bank-transfer,0,2,60.0,66.5,622.59,0,0,153.0,0,0
C01876,22,month-to-month,fiber,bank-transfer,0,3,55.0,91.36,1889.78,0,0,152.6,0,0
C01877,31,one-year,fiber,electronic-check,0,1,35.0,63.96,1894.64,2,1,180.1,1,1
C01878,10,month-to-month,dsl,credit-card,0,4,42.0,65.73,606.79,2,1,214.7,0,0
C01879,18,two-year,dsl,credit-card,1,1,43.0,46.02,852.24,1,0,300.5,0,0
C01880,72,two-year,none,credit-card,0,2,49.0,18.44,1431.76,0,0,0.0,0,0
C01881,16,month-to-month,dsl,credit-card,1,1,38.0,30.57,501.04,1,0,527.7,0,0
C01882,17,month-to-month,fiber,mailed-check,1,1,71.0,50.9,912.94,2,1,226.1,1,1
C01883,36,month-to-month,fiber,credit-card,0,2,28.0,71.24,2526.48,7,0,468.8,0,0
C01884,9,one-year,none,credit-card,0,2,22.0,15.0,129.14,2,2,0.0,0,0
C01885,22,one-year,dsl,bank-transfer,1,2,43.0,43.64,902.46,0,1,,0,0
C01886,12,month-to-month,none,mailed-check,0,4,18.0,37.95,466.99,0,0,0.0,0,0
C01887,29,two-year,dsl,credit-card,0,3,33.0,36.34,952.26,0,0,124.2,0,0
C01888,1,month-to-month,none,credit-card,0,4,36.0,46.74,43.2,0,0,0.0,1,1
C01889,26,two-year,dsl,electronic-check,0,2,45.0,50.42,1385.21,1,3,56.3,0,0
C01890,31,two-year,none,bank-transfer,0,2,42.0,21.99,722.56,0,0,0.0,0,0
C01891,18,month-to-month,none,electronic-check,0,2,49.0,19.89,371.83,0,1,0.0,1,0
C01892,19,month-to-month,none,credit-card,0,3,33.0,33.78,609.64,1,0,0.0,0,0
C01893,16,month-to-month,none,mailed-check,0,2,39.0,17.28,273.37,0,0,0.0,0,0
C01894,22,two-year,dsl,electronic-check,0,4,54.0,70.57,1440.19,1,1,42.2,0,0
C01895,64,month-to-month,dsl,electronic-check,0,4,18.0,66.94,4377.95,1,0,65.7,0,0
C01896,45,two-year,dsl,mailed-check,1,2,51.0,44.2,2003.83,0,0,64.2,0,0
C01897,22,month-to-month,dsl,electronic-check,0,1,18.0,43.43,1026.26,0,2,109.9,1,1
C01898,18,month-to-month,dsl,credit-card,0,2,45.0,59.7,1131.63,2,0,99.7,0,0
C01899,42,two-year,dsl,electronic-check,0,1,53.0,48.25,1931.75,0,1,56.0,0,0
C01900,28,month-to-month,fiber,electronic-check,0,3,50.0,73.19,1873.94,0,0,152.1,0,0
C01901,10,one-year,dsl,credit-card,1,1,36.0,39.04,388.65,1,0,222.1,0,0
C01902,20,month-to-month,none,credit-card,0,1,49.0,19.1,396.95,0,0,0.0,0,0
C01903,60,month-to-month,dsl,credit-card,0,1,31.0,41.69,2441.88,2,0,143.3,0,0
C01904,35,month-to-month,dsl,mailed-check,1,4,66.0,62.47,2402.75,0,1,88.5,0,0
C01905,18,month-to-month,none,electronic-check,0,2,57.0,22.49,412.41,2,0,0.0,0,0
C01906,6,one-year,dsl,electronic-check,0,3,31.0,47.26,308.5,2,1,109.1,0,0
C01907,29,month-to-month,dsl,electronic-check,0,1,66.0,53.78,1682.44,1,0,66.3,0,0
C01908,25,month-to-month,dsl,electronic-check,0,2,48.0,54.35,1365.75,0,0,351.2,0,0
C01909,22,month-to-month,dsl,mailed-check,0,2,28.0,42.02,999.16,0,0,61.5,0,0
C01910,43,one-year,dsl,credit-card,1,3,63.0,50.28,2158.44,0,0,182.5,0,0
C01911,36,two-year,fiber,credit-card,0,1,70.0,70.68,2696.31,0,0,218.3,0,0
C01912,6,one-year,fiber,electronic-check,0,1,41.0,58.29,351.96,1,1,249.6,0,0
C01913,25,two-year,none,electronic-check,0,2,50.0,23.64,629.64,2,0,0.0,0,0
C01914,8,month-to-month,none,electronic-check,0,5,45.0,37.67,313.6,0,1,0.0,0,0
C01915,17,month-to-month,fiber,mailed-check,0,3,54.0,69.21,1141.83,4,1,468.0,1,1
C01916,8,month-to-month,none,electronic-check,0,1,57.0,15.0,115.44,0,3,0.0,1,1
C01917,8,month-to-month,dsl,credit-card,0,2,,49.56,418.16,0,0,126.2,0,0
C01918,32,one-year,fiber,credit-card,0,1,18.0,57.56,2012.56,0,1,405.5,0,0
C01919,30,one-year,dsl,bank-transfer,0,3,37.0,50.23,1473.69,0,0,134.2,0,0
C01920,24,month-to-month,fiber,electronic-check,1,1,59.0,71.8,1845.71,1,1,134.9,1,1
C01921,16,two-year,fiber,bank-transfer,0,2,35.0,64.26,1043.82,1,0,197.6,0,0
C01922,7,month-to-month,none,credit-card,0,3,50.0,33.66,254.34,1,0,0.0,0,0
C01923,17,one-year,dsl,bank-transfer,0,1,31.0,52.66,974.29,1,0,54.9,1,0
C01924,30,month-to-month,fiber,electronic-check,1,1,55.0,64.14,2042.94,0,1,304.2,0,0
C01925,29,one-year,dsl,credit-card,0,2,46.0,54.08,1450.4,2,0,152.4,0,0
C01926,59,month-to-month,dsl,electronic-check,1,4,54.0,53.14,3139.91,2,0,,0,0
C01927,54,two-year,dsl,credit-card,1,1,51.0,50.93,2987.13,1,0,142.5,0,0
C01928,24,two-year,fiber,electronic-check,1,2,24.0,75.16,1831.36,0,1,250.9,0,0
C01929,17,month-to-month,fiber,electronic-check,1,4,76.0,91.64,1433.37,3,1,286.0,1,1
C01930,13,month-to-month,dsl,credit-card,0,1,25.0,54.38,722.92,1,0,126.6,1,1
C01931,6,one-year,dsl,electronic-check,1,1,82.0,47.12,307.02,2,1,163.3,0,0
C01932,9,one-year,none,electronic-check,0,2,18.0,47.08,421.4,1,2,0.0,0,0
C01933,30,month-to-month,fiber,bank-transfer,0,1,46.0,72.07,2316.08,4,0,398.6,1,1
C01934,37,one-year,none,mailed-check,0,2,24.0,35.18,1176.39,0,1,0.0,0,0
C01935,19,two-year,none,electronic-check,0,2,69.0,21.31,415.25,2,0,0.0,1,0
C01936,72,one-year,fiber,bank-transfer,1,2,30.0,67.05,5291.72,1,0,148.9,0,0
C01937,9,month-to-month,fiber,credit-card,0,2,29.0,70.58,588.73,0,0,,0,0
C01938,5,two-year,dsl,bank-transfer,0,2,46.0,41.98,210.97,1,0,112.2,0,0
C01939,72,month-to-month,none,bank-transfer,0,2,66.0,25.3,1676.06,1,1,0.0,0,0
C01940,7,month-to-month,fiber,credit-card,0,2,63.0,69.69,479.64,2,0,368.4,0,0
C01941,19,two-year,fiber,electronic-check,0,4,42.0,88.75,1765.78,2,0,179.4,0,0
C01942,13,month-to-month,dsl,mailed-check,1,3,40.0,64.34,897.22,2,0,124.2,0,0
C01943,31,month-to-month,none,credit-card,0,2,53.0,25.97,865.09,0,0,0.0,1,1
C01944,18,one-year,fiber,electronic-check,0,4,44.0,77.02,1465.34,2,1,372.8,1,1
C01945,38,two-year,fiber,electronic-check,0,4,46.0,94.32,3840.48,0,0,129.9,0,0
C01946,43,month-to-month,fiber,electronic-check,0,3,43.0,62.84,2683.81,1,0,,0,0
C01947,6,month-to-month,none,electronic-check,0,3,54.0,17.59,111.77,1,1,0.0,1,1
C01948,12,month-to-month,dsl,bank-transfer,0,5,52.0,68.85,874.24,0,0,93.4,0,0
C01949,40,month-to-month,dsl,electronic-check,1,2,68.0,49.45,2010.6,0,1,246.1,0,0
C01950,49,month-to-month,none,credit-card,0,3,35.0,27.54,1221.51,1,1,0.0,0,0
C01951,27,month-to-month,dsl,credit-card,0,4,35.0,45.37,1169.62,1,1,188.9,0,0
C01952,33,two-year,none,bank-transfer,0,1,44.0,15.0,494.52,0,0,0.0,0,0
C01953,62,one-year,fiber,credit-card,0,1,42.0,76.82,4944.24,1,0,90.5,0,0
C01954,18,two-year,fiber,credit-card,1,1,58.0,75.46,1244.67,1,0,263.8,0,0
C01955,27,two-year,fiber,credit-card,1,4,29.0,86.32,2261.24,2,0,182.4,0,0
C01956,54,two-year,fiber,credit-card,1,3,64.0,68.47,3576.68,1,0,159.6,0,0
C01957,56,one-year,none,bank-transfer,0,3,41.0,27.34,1421.03,1,1,0.0,0,0
C01958,22,month-to-month,dsl,credit-card,1,3,63.0,51.78,1127.07,1,0,109.1,0,0
C01959,13,two-year,fiber,credit-card,0,1,83.0,59.59,812.98,1,0,104.7,0,0
C01960,22,month-to-month,dsl,electronic-check,0,1,60.0,40.65,982.96,1,2,58.9,1,1
C01961,24,month-to-month,dsl,electronic-check,1,2,,49.19,1255.99,1,1,67.1,1,1
C01962,12,month-to-month,dsl,mailed-check,0,3,62.0,43.19,554.78,2,0,84.0,0,1
C01963,14,month-to-month,fiber,mailed-check,1,4,41.0,89.45,1220.07,0,0,361.9,0,0
C01964,56,month-to-month,none,mailed-check,0,2,49.0,23.92,1421.59,0,0,0.0,0,0
C01965,34,one-year,dsl,electronic-check,0,4,35.0,55.98,1968.23,0,0,114.4,0,0
C01966,19,month-to-month,none,credit-card,0,4,36.0,22.39,410.88,1,0,0.0,0,0
C01967,10,month-to-month,dsl,credit-card,0,1,50.0,51.26,501.99,1,0,91.4,1,1
C01968,14,month-to-month,dsl,mailed-check,0,3,46.0,46.66,691.6,0,1,107.6,0,0
C01969,5,two-year,fiber,mailed-check,1,1,51.0,68.86,324.16,3,0,221.8,0,0
C01970,28,month-to-month,dsl,bank-transfer,0,3,47.0,47.95,1405.97,0,1,62.1,0,0
C01971,13,month-to-month,fiber,bank-transfer,1,4,41.0,80.91,1056.3,0,1,191.8,1,1
C01972,29,one-year,none,credit-card,0,2,59.0,15.0,406.26,1,0,0.0,0,0
C01973,40,two-year,fiber,credit-card,0,2,36.0,68.64,2701.08,0,0,144.1,0,0
C01974,30,month-to-month,fiber,bank-transfer,0,1,49.0,64.38,1983.39,0,1,178.8,1,1
C01975,17,one-year,dsl,credit-card,0,3,62.0,56.29,963.93,0,0,66.4,0,0
C01976,12,month-to-month,dsl,bank-transfer,1,2,56.0,57.07,617.19,1,0,113.8,0,0
C01977,8,two-year,dsl,electronic-check,1,1,45.0,49.13,418.22,0,0,76.9,0,0
C01978,52,one-year,dsl,electronic-check,0,1,18.0,57.5,3125.4,2,1,75.2,0,0
C01979,29,one-year,dsl,mailed-check,0,2,40.0,38.56,1073.17,0,0,76.4,0,0
C01980,18,month-to-month,none,credit-card,0,1,77.0,36.73,673.26,0,2,0.0,0,0
C01981,36,one-year,dsl,bank-transfer,0,1,41.0,52.52,1949.74,1,0,172.4,0,0
C01982,47,month-to-month,dsl,electronic-check,0,2,45.0,46.46,2059.16,0,0,181.3,0,0
C01983,13,month-to-month,none,electronic-check,0,3,48.0,37.91,498.49,2,2,0.0,0,0
C01984,28,one-year,fiber,mailed-check,1,1,51.0,79.13,2047.22,2,0,264.4,0,0
C01985,29,one-year,fiber,credit-card,0,2,35.0,78.9,2350.45,2,0,373.7,0,0
C01986,60,month-to-month,fiber,credit-card,1,1,,57.1,3675.15,5,0,634.0,1,1
C01987,18,two-year,dsl,bank-transfer,0,2,51.0,50.33,831.3,1,0,51.4,0,0
C01988,11,month-to-month,dsl,bank-transfer,1,4,19.0,66.04,789.95,0,0,98.9,0,0
C01989,30,one-year,fiber,bank-transfer,0,3,18.0,74.75,2090.89,4,0,403.6,1,1
C01990,38,month-to-month,fiber,bank-transfer,1,2,37.0,73.52,2776.27,1,1,187.4,0,0
C01991,27,month-to-month,fiber,credit-card,0,2,27.0,74.08,1927.71,1,0,192.7,0,0
C01992,63,two-year,dsl,bank-transfer,1,1,50.0,37.11,2172.03,1,0,71.9,0,0
C01993,18,month-to-month,fiber,electronic-check,1,4,39.0,90.07,1581.25,1,0,300.6,0,0
C01994,27,two-year,dsl,credit-card,0,1,52.0,45.73,1204.66,0,0,78.3,0,0
C01995,6,month-to-month,none,mailed-check,0,1,52.0,19.64,128.95,0,0,0.0,0,0
C01996,11,one-year,dsl,electronic-check,0,3,30.0,47.8,533.49,0,0,66.6,0,0
C01997,14,month-to-month,none,credit-card,0,2,40.0,23.06,309.55,1,0,0.0,0,0
C01998,20,one-year,none,credit-card,0,2,37.0,32.49,596.7,0,2,0.0,0,0
C01999,7,two-year,dsl,credit-card,1,2,59.0,51.92,379.44,1,0,37.0,0,0
C02000,36,one-year,dsl,credit-card,1,1,42.0,50.66,1987.72,0,0,122.9,0,0
C02001,13,month-to-month,none,electronic-check,0,2,64.0,24.73,291.96,0,1,0.0,1,1
C02002,72,one-year,dsl,mailed-check,1,3,65.0,55.7,4393.93,0,0,67.8,0,0
C02003,13,one-year,fiber,credit-card,0,2,43.0,56.87,673.61,3,0,240.5,0,0
C02004,25,month-to-month,fiber,credit-card,1,1,36.0,68.13,1689.04,0,0,194.4,0,0
C02005,23,one-year,dsl,mailed-check,0,2,32.0,48.44,1172.78,1,0,127.7,0,0
C02006,10,one-year,none,bank-transfer,0,1,56.0,22.54,247.06,2,0,0.0,0,0
C02007,20,one-year,dsl,bank-transfer,0,2,43.0,32.79,601.2,2,0,32.1,0,0
C02008,20,month-to-month,fiber,bank-transfer,0,3,34.0,95.27,2041.65,2,0,187.2,0,1
C02009,43,month-to-month,dsl,credit-card,1,3,58.0,55.59,2323.7,1,0,98.7,0,0
C02010,31,two-year,none,credit-card,0,1,59.0,23.69,790.95,0,0,0.0,0,0
C02011,35,one-year,dsl,mailed-check,1,1,31.0,48.1,1846.37,0,0,34.6,0,0
C02012,43,month-to-month,dsl,electronic-check,0,3,50.0,52.47,2236.22,0,0,167.2,0,0
C02013,36,two-year,fiber,credit-card,0,1,54.0,68.37,2674.68,3,2,268.8,0,0
C02014,28,month-to-month,fiber,mailed-check,0,4,71.0,89.5,2509.48,0,0,365.9,0,0
C02015,13,month-to-month,none,bank-transfer,0,2,43.0,26.43,334.15,0,0,0.0,0,0
C02016,27,one-year,fiber,credit-card,1,2,45.0,76.87,2027.43,0,0,216.4,1,1
C02017,11,one-year,none,mailed-check,0,2,55.0,31.15,319.42,0,0,0.0,0,0
C02018,22,two-year,fiber,electronic-check,1,2,64.0,75.65,1713.77,2,0,261.4,0,0
C02019,20,one-year,none,electronic-check,0,2,51.0,39.81,783.24,0,1,0.0,0,0
C02020,21,month-to-month,fiber,credit-card,1,1,48.0,67.82,1429.78,1,1,426.7,0,0
C02021,8,month-to-month,dsl,credit-card,0,6,37.0,69.39,608.49,0,0,162.4,0,0
C02022,1,month-to-month,dsl,mailed-check,0,1,40.0,44.66,45.36,2,0,110.7,0,0
C02023,17,two-year,dsl,credit-card,0,3,43.0,58.27,965.89,3,0,82.4,0,0
C02024,50,month-to-month,dsl,mailed-check,0,1,56.0,34.18,1724.74,0,0,152.5,1,1
C02025,25,month-to-month,fiber,electronic-check,0,2,52.0,81.2,2104.31,0,2,467.7,1,1
C02026,47,month-to-month,fiber,bank-transfer,0,2,35.0,68.05,3315.85,2,0,338.1,0,0
C02027,11,month-to-month,fiber,mailed-check,1,2,58.0,69.26,732.68,0,0,482.8,0,0
C02028,16,month-to-month,dsl,mailed-check,0,2,42.0,39.57,603.28,0,1,177.2,0,0
C02029,72,one-year,dsl,mailed-check,0,1,43.0,45.88,3372.46,0,1,194.0,0,0
C02030,12,month-to-month,fiber,bank-transfer,0,4,,69.16,887.61,2,0,482.2,1,1
C02031,35,two-year,dsl,electronic-check,0,1,58.0,31.54,1013.4,0,1,24.3,0,0
C02032,35,two-year,fiber,bank-transfer,0,2,50.0,64.16,2191.82,2,0,318.9,0,0
C02033,32,month-to-month,fiber,credit-card,0,1,73.0,63.03,1927.3,1,1,269.1,0,0
C02034,35,two-year,fiber,mailed-check,1,1,18.0,58.14,2078.88,2,0,376.6,0,0
C02035,12,month-to-month,dsl,mailed-check,1,1,59.0,47.29,599.99,1,0,42.4,0,0
C02036,18,month-to-month,fiber,credit-card,1,2,30.0,79.81,1481.76,1,0,139.3,0,0
C02037,1,month-to-month,none,electronic-check,0,1,45.0,21.75,20.51,1,0,0.0,0,0
C02038,61,two-year,dsl,mailed-check,1,1,45.0,27.27,1707.1,0,0,124.8,0,0
C02039,35,one-year,dsl,electronic-check,0,2,44.0,49.85,1837.85,0,1,105.9,0,0
C02040,14,month-to-month,fiber,credit-card,0,1,31.0,69.65,949.44,0,0,190.9,1,0
C02041,12,one-year,dsl,credit-card,0,2,25.0,47.04,570.04,1,0,54.2,0,0
C02042,50,one-year,none,bank-transfer,0,2,18.0,27.52,1274.1,2,0,0.0,0,0
C02043,13,one-year,dsl,mailed-check,0,3,42.0,57.12,715.46,0,0,63.2,0,0
C02044,14,month-to-month,fiber,credit-card,0,2,47.0,61.2,883.34,1,0,353.6,0,0
C02045,10,two-year,fiber,bank-transfer,0,2,54.0,79.64,805.87,2,0,,0,0
C02046,40,one-year,fiber,electronic-check,1,1,63.0,62.68,2751.47,2,2,160.7,0,0
C02047,47,month-to-month,fiber,electronic-check,0,2,58.0,67.37,3108.33,1,0,397.8,0,0
C02048,20,two-year,dsl,mailed-check,0,1,60.0,48.62,1030.53,1,0,22.1,0,0
C02049,47,month-to-month,fiber,electronic-check,0,2,30.0,57.16,2952.26,1,2,61.4,0,0
C02050,30,one-year,none,electronic-check,0,1,62.0,30.13,889.11,0,0,0.0,0,0
C02051,9,one-year,dsl,mailed-check,0,3,51.0,47.14,392.09,0,0,212.7,0,0
C02052,58,month-to-month,dsl,electronic-check,0,2,26.0,64.47,4093.23,2,0,22.5,0,0
C02053,9,month-to-month,none,electronic-check,0,3,61.0,39.01,325.16,1,1,0.0,0,0
C02054,21,one-year,fiber,credit-card,0,2,32.0,61.92,1303.18,3,1,612.5,0,0
C02055,20,two-year,fiber,bank-transfer,0,2,30.0,72.67,1353.38,1,0,112.2,0,0
C02056,17,two-year,dsl,credit-card,0,3,68.0,47.35,882.82,0,0,144.3,1,0
C02057,3,one-year,dsl,mailed-check,1,3,49.0,46.25,125.73,0,0,76.1,0,0
C02058,72,month-to-month,dsl,credit-card,1,4,29.0,40.02,2612.74,1,0,146.7,0,0
C02059,4,month-to-month,none,bank-transfer,0,3,37.0,35.07,135.65,0,0,0.0,0,0
C02060,61,one-year,dsl,mailed-check,0,1,61.0,41.35,2703.64,0,0,108.6,0,0
C02061,11,month-to-month,none,electronic-check,0,2,27.0,31.28,,1,1,0.0,0,0
C02062,15,one-year,fiber,electronic-check,1,2,43.0,71.8,971.14,1,0,152.8,0,0
C02063,57,month-to-month,fiber,electronic-check,0,1,43.0,55.26,2872.88,0,0,195.0,0,0
C02064,33,month-to-month,fiber,credit-card,0,2,86.0,76.73,2548.27,1,1,108.1,0,0
C02065,7,one-year,dsl,credit-card,0,2,23.0,54.15,386.63,0,0,130.7,0,0
C02066,6,one-year,fiber,electronic-check,0,2,24.0,66.16,389.72,2,0,96.0,0,0
C02067,29,one-year,fiber,mailed-check,0,4,37.0,87.8,2586.29,2,0,526.8,0,0
C02068,9,month-to-month,none,bank-transfer,0,1,36.0,17.84,147.84,0,0,0.0,0,0
C02069,34,two-year,fiber,credit-card,1,2,46.0,63.71,2006.38,0,0,220.1,0,0
C02070,36,month-to-month,fiber,credit-card,0,2,38.0,68.47,2574.53,2,0,185.8,1,1
C02071,12,one-year,fiber,bank-transfer,1,4,58.0,77.04,923.97,2,1,583.3,0,0
C02072,15,one-year,fiber,credit-card,0,3,46.0,63.13,1023.86,2,1,325.9,1,1
C02073,30,month-to-month,fiber,credit-card,0,1,31.0,43.91,1341.37,0,0,423.9,0,0
C02074,12,one-year,fiber,bank-transfer,0,1,42.0,78.17,,3,0,192.0,0,0
C02075,25,one-year,fiber,electronic-check,0,2,41.0,79.06,1873.09,1,0,357.6,1,1
C02076,72,month-to-month,none,electronic-check,0,2,62.0,36.82,2848.41,0,1,0.0,0,0
C02077,31,one-year,fiber,bank-transfer,0,2,58.0,77.22,2569.69,1,0,258.1,0,0
C02078,17,month-to-month,dsl,bank-transfer,0,1,56.0,41.69,,0,0,101.1,0,0
C02079,72,two-year,dsl,credit-card,0,3,34.0,53.59,3931.63,1,0,104.8,0,0
C02080,42,month-to-month,dsl,electronic-check,0,1,50.0,40.07,1807.88,0,1,102.3,0,0
C02081,9,month-to-month,none,credit-card,0,1,28.0,24.33,231.64,1,0,0.0,0,0
C02082,11,one-year,dsl,mailed-check,0,1,,48.78,519.13,0,0,58.5,0,0
C02083,4,month-to-month,fiber,credit-card,1,2,63.0,67.26,263.2,1,0,56.7,1,1
C02084,30,two-year,fiber,electronic-check,1,4,18.0,83.51,2399.44,1,0,176.1,0,0
C02085,3,month-to-month,fiber,bank-transfer,0,2,44.0,79.28,253.48,4,0,179.5,1,1
C02086,72,month-to-month,none,electronic-check,0,4,44.0,34.98,2418.7,1,0,0.0,0,0
C02087,19,month-to-month,dsl,electronic-check,1,3,59.0,45.69,915.74,0,1,94.1,0,0
C02088,43,month-to-month,fiber,credit-card,0,1,36.0,68.65,3188.5,0,0,185.9,0,0
C02089,18,month-to-month,fiber,bank-transfer,0,1,36.0,55.22,1031.64,1,1,97.0,1,1
C02090,29,month-to-month,none,credit-card,0,1,48.0,15.0,416.62,0,0,0.0,0,0
C02091,21,month-to-month,dsl,bank-transfer,1,1,54.0,47.21,966.26,1,0,106.6,0,0
C02092,24,month-to-month,fiber,mailed-check,1,1,48.0,69.95,1807.16,3,0,462.0,0,0
C02093,53,month-to-month,none,electronic-check,0,1,59.0,20.76,1191.55,1,0,0.0,1,0
C02094,70,month-to-month,dsl,electronic-check,0,1,56.0,36.9,2616.24,0,1,85.6,0,0
C02095,67,month-to-month,dsl,credit-card,0,4,38.0,82.28,5507.36,1,1,77.7,0,0
C02096,72,month-to-month,dsl,bank-transfer,1,1,46.0,40.83,2973.93,0,0,52.2,0,0
C02097,13,month-to-month,dsl,electronic-check,1,3,54.0,58.64,775.13,0,1,135.6,0,0
C02098,31,month-to-month,fiber,credit-card,1,1,33.0,60.33,1865.48,1,0,300.8,0,0
C02099,13,month-to-month,none,credit-card,0,5,35.0,32.48,399.75,0,1,0.0,0,0
C02100,51,month-to-month,dsl,credit-card,0,2,23.0,50.42,2685.4,0,0,49.9,0,0
C02101,10,two-year,dsl,credit-card,0,1,63.0,41.46,431.26,0,2,82.9,0,0
C02102,53,month-to-month,dsl,mailed-check,0,1,78.0,45.76,2218.3,0,0,92.9,0,0
C02103,27,month-to-month,none,credit-card,0,2,35.0,19.75,487.15,2,0,0.0,0,0
C02104,22,one-year,fiber,credit-card,1,1,54.0,66.08,1455.9,1,0,445.8,0,0
C02105,24,month-to-month,fiber,credit-card,0,4,64.0,74.0,1813.47,0,0,206.4,0,0
C02106,8,month-to-month,dsl,credit-card,0,4,28.0,68.61,591.29,1,0,63.5,0,0
C02107,9,one-year,fiber,bank-transfer,0,3,51.0,77.38,658.16,1,0,388.0,0,0
C02108,28,one-year,dsl,credit-card,1,2,65.0,49.0,1353.44,1,0,54.5,0,0
C02109,27,two-year,dsl,credit-card,1,2,41.0,49.87,1295.53,0,0,,0,0
C02110,14,two-year,fiber,credit-card,0,1,44.0,61.98,951.73,3,0,161.1,0,0
C02111,19,one-year,fiber,electronic-check,1,2,66.0,70.95,1392.29,2,1,209.9,1,1
C02112,33,one-year,dsl,bank-transfer,0,4,39.0,71.98,2414.4,0,0,89.3,0,0
C02113,12,month-to-month,fiber,electronic-check,1,3,37.0,70.43,771.87,1,1,336.9,1,1
C02114,4,two-year,fiber,credit-card,1,2,43.0,71.28,296.19,0,0,251.4,0,0
C02115,63,one-year,fiber,bank-transfer,1,3,73.0,68.86,4228.59,3,0,,1,0
C02116,29,month-to-month,fiber,mailed-check,0,3,58.0,55.14,1642.37,0,0,302.6,0,0
C02117,16,month-to-month,dsl,credit-card,0,3,54.0,59.9,877.31,0,0,57.2,0,0
C02118,13,one-year,none,bank-transfer,0,2,54.0,33.63,443.1,1,0,0.0,0,0
C02119,12,month-to-month,dsl,credit-card,0,3,29.0,58.48,658.87,1,0,374.5,0,0
C02120,51,two-year,dsl,credit-card,1,2,54.0,68.68,3815.98,0,1,93.2,0,0
C02121,7,month-to-month,fiber,electronic-check,1,2,39.0,67.12,435.62,0,0,,0,0
C02122,31,two-year,none,electronic-check,0,4,43.0,27.84,820.41,1,0,0.0,0,0
C02123,31,month-to-month,none,bank-transfer,0,2,42.0,34.47,1051.64,0,0,0.0,0,0
C02124,40,one-year,none,bank-transfer,0,1,60.0,29.97,1193.93,2,1,0.0,1,1
C02125,17,month-to-month,fiber,bank-transfer,0,2,73.0,78.79,1443.4,1,0,306.2,1,1
C02126,59,month-to-month,fiber,bank-transfer,0,2,32.0,61.35,3876.73,2,0,175.4,0,0
C02127,41,month-to-month,fiber,electronic-check,0,3,62.0,69.41,2676.89,1,0,193.4,0,0
C02128,17,month-to-month,fiber,electronic-check,1,4,44.0,66.86,1142.33,1,0,216.3,1,1
C02129,13,month-to-month,fiber,credit-card,0,4,58.0,95.78,1335.29,2,0,216.4,1,1
C02130,21,two-year,none,credit-card,0,3,51.0,22.64,477.66,1,2,0.0,0,0
C02131,16,month-to-month,fiber,electronic-check,1,1,37.0,55.35,850.09,2,0,445.0,0,0
C02132,11,one-year,fiber,credit-card,1,2,37.0,69.17,755.97,1,0,392.4,0,0
C02133,25,one-year,none,mailed-check,0,3,43.0,30.94,718.28,4,0,0.0,0,0
C02134,19,month-to-month,none,electronic-check,0,2,52.0,30.33,573.87,1,1,0.0,0,0
C02135,69,two-year,fiber,credit-card,1,3,54.0,73.96,5133.92,2,0,376.6,0,0
C02136,16,one-year,fiber,electronic-check,1,3,90.0,69.57,,0,1,189.6,0,0
C02137,13,one-year,none,credit-card,0,3,55.0,26.83,338.66,1,0,0.0,0,0
C02138,24,two-year,none,credit-card,0,1,27.0,15.17,348.27,1,0,0.0,0,0
C02139,28,one-year,dsl,mailed-check,0,2,66.0,61.15,,0,0,50.2,0,0
C02140,30,two-year,fiber,electronic-check,0,1,56.0,64.95,1772.33,0,2,104.3,0,0
C02141,30,month-to-month,dsl,bank-transfer,0,1,44.0,50.08,1580.29,2,0,66.2,0,0
C02142,24,month-to-month,dsl,electronic-check,1,2,30.0,48.33,1092.96,2,2,143.3,1,0
C02143,23,one-year,fiber,credit-card,1,2,43.0,55.39,1240.68,1,0,110.4,0,0
C02144,36,month-to-month,fiber,electronic-check,1,2,64.0,83.14,3108.13,6,0,231.1,1,1
C02145,10,one-year,none,mailed-check,0,2,54.0,29.64,317.85,0,0,0.0,0,0
C02146,13,month-to-month,dsl,electronic-check,0,1,67.0,48.1,565.81,0,0,69.6,0,0
C02147,5,month-to-month,fiber,bank-transfer,0,1,66.0,48.04,221.77,1,0,209.1,0,0
C02148,10,two-year,dsl,bank-transfer,0,2,50.0,48.89,476.05,0,0,127.7,0,0
C02149,48,month-to-month,dsl,mailed-check,0,4,18.0,72.34,3472.36,0,0,57.7,0,0
C02150,35,month-to-month,fiber,credit-card,1,3,33.0,85.37,3268.97,1,1,202.3,0,0
C02151,72,one-year,fiber,mailed-check,1,3,24.0,73.26,5326.39,0,2,314.9,0,0
C02152,63,one-year,fiber,bank-transfer,0,2,68.0,79.75,5092.77,2,1,161.0,0,0
C02153,35,two-year,none,credit-card,0,1,54.0,32.56,1222.43,0,0,0.0,0,0
C02154,26,month-to-month,fiber,credit-card,0,1,43.0,63.76,1669.12,2,0,470.6,0,0
C02155,24,two-year,none,bank-transfer,0,2,39.0,35.54,811.27,2,0,0.0,0,0
C02156,2,one-year,dsl,credit-card,0,2,63.0,60.18,113.23,0,0,159.3,0,0
C02157,22,two-year,none,bank-transfer,0,1,33.0,26.71,586.15,1,0,0.0,0,0
C02158,15,month-to-month,none,mailed-check,0,1,27.0,27.49,396.11,0,0,0.0,1,1
C02159,11,month-to-month,none,credit-card,0,1,26.0,15.0,156.76,2,0,0.0,1,1
C02160,31,month-to-month,none,electronic-check,0,1,48.0,26.28,801.65,1,2,0.0,1,1
C02161,20,one-year,fiber,bank-transfer,0,2,34.0,69.0,1324.32,1,0,276.6,0,0
C02162,25,month-to-month,fiber,electronic-check,0,6,62.0,82.77,2073.13,0,1,184.9,0,0
C02163,9,month-to-month,fiber,bank-transfer,0,1,46.0,77.17,752.82,5,0,154.9,1,1
C02164,42,one-year,dsl,mailed-check,0,2,26.0,49.06,2041.81,0,0,89.1,0,0
C02165,16,month-to-month,fiber,bank-transfer,0,4,43.0,81.88,1228.92,0,1,720.7,0,0
C02166,30,month-to-month,fiber,bank-transfer,0,3,32.0,76.13,2253.93,3,0,204.6,0,0
C02167,17,month-to-month,fiber,credit-card,0,3,44.0,62.55,1101.89,0,2,424.4,0,0
C02168,2,two-year,dsl,bank-transfer,0,2,63.0,47.63,102.3,0,0,257.3,0,0
C02169,32,one-year,fiber,credit-card,0,3,44.0,81.19,2671.05,1,0,232.5,0,0
C02170,21,one-year,fiber,electronic-check,0,1,36.0,65.12,1389.19,1,0,260.0,0,0
C02171,5,two-year,dsl,bank-transfer,0,2,53.0,47.18,234.1,1,0,77.2,0,0
C02172,8,one-year,dsl,electronic-check,1,2,40.0,52.67,426.09,0,2,67.9,0,0
C02173,43,month-to-month,none,bank-transfer,0,4,54.0,43.59,1994.4,0,0,0.0,0,0
C02174,5,one-year,dsl,electronic-check,1,4,51.0,46.93,225.55,2,1,27.2,0,0
C02175,16,two-year,dsl,credit-card,1,1,30.0,44.16,,0,1,71.5,0,0
C02176,72,month-to-month,fiber,electronic-check,0,1,26.0,65.15,4900.26,3,3,171.3,1,1
C02177,33,one-year,fiber,mailed-check,0,2,40.0,84.16,2899.32,3,0,259.1,0,0
C02178,39,month-to-month,dsl,bank-transfer,1,1,52.0,54.65,2169.15,0,0,307.3,0,0
C02179,19,two-year,fiber,credit-card,1,3,72.0,63.96,1122.92,2,1,313.6,0,0
C02180,5,one-year,none,electronic-check,0,3,29.0,40.72,221.12,2,2,0.0,0,0
C02181,27,two-year,none,credit-card,0,3,31.0,28.79,852.42,0,0,0.0,0,0
C02182,9,one-year,fiber,bank-transfer,1,1,60.0,52.12,505.89,2,0,339.7,0,0
C02183,8,month-to-month,dsl,credit-card,1,4,49.0,49.25,426.82,0,0,90.8,0,0
C02184,25,month-to-month,fiber,bank-transfer,0,1,43.0,75.92,2036.87,1,0,164.6,0,0
C02185,9,two-year,fiber,mailed-check,1,1,56.0,68.64,584.49,0,0,312.0,0,0
C02186,22,month-to-month,fiber,credit-card,1,1,64.0,57.14,1172.36,1,0,155.0,0,0
C02187,13,month-to-month,dsl,bank-transfer,0,2,61.0,62.66,749.3,2,0,75.3,0,0
C02188,22,one-year,none,credit-card,0,1,35.0,25.68,518.79,0,0,0.0,0,0
C02189,15,month-to-month,fiber,credit-card,0,2,52.0,67.95,1070.01,4,1,218.1,1,1
C02190,22,month-to-month,dsl,electronic-check,0,1,63.0,47.39,1001.41,0,3,201.7,0,0
C02191,60,month-to-month,fiber,electronic-check,0,2,41.0,62.98,3649.68,0,0,408.4,0,0
C02192,40,month-to-month,fiber,mailed-check,0,2,51.0,85.99,3614.63,1,0,139.5,0,0
C02193,20,one-year,dsl,credit-card,0,1,37.0,35.51,666.39,0,0,56.0,0,0
C02194,54,month-to-month,dsl,credit-card,0,2,31.0,39.69,2180.24,1,0,101.6,0,0
C02195,31,month-to-month,dsl,bank-transfer,1,1,52.0,46.56,1486.96,0,2,184.9,0,0
C02196,51,two-year,none,electronic-check,0,4,60.0,58.05,2858.57,1,1,0.0,0,0
C02197,6,month-to-month,fiber,electronic-check,1,1,57.0,53.75,321.29,2,1,128.4,1,1
C02198,9,one-year,dsl,electronic-check,0,2,26.0,56.52,506.76,0,0,101.8,1,1
C02199,27,month-to-month,fiber,mailed-check,0,1,65.0,65.56,1812.48,7,0,213.0,1,1
C02200,20,month-to-month,none,credit-card,0,2,55.0,28.2,567.54,0,0,0.0,0,0
C02201,22,one-year,fiber,mailed-check,0,1,63.0,74.14,1587.66,2,0,165.6,0,0
C02202,34,one-year,fiber,mailed-check,0,1,32.0,59.52,2181.2,2,1,151.2,1,1
C02203,27,two-year,dsl,credit-card,0,2,58.0,47.94,1370.51,3,1,71.9,0,0
C02204,42,month-to-month,fiber,bank-transfer,1,3,55.0,69.49,2985.84,2,0,152.4,1,1
C02205,41,month-to-month,dsl,electronic-check,0,4,27.0,71.21,2905.52,1,0,108.2,1,1
C02206,10,month-to-month,none,bank-transfer,0,5,53.0,50.18,499.21,1,0,0.0,0,0
C02207,2,month-to-month,dsl,credit-card,0,2,30.0,41.01,81.37,0,0,148.9,0,0
C02208,9,month-to-month,dsl,bank-transfer,0,3,46.0,58.05,537.11,0,0,325.1,0,0
C02209,9,two-year,none,electronic-check,0,1,81.0,28.39,270.02,0,0,0.0,0,0
C02210,24,one-year,dsl,mailed-check,0,1,50.0,32.28,737.52,1,0,46.0,0,0
C02211,23,month-to-month,fiber,electronic-check,0,1,44.0,76.11,1813.12,1,1,196.8,1,1
C02212,19,month-to-month,none,mailed-check,0,5,24.0,39.48,770.56,1,1,0.0,0,0
C02213,31,month-to-month,dsl,bank-transfer,0,2,50.0,46.37,1418.55,0,0,126.6,0,0
C02214,72,month-to-month,dsl,electronic-check,0,5,44.0,76.17,5059.17,0,2,119.2,0,0
C02215,19,one-year,dsl,credit-card,0,2,18.0,59.05,1142.65,0,1,119.7,0,0
C02216,27,two-year,fiber,bank-transfer,1,2,30.0,59.05,1447.38,2,0,237.5,1,1
C02217,22,month-to-month,none,mailed-check,0,3,59.0,35.77,859.85,4,0,0.0,0,0
C02218,14,month-to-month,fiber,electronic-check,1,1,65.0,70.45,1009.1,1,1,401.5,0,0
C02219,34,month-to-month,none,electronic-check,0,2,47.0,15.0,481.55,1,2,0.0,0,0
C02220,18,month-to-month,none,credit-card,0,1,61.0,24.49,460.09,0,0,0.0,0,0
C02221,11,two-year,none,credit-card,0,3,47.0,26.7,298.1,0,0,0.0,0,0
C02222,12,one-year,fiber,electronic-check,1,1,35.0,74.03,902.48,0,1,279.1,0,0
C02223,43,two-year,fiber,bank-transfer,1,3,79.0,68.16,2957.02,3,0,160.8,0,0
C02224,34,two-year,fiber,bank-transfer,0,2,25.0,70.98,2547.43,1,0,413.0,0,0
C02225,15,month-to-month,fiber,electronic-check,0,1,52.0,60.72,953.52,0,2,252.2,0,0
C02226,31,one-year,fiber,credit-card,0,1,36.0,59.91,1823.76,1,1,288.8,0,0
C02227,23,one-year,dsl,bank-transfer,0,2,43.0,32.5,780.03,0,0,91.0,0,0
C02228,28,month-to-month,fiber,credit-card,1,2,70.0,78.52,2120.27,0,1,86.4,0,0
C02229,14,month-to-month,none,credit-card,0,2,,34.29,,1,1,0.0,0,0
C02230,9,one-year,fiber,credit-card,0,1,41.0,65.58,555.77,2,0,178.5,0,0
C02231,18,two-year,fiber,credit-card,0,2,38.0,72.96,1230.03,2,1,294.2,0,0
C02232,11,month-to-month,dsl,bank-transfer,1,4,54.0,54.13,545.78,0,0,112.1,0,0
C02233,10,two-year,fiber,bank-transfer,0,1,32.0,73.6,756.23,0,0,204.9,0,0
C02234,6,two-year,dsl,bank-transfer,0,1,47.0,46.97,301.51,1,1,142.1,0,0
C02235,2,two-year,dsl,mailed-check,0,1,44.0,45.5,91.99,1,0,244.1,0,0
C02236,15,month-to-month,dsl,bank-transfer,0,1,34.0,56.77,834.46,1,1,80.4,0,0
C02237,49,month-to-month,dsl,electronic-check,1,1,25.0,34.59,1729.84,1,0,75.1,0,0
C02238,41,one-year,none,electronic-check,0,3,47.0,15.0,658.46,1,2,0.0,0,0
C02239,66,month-to-month,none,bank-transfer,0,3,40.0,33.56,2270.71,0,0,0.0,0,0
C02240,9,month-to-month,fiber,bank-transfer,1,1,49.0,63.33,613.16,2,1,181.6,0,0
C02241,36,one-year,dsl,mailed-check,0,2,18.0,40.92,1360.01,1,1,69.5,0,0
C02242,20,month-to-month,none,bank-transfer,0,1,39.0,21.38,392.37,1,0,,1,0
C02243,12,month-to-month,fiber,electronic-check,0,3,59.0,77.91,861.34,1,0,176.3,0,0
C02244,45,two-year,dsl,electronic-check,0,1,21.0,52.03,2412.33,0,0,65.6,0,0
C02245,21,month-to-month,dsl,electronic-check,0,2,74.0,41.18,840.43,0,0,116.9,0,0
C02246,4,two-year,fiber,bank-transfer,1,2,51.0,66.73,243.9,1,0,173.6,0,0
C02247,41,month-to-month,fiber,bank-transfer,1,1,44.0,67.39,2927.92,0,0,287.0,0,0
C02248,30,month-to-month,dsl,bank-transfer,0,2,48.0,58.87,1886.0,2,0,54.7,1,1
C02249,25,month-to-month,fiber,electronic-check,0,1,33.0,72.28,1752.54,0,1,268.6,1,1
C02250,8,month-to-month,fiber,bank-transfer,0,2,67.0,66.06,541.59,0,0,167.8,1,1
C02251,27,month-to-month,none,mailed-check,0,3,49.0,34.15,991.88,1,0,0.0,0,0
C02252,60,two-year,none,electronic-check,0,1,47.0,15.84,1014.15,2,1,0.0,0,0
C02253,29,two-year,dsl,credit-card,0,4,61.0,56.7,1731.71,2,0,61.2,0,0
C02254,5,month-to-month,fiber,bank-transfer,0,2,52.0,67.51,316.31,1,0,158.4,1,1
C02255,31,month-to-month,fiber,mailed-check,0,3,36.0,69.86,2108.84,1,1,284.8,1,1
C02256,29,one-year,none,credit-card,0,5,45.0,45.88,1215.21,0,0,0.0,0,0
C02257,38,month-to-month,fiber,bank-transfer,0,2,54.0,77.45,2900.65,2,1,1069.5,1,1
C02258,29,month-to-month,none,credit-card,0,4,47.0,31.8,935.02,3,0,0.0,0,0
C02259,10,month-to-month,dsl,credit-card,0,1,26.0,46.39,492.65,1,0,90.1,0,0
C02260,24,month-to-month,fiber,bank-transfer,1,1,67.0,61.92,1371.76,1,0,910.1,0,0
C02261,18,month-to-month,dsl,electronic-check,0,1,48.0,37.5,623.56,1,1,104.6,0,0
C02262,26,month-to-month,none,electronic-check,0,1,40.0,15.0,378.03,2,0,0.0,0,0
C02263,46,one-year,none,credit-card,0,2,56.0,38.99,1737.07,3,0,0.0,0,0
C02264,13,month-to-month,dsl,bank-transfer,0,1,39.0,39.05,547.8,2,0,75.4,1,1
C02265,72,month-to-month,fiber,bank-transfer,0,3,,80.08,6076.36,5,1,260.4,1,1
C02266,30,month-to-month,dsl,electronic-check,0,3,46.0,58.12,1703.36,1,0,31.5,0,0
C02267,41,month-to-month,dsl,bank-transfer,0,4,56.0,50.47,1879.36,1,0,143.1,0,0
C02268,37,two-year,dsl,mailed-check,0,2,42.0,53.39,1894.83,2,0,53.7,0,0
C02269,30,one-year,fiber,electronic-check,0,2,42.0,72.36,2374.2,1,2,465.6,0,0
C02270,34,two-year,none,electronic-check,0,1,43.0,19.81,658.93,3,0,0.0,0,0
C02271,1,month-to-month,dsl,bank-transfer,1,2,44.0,46.51,41.93,1,0,121.8,0,0
C02272,37,month-to-month,fiber,electronic-check,1,2,48.0,69.98,2503.27,0,1,398.4,1,1
C02273,11,month-to-month,fiber,bank-transfer,1,3,58.0,78.78,859.53,1,0,143.5,0,0
C02274,22,month-to-month,fiber,electronic-check,0,1,57.0,58.11,1399.92,1,1,377.4,0,0
C02275,29,one-year,dsl,mailed-check,1,3,76.0,66.5,1968.13,1,0,82.0,0,0
C02276,48,month-to-month,fiber,mailed-check,0,1,72.0,70.5,3669.61,1,0,143.2,0,0
C02277,11,month-to-month,dsl,electronic-check,1,2,33.0,30.76,304.68,1,0,,0,0
C02278,16,month-to-month,fiber,electronic-check,1,2,42.0,68.21,1070.56,1,0,234.8,1,1
C02279,18,month-to-month,fiber,bank-transfer,0,1,57.0,82.04,1620.13,1,0,268.5,1,1
C02280,26,month-to-month,fiber,credit-card,1,1,19.0,67.86,1782.39,1,1,350.8,0,0
C02281,18,one-year,fiber,electronic-check,0,2,51.0,64.2,1077.33,2,1,234.7,0,0
C02282,34,two-year,fiber,mailed-check,0,1,33.0,70.12,2375.99,3,0,351.9,0,0
C02283,4,month-to-month,fiber,mailed-check,0,1,45.0,48.05,180.46,1,0,278.2,0,0
C02284,20,month-to-month,dsl,mailed-check,0,1,46.0,47.15,943.37,0,0,90.9,0,0
C02285,64,month-to-month,dsl,bank-transfer,0,1,19.0,40.99,2587.66,2,1,47.2,0,0
C02286,18,month-to-month,dsl,electronic-check,0,2,82.0,50.34,,0,1,54.8,0,0
C02287,31,one-year,fiber,electronic-check,1,1,38.0,54.36,1699.52,3,1,263.0,0,0
C02288,43,month-to-month,fiber,bank-transfer,1,3,67.0,71.56,3078.16,1,1,335.9,0,0
C02289,30,two-year,fiber,credit-card,0,2,,49.11,1417.3,3,0,463.4,0,0
C02290,72,two-year,dsl,electronic-check,0,2,36.0,45.05,3124.14,0,0,120.3,0,0
C02291,24,month-to-month,dsl,credit-card,0,4,58.0,60.97,1585.94,0,0,129.9,0,0
C02292,35,two-year,dsl,electronic-check,0,3,42.0,63.91,2195.3,0,1,147.2,0,0
C02293,27,one-year,dsl,mailed-check,0,3,58.0,74.71,2173.96,0,1,81.4,0,0
C02294,56,two-year,fiber,electronic-check,1,2,55.0,63.45,3497.2,1,1,405.9,0,0
C02295,16,month-to-month,fiber,credit-card,0,2,33.0,74.05,1232.67,1,0,356.5,0,0
C02296,72,two-year,none,bank-transfer,0,2,64.0,22.31,1741.02,0,0,0.0,0,0
C02297,13,month-to-month,fiber,electronic-check,1,1,54.0,62.61,875.82,0,1,281.2,1,1
C02298,68,month-to-month,fiber,electronic-check,1,4,24.0,80.71,5627.43,2,1,323.8,0,0
C02299,9,two-year,fiber,credit-card,0,1,47.0,63.73,580.45,1,0,276.2,0,0
C02300,36,month-to-month,none,bank-transfer,0,1,55.0,34.94,1135.38,0,0,0.0,0,0
C02301,23,month-to-month,none,mailed-check,0,2,44.0,22.61,559.02,0,0,,0,0
C02302,42,month-to-month,fiber,credit-card,0,2,46.0,60.85,2372.44,1,1,416.4,0,0
C02303,31,month-to-month,fiber,electronic-check,0,2,53.0,71.47,2147.54,1,0,278.8,0,0
C02304,41,month-to-month,dsl,mailed-check,1,3,21.0,46.41,1990.17,0,0,133.1,0,0
C02305,9,month-to-month,fiber,electronic-check,0,4,42.0,77.05,694.01,1,0,193.6,0,0
C02306,5,month-to-month,fiber,mailed-check,0,1,40.0,73.48,332.35,0,0,177.5,1,1
C02307,8,two-year,dsl,electronic-check,1,3,57.0,53.01,390.95,0,1,74.1,0,0
C02308,8,month-to-month,fiber,bank-transfer,0,2,37.0,74.16,621.8,2,0,231.1,1,1
C02309,9,two-year,fiber,bank-transfer,0,2,75.0,68.32,617.21,0,0,255.9,0,0
C02310,14,one-year,dsl,credit-card,0,3,37.0,57.09,813.68,2,0,46.4,0,0
C02311,14,one-year,dsl,credit-card,1,2,29.0,44.43,571.62,1,0,34.0,0,0
C02312,23,one-year,dsl,electronic-check,0,1,64.0,51.49,1101.47,0,1,47.9,0,0
C02313,11,two-year,fiber,credit-card,0,2,54.0,59.46,632.09,0,1,167.0,0,0
C02314,12,month-to-month,fiber,bank-transfer,0,2,51.0,63.59,696.3,1,0,469.4,0,0
C02315,19,one-year,none,electronic-check,0,1,42.0,20.65,401.25,0,0,0.0,0,0
C02316,46,two-year,fiber,credit-card,0,1,40.0,71.6,2974.64,1,0,351.2,0,0
C02317,16,one-year,fiber,credit-card,0,3,52.0,76.69,1270.16,1,0,149.0,1,1
C02318,22,month-to-month,fiber,electronic-check,1,1,37.0,69.1,1433.78,2,0,205.8,0,0
C02319,25,one-year,fiber,credit-card,0,4,72.0,70.25,1773.3,1,0,276.6,0,0
C02320,10,one-year,dsl,bank-transfer,0,3,49.0,52.47,502.83,1,1,92.8,0,0
C02321,17,month-to-month,fiber,credit-card,1,2,41.0,71.91,1142.7,1,0,348.8,0,0
C02322,13,one-year,dsl,electronic-check,1,2,39.0,50.45,698.71,1,2,22.4,1,1
C02323,43,two-year,fiber,electronic-check,1,1,27.0,56.35,2388.34,1,3,690.8,0,0
C02324,41,month-to-month,dsl,electronic-check,1,4,56.0,53.26,2263.35,0,0,142.0,0,0
C02325,12,month-to-month,dsl,credit-card,1,3,33.0,53.95,632.56,2,1,63.9,0,0
C02326,22,month-to-month,fiber,electronic-check,1,2,43.0,75.97,1519.91,3,0,359.6,0,0
C02327,35,one-year,none,bank-transfer,0,4,83.0,51.8,1969.14,1,0,0.0,0,0
C02328,29,month-to-month,none,electronic-check,0,2,,16.28,478.07,0,2,0.0,0,0
C02329,31,one-year,fiber,credit-card,1,5,44.0,85.4,2419.62,1,0,390.5,0,0
C02330,10,month-to-month,dsl,credit-card,0,3,24.0,46.85,507.88,0,0,82.8,0,0
C02331,66,two-year,dsl,credit-card,1,4,37.0,59.81,4176.93,0,1,80.5,0,0
C02332,14,one-year,dsl,credit-card,0,2,43.0,46.92,682.94,1,0,50.6,0,0
C02333,13,two-year,fiber,credit-card,0,3,25.0,78.27,1044.31,0,0,448.1,0,0
C02334,7,month-to-month,fiber,credit-card,0,1,51.0,49.1,340.87,2,0,323.0,1,1
C02335,20,month-to-month,fiber,mailed-check,0,2,67.0,67.34,1460.56,0,0,339.1,0,0
C02336,50,one-year,fiber,electronic-check,0,3,50.0,75.87,3717.75,2,1,298.8,0,0
C02337,28,month-to-month,fiber,electronic-check,1,1,58.0,66.64,1954.22,1,0,70.5,0,0
C02338,21,month-to-month,none,credit-card,0,3,69.0,32.63,735.01,2,0,0.0,1,1
C02339,39,month-to-month,fiber,credit-card,1,2,54.0,71.27,2834.02,2,0,61.6,1,1
C02340,49,month-to-month,fiber,mailed-check,0,5,18.0,95.06,4631.72,1,2,312.1,0,0
C02341,41,one-year,fiber,credit-card,0,3,48.0,85.64,3257.6,2,1,176.9,0,0
C02342,4,month-to-month,fiber,electronic-check,0,2,18.0,68.33,282.76,2,3,239.9,1,1
C02343,39,month-to-month,dsl,electronic-check,0,2,34.0,45.84,1730.78,0,0,80.6,0,0
C02344,32,month-to-month,none,bank-transfer,0,1,23.0,21.61,759.16,1,0,0.0,0,0
C02345,12,month-to-month,fiber,electronic-check,0,2,49.0,76.46,997.97,2,1,190.3,1,1
C02346,32,month-to-month,fiber,electronic-check,0,1,32.0,65.33,1994.78,0,1,200.8,1,1
C02347,50,two-year,fiber,mailed-check,0,1,50.0,56.29,2854.19,1,0,153.2,0,0
C02348,14,two-year,none,bank-transfer,0,3,57.0,37.67,496.73,0,0,0.0,0,0
C02349,43,two-year,fiber,credit-card,0,3,31.0,78.16,3471.11,2,1,207.8,0,0
C02350,29,month-to-month,fiber,electronic-check,1,4,49.0,94.07,2984.41,0,1,196.1,0,0
C02351,1,month-to-month,fiber,credit-card,0,2,18.0,64.02,58.53,1,0,286.8,0,0
C02352,22,month-to-month,fiber,bank-transfer,0,2,23.0,71.9,1514.23,2,0,109.7,0,0
C02353,28,one-year,fiber,electronic-check,1,4,64.0,83.46,2388.55,0,1,137.4,0,0
C02354,18,one-year,none,credit-card,0,3,32.0,28.21,466.13,1,0,0.0,0,0
C02355,30,one-year,fiber,mailed-check,0,2,37.0,62.42,1917.21,2,0,131.4,0,0
C02356,21,month-to-month,fiber,mailed-check,0,2,33.0,72.25,1611.98,2,1,236.1,0,0
C02357,72,one-year,fiber,credit-card,1,4,19.0,76.56,5489.23,1,0,279.8,0,0
C02358,17,two-year,fiber,credit-card,1,3,29.0,75.22,1188.16,1,0,224.4,0,0
C02359,12,month-to-month,none,bank-transfer,0,2,45.0,25.33,295.04,0,0,0.0,0,0
C02360,41,two-year,dsl,credit-card,1,3,39.0,46.54,1779.6,0,0,96.9,0,0
C02361,19,one-year,none,credit-card,0,1,61.0,16.53,338.29,2,0,0.0,0,0
C02362,21,month-to-month,none,mailed-check,0,1,36.0,16.73,355.6,1,0,0.0,0,0
C02363,20,two-year,dsl,credit-card,1,5,45.0,65.54,1370.51,0,1,,0,0
C02364,40,two-year,dsl,credit-card,1,2,37.0,53.8,2176.32,0,0,145.4,0,0
C02365,9,one-year,dsl,bank-transfer,1,1,59.0,47.57,468.52,1,0,130.0,0,0
C02366,43,month-to-month,dsl,credit-card,0,1,24.0,51.97,2442.64,0,1,32.1,0,0
C02367,34,month-to-month,dsl,electronic-check,0,2,52.0,51.25,1735.66,1,1,49.4,0,0
C02368,72,one-year,dsl,electronic-check,0,1,51.0,60.98,4035.6,2,0,107.5,0,0
C02369,27,month-to-month,fiber,bank-transfer,1,2,33.0,73.12,2066.73,1,0,741.0,0,0
C02370,10,month-to-month,dsl,credit-card,1,2,44.0,39.33,407.6,0,1,132.6,0,0
C02371,27,month-to-month,fiber,mailed-check,0,1,51.0,61.9,1671.85,0,0,483.3,0,0
C02372,29,month-to-month,dsl,electronic-check,0,3,35.0,80.55,2179.87,0,1,79.3,0,0
C02373,53,one-year,dsl,bank-transfer,0,2,34.0,39.28,2218.82,0,0,200.5,0,0
C02374,10,month-to-month,dsl,bank-transfer,0,3,27.0,58.83,541.73,1,1,164.3,0,0
C02375,5,month-to-month,dsl,bank-transfer,0,2,,68.07,322.76,1,0,17.8,0,0
C02376,27,month-to-month,dsl,credit-card,0,2,38.0,40.19,1107.79,1,0,71.6,0,0
C02377,72,month-to-month,dsl,bank-transfer,0,4,27.0,72.71,5204.04,0,0,64.8,0,0
C02378,37,month-to-month,fiber,electronic-check,1,2,18.0,82.69,3265.93,2,1,145.2,0,0
C02379,39,month-to-month,fiber,bank-transfer,0,1,33.0,62.88,2618.97,1,0,278.2,1,1
C02380,7,month-to-month,fiber,electronic-check,0,2,49.0,55.07,357.54,3,1,547.6,0,1
C02381,24,month-to-month,fiber,electronic-check,1,3,41.0,80.03,1945.04,0,0,228.8,0,0
C02382,53,one-year,fiber,electronic-check,0,2,50.0,69.46,3358.73,2,2,175.5,0,0
C02383,29,month-to-month,dsl,electronic-check,0,3,56.0,53.67,1640.78,0,2,103.0,0,0
C02384,5,one-year,dsl,credit-card,0,1,43.0,50.54,243.16,0,0,,1,0
C02385,24,month-to-month,fiber,electronic-check,0,1,43.0,65.27,1659.31,1,2,295.3,0,0
C02386,35,one-year,none,electronic-check,0,1,68.0,15.0,533.95,0,0,0.0,0,0
C02387,22,one-year,fiber,credit-card,0,3,56.0,74.25,1674.01,2,0,472.1,0,0
C02388,11,month-to-month,dsl,mailed-check,1,2,51.0,53.08,627.31,1,0,40.7,0,0
C02389,42,one-year,dsl,mailed-check,0,2,40.0,54.12,2131.62,1,1,51.7,0,0
C02390,16,one-year,dsl,electronic-check,1,2,55.0,60.4,974.55,0,1,132.5,0,0
C02391,32,month-to-month,fiber,credit-card,0,1,,49.65,1441.37,0,0,475.3,1,1
C02392,23,one-year,fiber,electronic-check,0,3,50.0,83.25,2010.89,1,0,196.1,0,0
C02393,16,one-year,fiber,bank-transfer,1,1,56.0,62.11,969.34,3,0,183.3,0,0
C02394,72,month-to-month,dsl,bank-transfer,0,1,50.0,46.66,3115.6,0,1,65.8,0,0
C02395,14,two-year,none,credit-card,0,2,22.0,32.11,431.9,1,0,0.0,0,0
C02396,25,month-to-month,dsl,electronic-check,0,2,46.0,44.08,1186.49,1,0,66.9,0,0
C02397,23,one-year,dsl,electronic-check,0,2,28.0,47.09,1004.25,1,0,56.5,0,0
C02398,27,two-year,fiber,bank-transfer,1,2,54.0,74.67,1819.88,0,0,157.1,0,0
C02399,72,two-year,dsl,bank-transfer,0,3,21.0,50.42,3737.67,0,0,76.1,0,0
C02400,35,one-year,none,bank-transfer,0,4,45.0,37.8,1328.9,0,0,0.0,0,0
C02401,16,one-year,fiber,bank-transfer,0,2,46.0,61.54,988.01,3,2,362.7,0,0
C02402,61,month-to-month,dsl,bank-transfer,0,3,28.0,64.83,3561.94,0,0,87.0,0,0
C02403,40,month-to-month,fiber,credit-card,1,1,44.0,71.17,2855.66,1,0,247.5,0,0
C02404,16,two-year,fiber,bank-transfer,1,2,57.0,64.03,1033.68,2,0,,0,0
C02405,55,month-to-month,fiber,credit-card,0,1,37.0,73.87,3952.26,3,0,158.9,1,1
C02406,7,two-year,dsl,electronic-check,1,1,49.0,48.51,363.89,0,1,84.3,0,0
C02407,9,month-to-month,dsl,bank-transfer,0,2,53.0,42.5,344.79,0,1,115.9,0,0
C02408,5,month-to-month,fiber,electronic-check,0,4,29.0,85.62,470.48,4,1,315.7,1,1
C02409,3,month-to-month,none,bank-transfer,0,2,46.0,30.83,90.73,0,0,0.0,0,0
C02410,52,month-to-month,none,credit-card,0,1,42.0,15.0,718.29,3,0,0.0,0,0
C02411,27,month-to-month,dsl,credit-card,0,2,45.0,30.68,816.37,1,0,133.4,0,0
C02412,5,month-to-month,none,credit-card,0,4,21.0,31.88,157.17,0,0,0.0,1,1
C02413,23,two-year,none,bank-transfer,0,4,24.0,29.21,635.0,0,1,0.0,0,0
C02414,44,one-year,fiber,electronic-check,0,1,63.0,70.2,3202.97,0,2,130.5,0,0
C02415,12,one-year,none,credit-card,0,2,56.0,19.78,247.93,0,0,0.0,0,0
C02416,18,month-to-month,fiber,bank-transfer,0,1,48.0,60.29,1171.79,3,0,483.6,0,0
C02417,72,month-to-month,fiber,credit-card,0,2,59.0,84.62,6507.03,0,0,787.6,0,0
C02418,19,one-year,fiber,bank-transfer,1,2,25.0,80.19,1638.01,0,0,361.7,0,0
C02419,6,month-to-month,dsl,electronic-check,0,3,42.0,42.94,258.95,0,0,58.6,1,1
C02420,15,month-to-month,none,credit-card,0,1,40.0,30.93,435.92,1,0,0.0,1,0
C02421,5,two-year,fiber,credit-card,0,1,33.0,77.69,387.79,0,0,182.0,0,0
C02422,38,month-to-month,dsl,electronic-check,0,1,28.0,44.03,1521.68,0,0,76.6,0,0
C02423,11,two-year,fiber,bank-transfer,0,1,65.0,62.03,741.43,3,0,292.5,1,1
C02424,11,month-to-month,none,bank-transfer,0,2,36.0,15.0,168.6,0,0,0.0,0,0
C02425,72,month-to-month,fiber,electronic-check,0,2,52.0,59.41,4606.78,7,0,155.1,1,1
C02426,8,month-to-month,dsl,credit-card,1,2,50.0,49.28,368.27,0,1,,1,1
C02427,6,two-year,dsl,mailed-check,0,2,61.0,46.4,258.9,0,0,23.6,0,0
C02428,9,one-year,fiber,electronic-check,0,2,56.0,67.42,547.83,2,0,,0,0
C02429,45,one-year,none,bank-transfer,0,3,40.0,33.03,1490.59,0,1,0.0,0,0
C02430,34,month-to-month,none,bank-transfer,0,2,26.0,39.38,1406.26,0,0,0.0,0,0
C02431,15,two-year,dsl,bank-transfer,1,2,58.0,45.45,736.31,1,1,115.8,0,0
C02432,14,one-year,dsl,electronic-check,1,1,63.0,40.47,557.3,2,2,100.2,0,0
C02433,32,one-year,none,credit-card,0,2,82.0,24.11,782.43,0,0,0.0,0,0
C02434,28,one-year,fiber,electronic-check,0,1,60.0,63.08,1668.56,6,1,480.1,0,0
C02435,20,one-year,fiber,bank-transfer,1,1,35.0,78.73,1499.14,2,0,184.0,0,0
C02436,35,one-year,dsl,electronic-check,0,6,37.0,68.6,2397.84,1,2,100.8,0,0
C02437,9,month-to-month,dsl,mailed-check,1,2,18.0,57.46,562.69,2,0,65.5,0,0
C02438,11,two-year,dsl,credit-card,1,1,33.0,65.88,692.64,0,1,158.8,0,0
C02439,36,month-to-month,dsl,bank-transfer,1,1,26.0,59.07,1917.86,0,0,83.5,0,0
C02440,29,two-year,dsl,bank-transfer,0,3,54.0,53.72,1559.18,1,1,84.4,0,0
C02441,24,month-to-month,fiber,electronic-check,1,5,59.0,81.44,1965.02,5,0,223.4,1,1
C02442,72,month-to-month,fiber,credit-card,1,2,79.0,62.53,4144.78,2,0,295.9,0,0
C02443,41,month-to-month,fiber,electronic-check,1,2,90.0,71.01,2833.63,2,2,238.5,0,0
C02444,15,one-year,fiber,electronic-check,0,3,49.0,62.56,884.42,0,0,238.2,0,0
C02445,12,month-to-month,dsl,mailed-check,1,1,36.0,63.09,771.53,0,0,74.0,0,0
C02446,30,two-year,none,electronic-check,0,1,39.0,15.81,509.21,3,1,0.0,0,0
C02447,52,one-year,fiber,electronic-check,0,2,35.0,70.49,3798.14,2,0,261.7,0,0
C02448,4,month-to-month,dsl,credit-card,0,2,80.0,52.36,220.61,0,0,148.9,0,0
C02449,29,month-to-month,fiber,credit-card,1,2,18.0,60.59,1853.59,0,0,297.5,0,0
C02450,18,one-year,dsl,electronic-check,0,4,69.0,68.19,1105.93,1,0,70.6,0,0
C02451,27,two-year,none,electronic-check,0,5,31.0,43.98,1187.85,2,0,0.0,0,0
C02452,6,month-to-month,fiber,electronic-check,0,4,39.0,78.0,448.42,0,0,552.1,1,1
C02453,52,two-year,dsl,bank-transfer,0,1,18.0,48.24,2612.31,0,0,41.7,0,0
C02454,62,month-to-month,fiber,credit-card,0,3,61.0,74.53,4910.79,1,0,127.1,0,0
C02455,38,one-year,fiber,credit-card,1,2,57.0,70.09,2508.52,1,0,170.9,0,0
C02456,71,one-year,dsl,bank-transfer,0,3,29.0,49.85,3841.59,0,0,123.5,0,0
C02457,17,month-to-month,dsl,bank-transfer,1,1,62.0,46.17,847.1,0,0,57.6,0,0
C02458,28,month-to-month,dsl,credit-card,0,3,59.0,58.57,1737.4,0,1,56.7,0,0
C02459,38,one-year,none,credit-card,0,3,37.0,23.61,969.16,0,1,0.0,0,0
C02460,31,month-to-month,none,bank-transfer,0,3,18.0,32.51,910.08,1,0,0.0,0,0
C02461,19,month-to-month,dsl,bank-transfer,0,3,42.0,39.79,723.05,1,0,127.1,0,0
C02462,21,month-to-month,fiber,mailed-check,0,2,61.0,80.14,1544.94,2,0,463.2,0,0
C02463,58,one-year,fiber,mailed-check,1,1,31.0,55.42,3533.69,0,0,359.7,0,0
C02464,23,month-to-month,dsl,credit-card,0,1,61.0,31.41,707.87,1,0,100.2,0,0
C02465,50,month-to-month,dsl,electronic-check,0,2,32.0,46.2,2506.48,2,1,128.4,0,0
C02466,22,two-year,fiber,bank-transfer,1,5,44.0,87.05,1945.17,0,0,927.1,0,0
C02467,50,one-year,fiber,mailed-check,1,4,34.0,77.86,4174.09,1,0,254.6,0,0
C02468,25,month-to-month,fiber,electronic-check,0,6,47.0,96.75,2294.91,0,1,255.1,0,0
C02469,36,month-to-month,fiber,credit-card,0,1,57.0,63.35,2103.45,1,0,725.6,0,0
C02470,13,month-to-month,dsl,credit-card,1,3,69.0,53.68,645.24,1,0,67.6,0,0
C02471,28,month-to-month,none,mailed-check,0,2,48.0,24.24,712.57,0,1,0.0,0,0
C02472,13,month-to-month,dsl,mailed-check,0,3,22.0,69.01,884.47,0,1,225.1,0,0
C02473,17,month-to-month,none,bank-transfer,0,2,54.0,22.07,358.09,0,0,0.0,0,0
C02474,18,month-to-month,dsl,electronic-check,1,3,41.0,75.52,1419.97,0,0,48.2,0,0
C02475,20,one-year,fiber,bank-transfer,0,2,40.0,86.32,1643.67,0,3,265.2,1,1
C02476,46,month-to-month,dsl,electronic-check,0,3,47.0,45.97,2268.35,0,0,129.7,0,0
C02477,16,month-to-month,none,bank-transfer,0,1,53.0,27.89,408.87,1,1,0.0,0,0
C02478,26,two-year,dsl,credit-card,1,2,39.0,45.56,1142.21,0,0,84.9,0,0
C02479,50,month-to-month,dsl,bank-transfer,1,2,54.0,51.67,2473.98,1,0,46.8,0,0
C02480,36,one-year,dsl,electronic-check,0,2,51.0,37.7,1469.57,0,3,124.6,0,0
C02481,4,month-to-month,fiber,bank-transfer,0,1,54.0,64.83,257.44,1,1,713.6,0,0
C02482,6,one-year,fiber,electronic-check,0,1,58.0,87.84,539.18,0,1,306.4,0,0
C02483,31,month-to-month,fiber,mailed-check,0,2,18.0,64.32,2140.91,0,1,404.9,0,0
C02484,15,month-to-month,fiber,credit-card,1,2,39.0,76.68,1203.11,0,0,161.6,1,1
C02485,5,two-year,none,mailed-check,0,2,43.0,26.75,131.25,0,0,0.0,0,0
C02486,15,month-to-month,fiber,electronic-check,0,1,41.0,61.52,909.85,2,1,168.8,0,0
C02487,32,month-to-month,fiber,electronic-check,0,2,32.0,80.51,2781.67,1,0,290.8,0,0
C02488,18,month-to-month,dsl,credit-card,0,2,35.0,47.11,887.33,3,0,95.6,0,0
C02489,24,month-to-month,none,bank-transfer,0,1,53.0,20.49,451.87,1,1,0.0,1,1
C02490,19,month-to-month,dsl,mailed-check,0,2,52.0,52.7,1050.64,0,0,75.7,0,0
C02491,13,month-to-month,fiber,electronic-check,1,4,45.0,90.56,1102.96,2,2,256.1,1,1
C02492,28,month-to-month,fiber,electronic-check,0,2,30.0,67.68,2011.14,3,1,297.2,0,0
C02493,4,one-year,dsl,credit-card,0,1,58.0,63.89,258.9,0,0,93.3,0,0
C02494,11,two-year,none,bank-transfer,0,1,57.0,15.0,171.03,1,0,0.0,1,1
C02495,40,month-to-month,fiber,bank-transfer,0,2,62.0,66.0,2702.07,1,0,126.3,0,0
C02496,6,two-year,none,electronic-check,0,3,33.0,40.69,235.67,0,1,0.0,0,0
C02497,23,month-to-month,dsl,mailed-check,0,1,90.0,41.24,1023.86,0,0,32.9,0,0
C02498,17,month-to-month,dsl,bank-transfer,0,3,48.0,57.17,1063.66,0,0,154.9,0,0
C02499,15,one-year,fiber,credit-card,0,3,34.0,68.08,1055.05,1,0,491.5,0,0
C02500,43,one-year,none,credit-card,0,4,81.0,24.42,991.21,2,1,0.0,0,0
C02501,49,month-to-month,dsl,credit-card,1,1,56.0,41.65,1979.42,1,1,235.4,0,0
C02502,9,two-year,fiber,credit-card,0,2,48.0,76.82,625.13,1,1,233.3,1,1
C02503,20,two-year,fiber,bank-transfer,0,1,50.0,60.95,1207.48,0,1,229.9,0,0
C02504,3,month-to-month,fiber,electronic-check,0,2,64.0,70.06,224.03,0,1,393.3,0,0
C02505,42,one-year,fiber,bank-transfer,1,1,49.0,61.76,2673.13,1,1,267.6,0,0
C02506,22,one-year,fiber,mailed-check,1,1,19.0,71.22,1498.47,0,0,198.1,0,0
C02507,6,two-year,fiber,mailed-check,1,3,45.0,62.95,340.87,3,0,211.9,0,0
C02508,12,one-year,dsl,credit-card,0,3,58.0,54.87,631.75,1,0,100.0,0,0
C02509,8,month-to-month,dsl,electronic-check,0,1,44.0,42.98,314.13,1,5,67.1,1,1
C02510,11,one-year,dsl,credit-card,0,4,30.0,53.49,617.14,3,1,118.4,0,0
C02511,4,month-to-month,dsl,credit-card,1,2,44.0,60.51,263.02,0,0,70.3,1,1
C02512,58,one-year,fiber,credit-card,0,2,58.0,56.89,3122.08,0,1,200.5,0,0
C02513,9,one-year,fiber,credit-card,0,3,64.0,78.67,683.15,0,0,202.4,0,0
C02514,23,one-year,dsl,electronic-check,0,2,28.0,54.41,1283.61,0,2,33.5,1,1
C02515,32,month-to-month,dsl,electronic-check,0,3,27.0,52.63,1552.79,0,0,78.2,0,0
C02516,49,month-to-month,fiber,electronic-check,1,3,44.0,91.34,4661.17,0,0,308.5,0,0
C02517,24,one-year,none,electronic-check,0,2,35.0,29.22,704.32,0,1,0.0,1,1
C02518,19,month-to-month,dsl,electronic-check,0,2,36.0,45.03,938.0,1,1,192.5,0,0
C02519,25,month-to-month,none,electronic-check,0,1,41.0,25.69,591.05,2,2,0.0,0,0
C02520,9,month-to-month,dsl,mailed-check,0,3,56.0,52.0,428.33,0,0,89.5,1,1
C02521,10,two-year,fiber,electronic-check,1,2,32.0,67.53,625.82,3,1,177.9,0,0
C02522,18,month-to-month,none,bank-transfer,0,1,28.0,29.78,536.66,0,0,0.0,0,0
C02523,2,one-year,none,bank-transfer,0,1,34.0,25.11,51.07,0,0,0.0,0,0
C02524,13,month-to-month,none,bank-transfer,0,4,22.0,44.36,568.76,1,0,0.0,0,0
C02525,16,two-year,none,credit-card,0,2,46.0,15.0,244.82,0,0,0.0,0,0
C02526,72,month-to-month,none,electronic-check,0,3,47.0,33.64,2577.86,2,0,0.0,0,0
C02527,54,month-to-month,dsl,mailed-check,0,3,60.0,67.96,3944.26,0,0,99.4,0,0
C02528,32,month-to-month,fiber,mailed-check,0,2,29.0,61.85,1843.85,4,0,140.9,0,0
C02529,42,month-to-month,dsl,credit-card,1,1,47.0,47.21,1950.7,1,1,55.9,0,0
C02530,10,two-year,dsl,credit-card,1,2,50.0,49.05,451.35,1,0,119.7,0,0
C02531,25,one-year,dsl,credit-card,1,3,22.0,61.61,1491.83,2,0,79.7,0,0
C02532,39,one-year,dsl,electronic-check,0,2,48.0,46.5,1877.72,1,1,56.2,0,0
C02533,10,one-year,dsl,electronic-check,0,3,49.0,62.23,621.4,1,1,66.1,0,0
C02534,6,two-year,none,electronic-check,0,2,43.0,23.57,129.53,0,0,0.0,0,0
C02535,29,two-year,dsl,mailed-check,0,3,26.0,77.63,2106.69,1,0,120.7,0,0
C02536,7,one-year,fiber,credit-card,0,2,44.0,73.8,529.34,2,0,233.7,1,1
C02537,34,month-to-month,dsl,bank-transfer,1,3,18.0,74.21,2360.04,0,0,52.9,0,0
C02538,49,month-to-month,fiber,electronic-check,0,3,50.0,81.09,4160.73,1,0,132.4,1,1
C02539,10,one-year,fiber,credit-card,0,3,56.0,72.87,774.89,0,1,102.3,1,1
C02540,11,one-year,dsl,bank-transfer,0,6,42.0,71.24,754.43,0,1,57.5,0,0
C02541,48,one-year,none,bank-transfer,0,2,64.0,29.01,1488.16,4,0,0.0,0,0
C02542,24,month-to-month,fiber,electronic-check,1,2,35.0,52.55,1195.32,0,1,169.4,0,0
C02543,43,one-year,fiber,mailed-check,0,2,34.0,78.61,3619.34,0,0,150.0,0,0
C02544,19,month-to-month,dsl,credit-card,0,1,41.0,47.27,909.49,1,0,56.5,0,0
C02545,20,month-to-month,dsl,bank-transfer,0,1,79.0,50.28,926.41,0,0,72.0,0,0
C02546,24,two-year,fiber,mailed-check,1,2,41.0,75.86,1965.63,1,1,421.4,1,1
C02547,68,one-year,fiber,bank-transfer,0,1,77.0,55.56,3702.67,1,0,157.8,0,0
C02548,41,month-to-month,dsl,electronic-check,0,2,44.0,51.61,1905.22,1,1,66.6,0,0
C02549,13,month-to-month,none,mailed-check,0,1,33.0,20.96,265.93,1,0,0.0,0,0
C02550,27,one-year,fiber,credit-card,0,2,74.0,60.94,1622.72,1,0,397.1,0,0
C02551,18,month-to-month,dsl,credit-card,1,3,48.0,67.51,1258.87,1,0,88.0,1,1
C02552,15,month-to-month,dsl,credit-card,1,1,41.0,60.88,882.96,1,0,44.5,1,1
C02553,33,one-year,fiber,credit-card,1,1,58.0,62.79,2185.23,1,0,147.2,0,0
C02554,28,one-year,none,bank-transfer,0,2,64.0,29.96,921.44,0,0,0.0,0,0
C02555,10,month-to-month,fiber,credit-card,0,2,36.0,70.39,670.12,4,0,427.7,0,0
C02556,24,month-to-month,fiber,bank-transfer,0,2,59.0,67.96,1472.68,2,0,182.4,1,1
C02557,15,one-year,fiber,electronic-check,0,1,42.0,62.26,990.92,3,1,348.0,0,0
C02558,32,month-to-month,fiber,credit-card,1,1,30.0,55.73,1757.92,0,0,301.0,0,0
C02559,14,month-to-month,dsl,bank-transfer,0,3,34.0,58.72,830.26,1,0,230.5,0,0
C02560,20,month-to-month,dsl,credit-card,0,2,27.0,45.7,934.06,0,0,54.8,0,0
C02561,16,month-to-month,dsl,electronic-check,0,1,46.0,50.58,788.98,0,1,220.4,1,1
C02562,4,two-year,dsl,bank-transfer,0,3,46.0,52.17,224.4,0,0,132.7,0,0
C02563,65,month-to-month,fiber,credit-card,0,4,62.0,71.31,4936.47,2,0,158.6,1,1
C02564,23,two-year,none,mailed-check,0,2,58.0,20.2,496.21,2,0,0.0,0,0
C02565,67,month-to-month,none,electronic-check,0,2,39.0,28.51,1864.4,1,1,0.0,0,0
C02566,24,one-year,fiber,electronic-check,1,1,42.0,62.86,1596.59,1,1,280.3,0,0
C02567,37,month-to-month,dsl,electronic-check,1,3,35.0,48.21,1841.58,3,1,120.8,1,1
C02568,13,one-year,none,bank-transfer,0,3,,43.46,522.57,1,1,0.0,0,0
C02569,14,two-year,dsl,credit-card,1,3,42.0,44.72,605.08,1,0,223.6,0,0
C02570,22,month-to-month,fiber,bank-transfer,0,2,46.0,81.01,1748.86,3,0,248.2,1,1
C02571,66,month-to-month,fiber,electronic-check,0,2,67.0,79.59,5588.04,0,3,256.1,1,1
C02572,10,two-year,none,mailed-check,0,2,68.0,32.66,319.11,0,0,0.0,0,0
C02573,3,two-year,dsl,electronic-check,1,3,,61.69,187.22,0,0,130.3,0,0
C02574,47,two-year,dsl,bank-transfer,1,3,57.0,49.4,2498.07,1,1,140.6,0,0
C02575,39,month-to-month,none,electronic-check,0,2,55.0,21.16,875.65,1,0,0.0,0,0
C02576,16,month-to-month,fiber,electronic-check,0,1,37.0,80.97,1247.84,2,0,734.1,1,1
C02577,72,month-to-month,none,credit-card,0,1,66.0,29.04,1963.32,1,0,0.0,0,0
C02578,72,one-year,dsl,bank-transfer,0,2,23.0,54.61,4174.66,0,0,,0,0
C02579,4,month-to-month,dsl,credit-card,1,1,61.0,41.06,158.76,1,0,175.8,0,0
C02580,13,month-to-month,fiber,bank-transfer,0,2,,63.54,836.7,0,0,251.1,0,0
C02581,22,one-year,fiber,electronic-check,1,3,29.0,66.34,1371.31,1,2,139.9,1,1
C02582,31,month-to-month,fiber,bank-transfer,1,2,42.0,65.09,1991.01,0,0,,0,0
C02583,28,one-year,fiber,electronic-check,1,3,73.0,73.51,1990.37,2,1,195.8,0,0
C02584,23,month-to-month,fiber,bank-transfer,0,1,83.0,67.0,1442.24,3,0,584.1,0,0
C02585,9,two-year,fiber,credit-card,0,1,33.0,75.3,704.78,2,0,170.1,0,0
C02586,34,month-to-month,dsl,electronic-check,1,2,44.0,67.78,2395.27,0,1,49.6,0,0
C02587,35,one-year,none,electronic-check,0,2,42.0,37.72,1200.24,0,0,,0,0
C02588,45,month-to-month,fiber,electronic-check,0,2,45.0,60.59,2825.84,0,0,697.1,0,0
C02589,8,month-to-month,fiber,electronic-check,0,3,69.0,69.62,581.53,2,1,122.5,1,1
C02590,20,month-to-month,dsl,electronic-check,0,2,39.0,43.06,905.39,1,1,257.5,0,0
C02591,16,two-year,dsl,credit-card,1,3,33.0,64.5,966.51,0,0,55.9,0,0
C02592,8,month-to-month,dsl,electronic-check,0,1,38.0,52.08,409.53,0,1,,0,1
C02593,19,month-to-month,none,bank-transfer,0,1,42.0,16.91,319.74,0,0,0.0,1,1
C02594,10,one-year,fiber,electronic-check,0,1,57.0,65.0,586.11,1,1,257.8,0,0
C02595,7,month-to-month,dsl,electronic-check,0,3,47.0,57.7,409.75,2,1,72.7,1,1
C02596,39,month-to-month,none,credit-card,0,5,55.0,45.36,1612.67,2,0,0.0,0,0
C02597,16,month-to-month,dsl,bank-transfer,1,1,,55.92,912.45,0,0,68.3,1,1
C02598,13,month-to-month,dsl,electronic-check,0,1,41.0,47.65,680.4,2,1,46.4,1,1
C02599,52,month-to-month,none,credit-card,0,2,44.0,24.34,1183.57,2,0,0.0,0,0
C02600,36,month-to-month,fiber,electronic-check,1,1,52.0,69.3,2357.52,1,3,190.5,0,0
C02601,3,month-to-month,fiber,electronic-check,0,3,36.0,74.33,244.11,1,1,438.8,1,1
C02602,31,month-to-month,fiber,credit-card,1,2,46.0,74.21,2123.94,1,1,350.7,1,1
C02603,31,one-year,none,electronic-check,0,1,61.0,19.52,590.57,1,2,0.0,0,0
C02604,19,one-year,none,mailed-check,0,2,47.0,35.55,672.89,1,0,0.0,1,1
C02605,18,month-to-month,fiber,credit-card,0,2,64.0,81.23,1466.86,1,0,85.8,1,1
C02606,5,month-to-month,dsl,credit-card,1,1,31.0,44.43,234.89,1,1,136.3,0,0
C02607,72,one-year,dsl,electronic-check,1,1,50.0,62.63,4329.75,3,0,98.4,0,0
C02608,19,month-to-month,fiber,electronic-check,1,1,54.0,67.63,1201.7,1,2,316.5,0,0
C02609,30,two-year,none,electronic-check,0,2,50.0,29.37,856.42,1,0,0.0,0,0
C02610,20,month-to-month,fiber,electronic-check,0,3,41.0,87.5,1644.51,0,2,250.7,1,1
C02611,13,month-to-month,none,electronic-check,0,1,23.0,37.18,491.74,1,1,0.0,1,1
C02612,42,month-to-month,dsl,bank-transfer,1,1,62.0,55.41,2430.33,2,0,53.5,0,0
C02613,26,one-year,fiber,credit-card,1,1,24.0,68.62,1775.21,0,1,482.3,0,0
C02614,19,month-to-month,dsl,electronic-check,1,1,25.0,42.96,887.69,1,1,75.2,0,0
C02615,30,month-to-month,dsl,credit-card,0,2,54.0,53.52,1540.11,1,0,83.4,0,0
C02616,22,month-to-month,fiber,mailed-check,0,1,39.0,70.78,1551.12,2,0,118.8,1,1
C02617,70,one-year,fiber,credit-card,1,1,47.0,69.32,4513.52,0,0,153.0,0,0
C02618,41,month-to-month,none,credit-card,0,2,26.0,24.16,916.53,0,0,0.0,0,0
C02619,33,one-year,dsl,electronic-check,1,4,49.0,54.91,1637.93,0,0,77.0,0,0
C02620,5,month-to-month,dsl,credit-card,1,4,58.0,62.57,330.39,0,1,65.3,0,0
C02621,34,month-to-month,fiber,bank-transfer,0,3,22.0,70.62,2450.55,2,1,209.7,0,0
C02622,34,month-to-month,dsl,mailed-check,0,2,49.0,37.39,1372.04,0,0,116.9,0,0
C02623,10,two-year,dsl,electronic-check,1,2,59.0,43.68,405.9,0,2,183.8,0,0
C02624,5,month-to-month,fiber,credit-card,1,2,25.0,67.14,349.11,1,0,314.1,0,0
C02625,39,month-to-month,fiber,credit-card,1,3,47.0,69.39,2666.19,0,0,147.6,0,0
C02626,43,two-year,fiber,electronic-check,1,2,46.0,72.38,3363.38,0,1,129.2,0,0
C02627,14,month-to-month,dsl,bank-transfer,0,2,50.0,40.49,527.4,0,0,54.1,0,0
C02628,13,month-to-month,fiber,credit-card,0,3,41.0,66.34,895.37,1,0,268.7,1,1
C02629,26,month-to-month,none,credit-card,0,2,23.0,35.58,988.06,0,1,0.0,0,0
C02630,16,one-year,fiber,electronic-check,0,3,39.0,82.95,1289.7,2,1,403.1,1,1
C02631,5,month-to-month,none,bank-transfer,0,1,37.0,22.92,109.45,1,1,0.0,0,0
C02632,10,two-year,fiber,electronic-check,1,2,44.0,81.65,894.06,2,1,236.3,0,0
C02633,29,one-year,dsl,credit-card,0,2,63.0,44.72,1339.27,1,1,68.6,0,0
C02634,10,month-to-month,dsl,electronic-check,0,1,23.0,51.31,524.87,2,0,87.1,0,0
C02635,44,month-to-month,dsl,bank-transfer,0,2,59.0,48.84,2171.53,1,0,36.1,1,1
C02636,33,one-year,none,bank-transfer,0,1,72.0,32.26,974.22,1,0,0.0,1,1
C02637,30,two-year,fiber,electronic-check,0,3,71.0,77.19,2478.07,1,3,208.1,0,0
C02638,25,two-year,fiber,credit-card,0,1,72.0,58.27,1381.44,2,0,136.4,0,0
C02639,12,month-to-month,fiber,mailed-check,0,2,48.0,81.23,1058.83,2,0,474.3,0,0
C02640,36,one-year,dsl,electronic-check,0,1,46.0,42.13,1517.86,1,2,,0,0
C02641,12,one-year,none,credit-card,0,2,18.0,15.87,185.83,0,0,0.0,0,0
C02642,46,two-year,fiber,electronic-check,0,1,42.0,77.48,3850.82,2,1,114.6,0,0
C02643,63,month-to-month,dsl,mailed-check,0,3,62.0,60.39,4084.03,0,2,96.9,0,0
C02644,26,one-year,fiber,bank-transfer,1,1,24.0,58.36,1415.51,0,0,660.9,0,0
C02645,57,one-year,none,bank-transfer,0,2,32.0,24.44,1527.09,2,0,0.0,0,0
C02646,10,two-year,fiber,electronic-check,0,1,47.0,64.21,585.39,0,1,431.2,0,0
C02647,33,one-year,none,credit-card,0,2,20.0,18.12,569.69,3,0,0.0,0,0
C02648,23,two-year,dsl,electronic-check,0,5,72.0,58.41,1350.42,0,2,124.9,0,0
C02649,40,month-to-month,none,credit-card,0,2,54.0,24.47,898.62,1,0,0.0,0,0
C02650,3,month-to-month,dsl,electronic-check,0,2,50.0,58.13,176.15,0,1,52.9,1,1
C02651,38,month-to-month,fiber,bank-transfer,0,3,57.0,81.94,3149.39,3,1,309.2,0,0
C02652,13,two-year,none,credit-card,0,4,40.0,30.86,366.3,1,0,0.0,0,0
C02653,24,month-to-month,dsl,mailed-check,0,2,49.0,56.93,1252.01,0,0,58.2,1,1
C02654,72,one-year,fiber,bank-transfer,0,1,30.0,77.19,5915.94,3,1,292.0,0,0
C02655,34,two-year,dsl,bank-transfer,1,1,18.0,38.39,1316.19,0,0,33.5,0,0
C02656,31,two-year,none,electronic-check,0,2,45.0,31.14,1029.45,1,0,0.0,0,0
C02657,29,one-year,dsl,bank-transfer,0,2,69.0,50.38,1598.0,2,0,330.0,0,0
C02658,49,one-year,fiber,credit-card,1,4,70.0,78.08,3742.06,2,0,196.7,0,0
C02659,41,month-to-month,none,electronic-check,0,3,42.0,30.39,1171.61,1,0,0.0,0,0
C02660,30,month-to-month,fiber,mailed-check,1,2,,76.75,2120.3,1,0,341.6,0,0
C02661,27,month-to-month,fiber,credit-card,0,3,22.0,65.16,1737.21,0,0,146.2,0,0
C02662,26,one-year,fiber,mailed-check,1,1,61.0,65.27,1586.18,0,0,339.5,0,0
C02663,22,month-to-month,fiber,electronic-check,0,4,51.0,77.33,1554.45,0,0,341.3,0,0
C02664,8,month-to-month,dsl,credit-card,0,2,42.0,50.43,370.39,1,1,75.8,0,0
C02665,34,one-year,fiber,electronic-check,1,4,18.0,78.78,2445.68,1,1,515.2,0,0
C02666,15,month-to-month,fiber,bank-transfer,0,2,18.0,64.25,1022.96,3,0,112.8,1,1
C02667,20,two-year,fiber,electronic-check,1,3,47.0,90.34,1940.62,1,0,207.2,0,0
C02668,43,month-to-month,none,electronic-check,0,1,22.0,15.0,659.64,0,0,0.0,0,0
C02669,22,two-year,dsl,credit-card,0,2,53.0,54.82,1181.47,0,0,143.5,0,0
C02670,21,month-to-month,dsl,credit-card,0,2,54.0,54.88,1158.54,0,0,71.3,0,0
C02671,26,one-year,dsl,bank-transfer,0,5,25.0,65.88,1679.36,2,0,64.1,0,0
C02672,18,one-year,fiber,bank-transfer,1,1,46.0,67.48,1190.05,1,0,280.4,0,1
C02673,72,month-to-month,none,mailed-check,0,5,31.0,45.34,2982.82,3,0,0.0,0,0
C02674,72,month-to-month,fiber,electronic-check,1,2,59.0,66.05,4710.28,1,1,252.0,0,0
C02675,72,two-year,fiber,electronic-check,1,1,90.0,62.33,,0,1,287.2,0,0
C02676,29,month-to-month,fiber,bank-transfer,1,2,43.0,67.73,1923.36,3,0,170.3,1,1
C02677,14,one-year,fiber,credit-card,1,1,67.0,69.09,1053.64,0,0,248.6,0,0
C02678,44,month-to-month,fiber,electronic-check,0,1,60.0,69.38,3157.43,1,0,250.2,0,0
C02679,18,one-year,dsl,credit-card,0,2,44.0,41.88,720.98,1,0,42.6,0,0
C02680,46,month-to-month,fiber,credit-card,1,3,53.0,74.8,3596.98,1,0,241.5,1,1
C02681,13,one-year,fiber,credit-card,0,2,26.0,65.4,891.03,2,0,123.1,1,1
C02682,31,one-year,dsl,mailed-check,1,2,47.0,42.83,1433.56,0,0,64.6,0,0
C02683,51,month-to-month,dsl,electronic-check,1,2,40.0,46.55,2261.55,0,2,69.4,1,1
C02684,19,month-to-month,none,credit-card,0,3,65.0,21.39,374.1,2,0,0.0,0,0
C02685,19,two-year,fiber,mailed-check,1,2,36.0,55.91,1080.24,1,0,383.8,0,0
C02686,6,one-year,none,electronic-check,0,2,29.0,26.02,160.51,0,0,0.0,0,0
C02687,14,two-year,dsl,electronic-check,1,1,30.0,52.87,755.49,2,1,66.5,1,1
C02688,29,one-year,dsl,credit-card,0,1,58.0,42.88,1158.66,1,0,77.9,0,0
C02689,32,one-year,fiber,bank-transfer,0,1,42.0,72.72,2136.52,2,0,285.1,0,0
C02690,36,one-year,dsl,bank-transfer,0,1,20.0,51.51,1891.61,1,0,94.4,0,0
C02691,4,two-year,fiber,electronic-check,1,2,60.0,63.38,257.76,2,2,436.7,0,0
C02692,18,month-to-month,dsl,electronic-check,1,1,22.0,38.73,701.69,0,0,126.1,1,1
C02693,7,month-to-month,dsl,credit-card,0,3,37.0,43.86,299.39,0,0,142.3,0,0
C02694,28,two-year,fiber,bank-transfer,0,3,42.0,77.22,2364.83,1,0,216.8,0,0
C02695,5,two-year,fiber,bank-transfer,0,3,29.0,79.4,373.38,1,0,365.7,0,0
C02696,9,month-to-month,none,electronic-check,0,1,20.0,20.27,168.75,2,0,0.0,1,1
C02697,40,month-to-month,dsl,credit-card,0,3,57.0,49.11,1817.11,3,1,297.8,0,0
C02698,15,one-year,dsl,electronic-check,0,2,55.0,49.64,758.32,1,2,77.1,1,1
C02699,58,one-year,none,mailed-check,0,1,46.0,25.82,1604.67,0,0,,0,0
C02700,36,month-to-month,fiber,electronic-check,0,2,50.0,75.0,2631.5,1,1,367.3,1,1
C02701,19,one-year,dsl,bank-transfer,0,2,19.0,54.37,1110.69,0,0,299.3,0,0
C02702,45,month-to-month,dsl,electronic-check,1,2,53.0,52.77,2515.2,1,3,154.1,0,0
C02703,20,month-to-month,fiber,mailed-check,1,1,51.0,74.4,1367.73,3,0,163.4,0,0
C02704,39,one-year,fiber,electronic-check,0,2,52.0,62.41,2385.21,1,1,426.8,0,0
C02705,13,month-to-month,none,credit-card,0,4,52.0,30.38,402.46,0,0,0.0,0,0
C02706,47,one-year,fiber,credit-card,0,1,60.0,57.74,2935.81,1,0,192.6,0,0
C02707,5,month-to-month,fiber,credit-card,0,1,43.0,61.96,305.76,3,0,170.0,1,1
C02708,9,two-year,fiber,credit-card,1,3,46.0,86.92,826.96,0,1,202.5,0,0
C02709,10,month-to-month,dsl,electronic-check,1,4,25.0,54.12,586.8,1,0,132.7,1,1
C02710,14,two-year,dsl,credit-card,0,1,55.0,39.26,572.81,1,0,155.9,0,0
C02711,30,one-year,fiber,electronic-check,0,3,35.0,61.56,1885.77,1,2,467.7,1,1
C02712,23,month-to-month,fiber,electronic-check,0,4,36.0,85.26,1788.62,1,1,194.2,1,1
C02713,39,two-year,fiber,bank-transfer,0,3,39.0,74.87,2921.8,3,1,121.3,0,0
C02714,51,month-to-month,dsl,credit-card,0,1,29.0,56.25,2757.97,0,0,114.8,0,0
C02715,5,month-to-month,none,bank-transfer,0,1,43.0,31.3,143.91,0,0,0.0,0,0
C02716,55,two-year,fiber,credit-card,0,1,57.0,56.17,2925.59,2,0,101.2,1,0
C02717,20,two-year,dsl,mailed-check,0,4,28.0,59.52,1225.65,1,0,75.1,0,0
C02718,72,one-year,dsl,bank-transfer,0,2,45.0,60.23,3920.7,1,0,53.8,0,0
C02719,13,two-year,dsl,credit-card,0,1,55.0,39.19,477.33,0,0,30.9,0,0
C02720,3,month-to-month,dsl,credit-card,0,5,18.0,72.93,224.95,1,0,,0,1
C02721,37,month-to-month,fiber,electronic-check,1,2,73.0,50.17,1836.0,1,2,180.8,0,0
C02722,35,month-to-month,dsl,electronic-check,0,1,38.0,44.59,1554.86,1,4,65.8,0,0
C02723,9,month-to-month,dsl,mailed-check,0,1,31.0,40.05,337.83,1,1,93.3,0,0
C02724,10,one-year,dsl,credit-card,0,3,46.0,63.57,574.67,0,0,34.0,0,0
C02725,41,month-to-month,fiber,credit-card,1,1,35.0,62.03,2543.01,2,1,142.8,0,0
C02726,31,one-year,fiber,electronic-check,1,3,44.0,81.61,2520.06,1,0,281.4,0,0
C02727,18,month-to-month,fiber,bank-transfer,0,3,34.0,79.25,1543.97,0,0,328.3,0,0
C02728,33,month-to-month,fiber,bank-transfer,1,2,62.0,64.02,1919.16,0,0,491.0,0,0
C02729,29,one-year,fiber,mailed-check,1,1,85.0,72.17,1962.19,1,0,277.2,0,0
C02730,11,month-to-month,fiber,electronic-check,1,1,56.0,69.42,720.68,1,0,333.4,0,0
C02731,43,one-year,fiber,bank-transfer,1,1,48.0,52.98,2107.98,3,0,261.6,0,0
C02732,38,one-year,fiber,mailed-check,0,1,37.0,69.25,2742.02,2,0,386.8,1,1
C02733,24,one-year,none,credit-card,0,2,61.0,21.29,491.57,0,0,0.0,0,0
C02734,41,two-year,dsl,credit-card,0,1,33.0,48.79,2134.69,0,1,63.1,0,0
C02735,72,two-year,fiber,credit-card,0,3,50.0,77.1,5387.65,0,0,236.7,1,0
C02736,10,month-to-month,dsl,credit-card,0,2,37.0,58.16,580.59,0,1,89.4,0,0
C02737,19,one-year,dsl,bank-transfer,0,3,26.0,62.66,1238.29,0,0,48.2,1,1
C02738,20,month-to-month,fiber,electronic-check,0,3,42.0,68.8,1483.89,3,3,112.2,1,1
C02739,41,month-to-month,dsl,mailed-check,0,1,30.0,40.94,1533.75,0,0,56.7,0,0
C02740,14,one-year,fiber,electronic-check,0,4,67.0,78.05,1140.6,3,1,172.4,0,0
C02741,39,one-year,dsl,mailed-check,0,3,34.0,63.6,2243.15,0,0,106.0,0,0
C02742,16,two-year,fiber,bank-transfer,1,4,43.0,76.84,1231.33,0,0,88.3,0,0
C02743,9,one-year,dsl,bank-transfer,0,2,35.0,52.64,477.78,0,0,282.9,0,0
C02744,25,one-year,fiber,credit-card,1,1,26.0,72.3,1850.08,1,1,160.2,0,0
C02745,15,one-year,fiber,bank-transfer,1,3,55.0,75.44,1147.18,0,0,110.2,0,0
C02746,27,month-to-month,dsl,bank-transfer,1,2,44.0,63.91,1636.1,1,1,45.5,0,0
C02747,31,month-to-month,fiber,credit-card,0,3,80.0,70.71,2339.33,0,0,231.4,0,0
C02748,5,month-to-month,fiber,mailed-check,1,2,61.0,74.36,365.97,3,0,154.9,0,0
C02749,17,one-year,fiber,credit-card,0,1,46.0,68.2,1187.26,2,1,225.9,0,0
C02750,25,month-to-month,dsl,electronic-check,0,2,51.0,51.05,1274.08,0,1,73.1,0,0
C02751,41,month-to-month,dsl,credit-card,0,4,44.0,42.96,1766.24,0,0,94.1,0,0
C02752,38,month-to-month,none,bank-transfer,0,1,30.0,17.83,669.71,0,0,0.0,0,0
C02753,12,one-year,dsl,electronic-check,0,2,23.0,36.09,393.88,0,2,109.7,0,0
C02754,21,month-to-month,none,credit-card,0,2,29.0,21.05,436.21,0,0,0.0,0,0
C02755,33,month-to-month,fiber,credit-card,0,1,65.0,64.41,2321.89,0,0,203.5,0,0
C02756,19,month-to-month,dsl,electronic-check,0,5,49.0,83.44,1671.62,0,0,53.0,0,0
C02757,13,month-to-month,fiber,electronic-check,0,6,53.0,96.05,1297.36,2,0,393.8,0,0
C02758,23,month-to-month,fiber,bank-transfer,0,2,57.0,61.77,1312.49,3,0,301.9,0,0
C02759,30,two-year,dsl,bank-transfer,1,3,42.0,56.61,1671.37,0,0,84.6,0,0
C02760,11,month-to-month,none,credit-card,0,3,36.0,33.38,386.28,4,0,0.0,1,1
C02761,35,month-to-month,dsl,credit-card,0,2,75.0,50.81,1618.19,1,0,67.9,0,0
C02762,26,one-year,fiber,mailed-check,0,4,53.0,80.15,1925.67,1,0,486.8,0,0
C02763,36,one-year,dsl,credit-card,0,1,20.0,40.56,1425.13,1,0,143.3,0,0
C02764,22,month-to-month,fiber,bank-transfer,1,3,19.0,77.89,1794.74,1,0,283.1,1,1
C02765,70,month-to-month,dsl,electronic-check,0,3,56.0,57.09,3765.06,0,1,76.1,1,0
C02766,30,two-year,fiber,electronic-check,0,3,32.0,80.44,2349.23,2,4,103.2,1,1
C02767,39,two-year,fiber,credit-card,0,2,43.0,76.71,2888.96,1,0,367.9,0,0
C02768,35,month-to-month,fiber,electronic-check,0,3,18.0,81.45,2875.2,0,0,260.8,1,1
C02769,20,one-year,none,electronic-check,0,4,38.0,35.86,720.55,0,0,0.0,0,0
C02770,28,month-to-month,fiber,credit-card,1,4,59.0,78.7,2304.88,4,0,122.3,0,0
C02771,14,month-to-month,fiber,credit-card,1,2,,75.93,1003.87,0,1,230.3,0,0
C02772,67,month-to-month,fiber,electronic-check,1,3,27.0,68.42,4814.92,2,0,221.5,0,0
C02773,32,one-year,dsl,bank-transfer,0,1,41.0,25.22,867.5,4,0,35.2,0,0
C02774,12,month-to-month,fiber,credit-card,0,2,46.0,56.1,612.54,0,1,117.5,0,0
C02775,57,month-to-month,dsl,electronic-check,0,2,40.0,35.01,1952.26,0,1,102.7,0,0
C02776,21,month-to-month,fiber,bank-transfer,1,3,21.0,79.5,1563.47,0,0,913.5,0,0
C02777,43,month-to-month,fiber,credit-card,0,1,51.0,66.06,2825.75,2,0,475.2,0,0
C02778,5,month-to-month,fiber,credit-card,1,2,36.0,76.3,402.6,2,0,100.3,0,0
C02779,50,month-to-month,fiber,bank-transfer,0,1,48.0,69.14,3457.23,1,2,274.6,1,1
C02780,31,one-year,dsl,electronic-check,0,3,30.0,63.3,1831.42,0,1,62.9,0,0
C02781,11,month-to-month,fiber,bank-transfer,0,1,64.0,74.04,752.85,2,0,345.8,0,0
C02782,31,month-to-month,dsl,credit-card,0,4,56.0,67.56,2211.69,0,1,95.2,1,1
C02783,62,one-year,fiber,electronic-check,0,1,40.0,72.73,4079.48,3,1,181.9,0,0
C02784,15,month-to-month,fiber,electronic-check,0,1,50.0,78.11,1282.1,1,2,378.3,1,1
C02785,15,month-to-month,fiber,bank-transfer,0,1,70.0,81.66,1113.58,0,0,257.5,0,0
C02786,20,two-year,dsl,credit-card,0,3,63.0,55.6,1051.68,0,0,101.9,0,0
C02787,25,one-year,fiber,credit-card,1,1,68.0,77.29,1888.25,0,0,249.4,0,0
C02788,45,month-to-month,dsl,mailed-check,1,1,54.0,40.34,1898.56,1,0,90.3,0,0
C02789,33,month-to-month,none,credit-card,0,2,37.0,20.78,732.34,2,0,0.0,0,0
C02790,20,month-to-month,fiber,bank-transfer,1,2,54.0,83.27,1547.32,0,0,483.7,0,0
C02791,29,month-to-month,fiber,electronic-check,0,3,70.0,75.81,2260.72,0,2,390.3,1,1
C02792,69,two-year,fiber,electronic-check,0,2,54.0,56.67,3749.8,1,1,450.3,0,0
C02793,37,one-year,fiber,mailed-check,1,2,33.0,60.41,2417.91,1,0,90.3,0,0
C02794,22,month-to-month,fiber,bank-transfer,1,3,46.0,68.82,1540.85,0,1,310.1,1,1
C02795,20,month-to-month,dsl,mailed-check,1,1,56.0,35.6,674.69,3,0,53.2,0,0
C02796,28,month-to-month,dsl,credit-card,0,4,48.0,64.29,1680.19,1,0,,0,0
C02797,44,month-to-month,dsl,electronic-check,1,2,56.0,43.09,2071.92,1,2,162.5,1,1
C02798,13,month-to-month,fiber,credit-card,1,4,36.0,77.76,1086.05,1,0,145.8,0,0
C02799,40,month-to-month,dsl,mailed-check,0,2,42.0,45.14,1771.28,1,2,101.2,1,1
C02800,21,two-year,dsl,mailed-check,0,2,50.0,39.08,767.99,0,0,68.3,0,0
C02801,24,one-year,dsl,electronic-check,1,2,51.0,39.47,999.22,0,1,148.6,0,0
C02802,72,two-year,dsl,electronic-check,0,3,36.0,62.29,4248.28,0,1,100.3,0,0
C02803,37,two-year,dsl,credit-card,0,2,18.0,52.62,2087.46,1,0,76.9,0,0
C02804,16,two-year,dsl,bank-transfer,0,3,18.0,29.42,513.96,0,0,79.6,0,0
C02805,31,two-year,fiber,credit-card,0,2,44.0,64.92,2027.26,1,0,288.5,0,0
C02806,46,month-to-month,dsl,electronic-check,1,4,48.0,67.14,3154.43,2,1,213.7,0,0
C02807,38,month-to-month,dsl,credit-card,1,1,42.0,49.52,1726.28,0,0,102.7,1,1
C02808,3,month-to-month,fiber,credit-card,0,4,46.0,97.0,294.94,1,0,321.3,0,1
C02809,23,one-year,fiber,credit-card,1,1,69.0,62.94,1449.2,3,0,405.5,0,0
C02810,32,one-year,fiber,electronic-check,1,2,38.0,73.0,2384.49,2,0,229.4,1,1
C02811,31,month-to-month,dsl,bank-transfer,1,4,50.0,52.94,1714.19,1,0,55.0,0,0
C02812,17,two-year,fiber,bank-transfer,0,3,70.0,62.63,1049.36,1,0,264.2,0,0
C02813,38,one-year,none,credit-card,0,3,29.0,32.92,1213.26,0,0,0.0,0,0
C02814,50,one-year,none,bank-transfer,0,1,72.0,16.86,793.94,1,0,0.0,0,0
C02815,5,month-to-month,none,bank-transfer,0,1,60.0,41.32,193.55,0,0,0.0,0,0
C02816,5,month-to-month,fiber,credit-card,0,2,,65.29,349.6,2,0,350.7,0,0
C02817,31,month-to-month,dsl,electronic-check,0,2,18.0,46.63,1340.13,1,0,218.7,1,1
C02818,40,month-to-month,none,bank-transfer,0,3,66.0,30.65,1126.36,3,0,0.0,0,0
C02819,15,one-year,dsl,mailed-check,1,2,72.0,57.52,899.5,2,0,60.2,0,0
C02820,3,month-to-month,fiber,credit-card,1,4,35.0,86.85,269.65,1,0,423.8,1,1
C02821,23,month-to-month,none,bank-transfer,0,2,72.0,15.0,367.19,0,1,0.0,0,0
C02822,31,month-to-month,dsl,mailed-check,0,3,20.0,65.46,1850.06,0,2,120.8,0,0
C02823,19,one-year,dsl,mailed-check,1,1,49.0,43.69,807.97,1,0,101.7,0,0
C02824,47,month-to-month,none,bank-transfer,0,1,42.0,15.0,678.82,0,0,0.0,0,0
C02825,30,two-year,none,credit-card,0,5,25.0,40.02,1122.33,1,0,0.0,0,0
C02826,13,month-to-month,dsl,bank-transfer,1,1,41.0,36.85,446.2,0,0,129.9,0,0
C02827,15,two-year,fiber,electronic-check,0,2,45.0,79.47,1293.9,2,0,243.3,0,0
C02828,24,month-to-month,dsl,credit-card,0,1,27.0,47.76,1061.15,1,0,,1,1
C02829,18,month-to-month,dsl,credit-card,1,3,55.0,63.61,1156.98,0,1,83.1,1,1
C02830,4,two-year,dsl,bank-transfer,1,1,35.0,54.55,198.17,1,0,81.5,0,0
C02831,28,one-year,fiber,credit-card,0,4,40.0,76.35,2325.96,1,0,223.4,0,0
C02832,15,one-year,dsl,mailed-check,0,3,67.0,57.0,780.82,0,0,128.6,0,0
C02833,17,one-year,dsl,credit-card,0,3,35.0,64.09,999.53,2,0,81.6,0,0
C02834,10,month-to-month,none,mailed-check,0,1,18.0,21.78,199.87,1,1,0.0,0,0
C02835,63,one-year,none,bank-transfer,0,1,41.0,15.0,1005.11,1,0,0.0,0,0
C02836,36,month-to-month,fiber,mailed-check,1,3,47.0,86.56,3208.63,1,0,370.8,0,0
C02837,72,one-year,dsl,electronic-check,0,1,41.0,45.2,3546.29,1,1,169.5,0,0
C02838,19,two-year,dsl,credit-card,1,4,58.0,53.7,951.65,1,0,66.1,0,0
C02839,37,two-year,dsl,credit-card,0,3,51.0,70.32,2452.14,0,0,118.4,0,0
C02840,28,one-year,fiber,credit-card,0,3,,59.76,1647.93,2,0,337.1,0,0
C02841,14,one-year,dsl,electronic-check,0,4,55.0,54.67,804.54,1,2,98.6,0,0
C02842,19,month-to-month,dsl,credit-card,1,2,52.0,45.41,887.89,0,0,38.2,0,0
C02843,36,month-to-month,dsl,electronic-check,0,2,52.0,57.02,1929.09,0,0,89.0,0,0
C02844,10,two-year,none,mailed-check,0,4,43.0,32.2,340.77,2,0,0.0,0,0
C02845,47,one-year,none,bank-transfer,0,2,49.0,19.52,983.88,1,0,0.0,0,0
C02846,26,month-to-month,none,electronic-check,0,2,47.0,33.35,951.41,0,1,0.0,0,0
C02847,43,one-year,none,mailed-check,0,2,40.0,31.25,1282.39,0,1,0.0,0,0
C02848,31,month-to-month,dsl,electronic-check,0,2,52.0,47.7,1481.04,0,1,300.3,0,0
C02849,5,two-year,none,credit-card,0,6,53.0,46.87,222.5,0,0,0.0,0,0
C02850,23,two-year,none,credit-card,0,2,53.0,15.98,347.61,0,0,0.0,0,0
C02851,48,month-to-month,dsl,bank-transfer,1,2,54.0,48.17,2333.39,1,0,145.4,1,1
C02852,26,month-to-month,fiber,credit-card,0,3,18.0,74.44,1754.71,4,1,,1,1
C02853,24,one-year,fiber,bank-transfer,0,1,,54.64,1216.69,3,0,310.7,0,0
C02854,26,month-to-month,dsl,mailed-check,0,3,31.0,41.77,1079.72,2,1,57.0,1,0
C02855,4,two-year,dsl,bank-transfer,1,2,62.0,46.81,185.9,0,0,69.2,0,0
C02856,51,month-to-month,dsl,credit-card,1,1,25.0,53.44,2820.3,1,1,43.2,1,1
C02857,2,month-to-month,dsl,credit-card,1,1,69.0,49.64,92.64,2,0,91.1,0,0
C02858,58,month-to-month,dsl,mailed-check,0,1,18.0,40.2,2487.42,1,1,65.1,0,0
C02859,18,one-year,fiber,credit-card,0,2,50.0,90.75,1705.38,0,0,785.2,0,0
C02860,32,one-year,fiber,credit-card,0,2,40.0,61.42,1839.11,0,0,465.5,0,0
C02861,4,two-year,dsl,electronic-check,0,1,52.0,49.4,192.22,0,4,72.1,1,1
C02862,40,two-year,fiber,bank-transfer,0,4,71.0,75.77,3319.07,2,0,172.1,1,0
C02863,36,one-year,none,bank-transfer,0,1,49.0,29.71,1153.52,1,0,0.0,0,0
C02864,34,month-to-month,none,electronic-check,0,2,59.0,24.09,760.53,1,0,0.0,0,0
C02865,3,month-to-month,dsl,electronic-check,0,3,68.0,53.09,169.29,1,1,56.5,0,0
C02866,12,two-year,dsl,credit-card,1,2,36.0,57.71,644.97,1,1,87.1,1,1
C02867,31,month-to-month,none,bank-transfer,0,2,50.0,23.68,734.17,0,0,0.0,0,0
C02868,50,two-year,none,electronic-check,0,1,66.0,25.91,1365.55,0,0,0.0,0,0
C02869,11,two-year,dsl,bank-transfer,1,2,50.0,49.12,578.91,1,0,169.1,0,0
C02870,11,one-year,none,mailed-check,0,1,36.0,15.0,154.68,0,1,,0,0
C02871,30,one-year,dsl,credit-card,1,2,53.0,67.25,1889.24,1,1,67.8,1,1
C02872,72,two-year,fiber,bank-transfer,0,1,47.0,69.15,5180.13,1,0,569.2,0,0
C02873,14,one-year,dsl,electronic-check,1,2,53.0,47.53,710.25,0,1,228.5,0,0
C02874,18,one-year,dsl,bank-transfer,0,3,37.0,65.91,1249.91,2,0,141.6,0,0
C02875,16,month-to-month,none,credit-card,0,1,49.0,15.0,262.89,2,0,0.0,0,0
C02876,21,month-to-month,fiber,bank-transfer,0,1,43.0,57.71,1098.8,0,0,175.7,1,1
C02877,53,month-to-month,fiber,mailed-check,1,6,38.0,78.68,3797.47,1,0,423.8,0,0
C02878,22,two-year,dsl,bank-transfer,0,3,65.0,53.4,1291.14,0,0,69.4,0,0
C02879,72,one-year,none,credit-card,0,3,37.0,24.71,1752.66,1,0,0.0,0,0
C02880,26,one-year,dsl,credit-card,1,2,34.0,47.68,1295.87,0,0,72.9,0,0
C02881,56,month-to-month,fiber,bank-transfer,1,1,27.0,53.24,2772.42,1,2,143.7,0,0
C02882,19,two-year,none,credit-card,0,2,44.0,19.51,361.28,0,0,0.0,0,0
C02883,8,month-to-month,dsl,electronic-check,0,1,43.0,48.64,427.69,1,1,181.3,0,0
C02884,22,one-year,none,mailed-check,0,1,56.0,30.92,717.59,2,0,0.0,0,0
C02885,34,month-to-month,none,mailed-check,0,1,27.0,20.36,737.17,0,1,0.0,0,0
C02886,12,two-year,fiber,bank-transfer,0,3,20.0,71.02,846.97,1,0,179.3,0,0
C02887,50,one-year,none,bank-transfer,0,3,18.0,35.04,1632.3,0,0,0.0,0,0
C02888,16,month-to-month,dsl,bank-transfer,1,3,52.0,64.42,1124.62,0,0,216.6,0,0
C02889,10,month-to-month,none,credit-card,0,2,61.0,33.98,305.86,0,0,0.0,0,0
C02890,72,month-to-month,fiber,electronic-check,1,3,59.0,79.09,6145.01,2,2,180.5,0,0
C02891,12,month-to-month,dsl,credit-card,0,4,,53.97,610.94,0,0,156.0,1,1
C02892,16,month-to-month,fiber,credit-card,1,1,47.0,64.56,1133.91,1,0,284.7,0,0
C02893,38,month-to-month,fiber,electronic-check,0,2,18.0,71.94,2516.2,1,2,308.9,1,1
C02894,18,month-to-month,none,electronic-check,0,2,69.0,15.0,244.28,0,1,0.0,0,0
C02895,10,month-to-month,fiber,mailed-check,1,2,62.0,70.22,639.59,2,0,224.8,0,0
C02896,15,one-year,fiber,bank-transfer,0,2,59.0,83.8,1209.19,0,0,215.2,0,0
C02897,72,month-to-month,none,mailed-check,0,2,32.0,19.88,1528.78,0,0,0.0,0,0
C02898,35,month-to-month,fiber,bank-transfer,0,2,40.0,55.48,1952.0,0,0,,0,0
C02899,40,two-year,dsl,credit-card,0,2,42.0,44.67,1711.32,0,0,110.2,0,0
C02900,29,month-to-month,none,bank-transfer,0,1,71.0,15.0,412.13,0,0,0.0,0,0
C02901,32,one-year,dsl,electronic-check,1,3,60.0,63.81,1861.05,0,1,117.7,0,0
C02902,17,two-year,fiber,bank-transfer,0,5,,106.07,1955.07,0,0,263.1,0,0
C02903,26,one-year,dsl,electronic-check,0,3,54.0,56.25,1470.81,0,2,74.4,0,0
C02904,3,month-to-month,dsl,bank-transfer,0,2,31.0,43.18,137.41,0,1,63.4,0,0
C02905,45,month-to-month,fiber,mailed-check,0,3,24.0,65.32,2750.75,0,1,289.3,1,1
C02906,17,two-year,dsl,credit-card,1,2,44.0,58.25,1076.07,0,0,66.4,0,0
C02907,8,two-year,fiber,electronic-check,0,3,28.0,80.79,611.8,1,1,217.7,0,0
C02908,27,month-to-month,fiber,mailed-check,1,1,20.0,74.37,1873.5,0,0,102.4,1,1
C02909,20,one-year,fiber,electronic-check,0,1,45.0,60.77,1233.05,1,1,314.5,0,0
C02910,44,two-year,none,mailed-check,0,2,41.0,38.05,1541.14,3,0,0.0,0,0
C02911,23,two-year,fiber,electronic-check,0,1,30.0,66.39,1594.99,1,0,673.5,0,0
C02912,14,month-to-month,fiber,credit-card,0,1,39.0,59.3,902.16,2,0,170.0,0,0
C02913,23,month-to-month,none,electronic-check,0,2,51.0,15.0,351.23,1,1,0.0,0,0
C02914,60,month-to-month,fiber,electronic-check,0,2,42.0,65.89,4131.05,1,1,245.8,0,0
C02915,45,month-to-month,none,credit-card,0,2,47.0,20.8,918.66,3,0,0.0,0,0
C02916,35,one-year,none,bank-transfer,0,2,42.0,16.43,574.2,0,0,0.0,0,0
C02917,47,month-to-month,dsl,credit-card,1,2,71.0,53.58,2358.4,0,0,94.3,0,0
C02918,37,month-to-month,fiber,credit-card,1,2,65.0,64.46,2335.95,2,0,323.6,1,1
C02919,11,month-to-month,fiber,mailed-check,1,3,47.0,67.39,751.43,2,0,217.3,1,1
C02920,40,two-year,fiber,mailed-check,0,2,33.0,62.66,2424.83,2,0,225.0,0,0
C02921,51,two-year,fiber,electronic-check,0,1,37.0,53.65,2819.97,0,3,215.1,0,0
C02922,52,two-year,dsl,bank-transfer,1,2,26.0,45.43,2338.69,1,2,60.7,0,0
C02923,9,two-year,fiber,bank-transfer,1,3,33.0,70.64,642.72,2,0,186.2,0,0
C02924,16,two-year,none,credit-card,0,2,55.0,23.04,333.57,1,0,0.0,0,0
C02925,14,month-to-month,fiber,bank-transfer,0,2,36.0,73.06,1099.63,3,0,320.3,1,1
C02926,19,month-to-month,fiber,electronic-check,1,1,42.0,77.25,1364.82,0,3,385.6,1,1
C02927,33,two-year,fiber,bank-transfer,0,2,63.0,78.08,2724.47,2,0,195.7,0,0
C02928,27,one-year,fiber,bank-transfer,0,2,53.0,57.49,1623.99,0,0,409.0,0,0
C02929,27,month-to-month,dsl,credit-card,0,3,46.0,62.15,1668.25,0,0,163.7,1,0
C02930,7,two-year,dsl,mailed-check,0,2,43.0,58.66,374.94,1,0,76.0,0,0
C02931,15,month-to-month,fiber,credit-card,1,3,42.0,81.06,1231.16,1,0,920.3,0,0
C02932,55,two-year,dsl,bank-transfer,1,2,59.0,46.39,2382.05,3,0,57.5,0,0
C02933,50,one-year,dsl,bank-transfer,1,3,49.0,66.72,3557.29,1,0,51.2,0,0
C02934,22,month-to-month,none,bank-transfer,0,1,41.0,15.0,332.55,0,1,0.0,0,0
C02935,41,two-year,fiber,electronic-check,1,3,26.0,83.53,3372.2,2,0,201.6,0,0
C02936,31,one-year,dsl,electronic-check,1,2,52.0,58.29,1878.07,2,1,132.5,0,0
C02937,44,one-year,fiber,electronic-check,1,2,50.0,74.0,3580.97,5,1,180.2,1,1
C02938,42,one-year,fiber,credit-card,0,1,21.0,50.62,2136.46,0,1,94.9,1,1
C02939,24,month-to-month,dsl,mailed-check,1,1,43.0,46.62,1208.45,2,0,69.0,0,0
C02940,35,month-to-month,fiber,electronic-check,0,3,50.0,81.66,2587.63,2,2,215.6,0,0
C02941,32,month-to-month,dsl,mailed-check,1,3,41.0,55.39,1779.62,0,1,110.7,1,1
C02942,24,month-to-month,dsl,credit-card,0,4,72.0,59.34,1332.85,1,1,26.0,0,0
C02943,21,month-to-month,fiber,mailed-check,1,4,68.0,77.01,1728.61,1,0,214.1,0,0
C02944,70,month-to-month,none,electronic-check,0,2,26.0,20.78,1413.76,0,1,0.0,0,0
C02945,24,month-to-month,fiber,bank-transfer,0,1,41.0,64.24,1541.78,0,0,258.1,1,1
C02946,39,one-year,none,credit-card,0,2,60.0,34.59,1440.59,1,1,0.0,0,0
C02947,67,month-to-month,dsl,credit-card,1,3,44.0,49.37,3599.28,0,0,56.6,0,0
C02948,35,month-to-month,fiber,electronic-check,0,1,56.0,68.14,2222.01,4,0,234.4,0,0
C02949,34,two-year,fiber,bank-transfer,0,1,35.0,43.48,1390.7,1,0,261.7,0,0
C02950,24,two-year,dsl,electronic-check,0,4,21.0,55.8,1377.55,0,0,,0,0
C02951,32,two-year,dsl,electronic-check,1,2,55.0,55.71,1933.24,3,0,110.8,0,0
C02952,19,month-to-month,dsl,electronic-check,0,3,40.0,63.04,1147.72,1,0,56.5,1,1
C02953,72,one-year,fiber,bank-transfer,0,3,84.0,66.1,4673.31,0,0,318.4,0,0
C02954,7,month-to-month,fiber,mailed-check,0,2,59.0,72.26,472.89,2,0,221.6,0,1
C02955,22,one-year,dsl,credit-card,1,3,29.0,61.23,1456.63,1,0,132.6,0,0
C02956,36,two-year,none,electronic-check,0,4,55.0,28.52,1098.16,2,1,0.0,0,0
C02957,34,month-to-month,fiber,bank-transfer,1,1,44.0,51.58,1784.64,3,0,387.0,0,0
C02958,19,two-year,none,credit-card,0,3,53.0,19.17,337.81,0,1,0.0,0,0
C02959,5,one-year,dsl,bank-transfer,1,3,34.0,42.19,215.54,0,0,65.2,0,0
C02960,8,month-to-month,dsl,electronic-check,1,2,50.0,55.62,450.85,0,0,101.3,0,0
C02961,28,month-to-month,dsl,electronic-check,0,3,61.0,55.75,1527.99,0,3,75.9,1,1
C02962,3,two-year,fiber,credit-card,0,4,57.0,76.48,214.77,3,0,183.1,0,0
C02963,37,month-to-month,fiber,credit-card,1,1,61.0,57.79,2342.29,1,0,384.2,0,0
C02964,53,month-to-month,dsl,electronic-check,0,2,90.0,58.73,3155.16,1,1,52.6,0,0
C02965,42,month-to-month,none,credit-card,0,2,38.0,23.21,973.09,0,0,0.0,0,0
C02966,48,two-year,dsl,credit-card,0,1,72.0,47.45,2138.87,2,1,55.6,0,0
C02967,4,month-to-month,fiber,electronic-check,0,1,49.0,57.62,243.34,1,2,297.9,1,1
C02968,20,two-year,fiber,bank-transfer,0,2,39.0,60.46,1320.79,1,1,517.3,0,0
C02969,10,one-year,dsl,credit-card,0,3,45.0,63.0,678.18,0,0,226.9,0,0
C02970,6,month-to-month,dsl,bank-transfer,0,3,59.0,55.56,359.56,0,0,79.2,1,1
C02971,17,month-to-month,fiber,electronic-check,0,1,39.0,66.25,1080.57,3,1,154.6,1,1
C02972,66,one-year,fiber,electronic-check,1,2,18.0,72.49,4505.15,1,3,253.3,1,0
C02973,72,month-to-month,dsl,credit-card,1,2,,57.8,4447.07,0,0,97.3,0,0
C02974,12,month-to-month,fiber,bank-transfer,0,4,48.0,89.21,1002.75,1,1,106.6,1,1
C02975,26,month-to-month,fiber,bank-transfer,0,1,37.0,55.95,1349.3,1,1,99.6,1,1
C02976,32,two-year,dsl,bank-transfer,0,1,26.0,42.81,1345.79,2,0,47.2,0,0
C02977,20,one-year,fiber,credit-card,1,4,51.0,71.65,1560.06,1,1,460.8,0,0
C02978,56,month-to-month,fiber,credit-card,0,3,64.0,76.32,4603.5,2,0,220.0,0,0
C02979,17,month-to-month,fiber,electronic-check,0,1,32.0,61.78,1015.36,1,1,190.4,1,1
C02980,15,month-to-month,fiber,credit-card,1,3,49.0,72.4,1094.0,2,0,321.4,0,0
C02981,12,one-year,none,mailed-check,0,2,78.0,23.1,265.9,0,0,0.0,0,0
C02982,20,month-to-month,dsl,mailed-check,0,1,59.0,42.69,875.01,0,1,61.9,0,0
C02983,1,two-year,fiber,bank-transfer,0,1,45.0,85.09,82.68,2,1,267.1,1,1
C02984,21,two-year,fiber,electronic-check,1,1,44.0,49.43,1031.21,2,1,279.2,0,0
C02985,27,month-to-month,fiber,electronic-check,0,2,38.0,68.69,2007.5,1,3,385.9,1,1
C02986,28,two-year,none,credit-card,0,1,46.0,15.0,452.25,0,0,0.0,0,0
C02987,10,one-year,dsl,bank-transfer,0,1,39.0,46.23,453.86,1,0,43.4,1,1
C02988,28,one-year,dsl,mailed-check,1,4,41.0,48.58,1341.42,1,1,88.8,0,0
C02989,27,month-to-month,fiber,credit-card,0,3,43.0,74.39,1938.65,1,0,297.4,0,0
C02990,28,two-year,none,electronic-check,0,3,21.0,24.06,688.31,2,1,0.0,0,0
C02991,43,month-to-month,none,electronic-check,0,3,43.0,38.53,1793.5,0,1,0.0,0,0
C02992,9,two-year,fiber,credit-card,1,2,86.0,58.02,474.91,0,0,129.3,0,0
C02993,20,month-to-month,fiber,bank-transfer,0,2,25.0,59.07,1148.18,1,0,,0,0
C02994,4,month-to-month,fiber,mailed-check,0,3,69.0,65.75,288.93,0,0,358.4,0,0
C02995,40,two-year,dsl,credit-card,0,3,61.0,57.9,2171.07,2,0,91.5,0,0
C02996,11,month-to-month,fiber,credit-card,1,2,55.0,71.56,813.03,2,1,149.4,0,0
C02997,47,month-to-month,fiber,credit-card,0,5,38.0,82.51,3588.33,3,0,352.6,0,0
C02998,48,two-year,dsl,electronic-check,1,3,60.0,59.99,2718.8,0,0,67.9,0,0
C02999,22,month-to-month,dsl,electronic-check,0,2,74.0,31.74,752.58,0,0,37.4,0,0
C03000,21,two-year,fiber,bank-transfer,0,2,62.0,67.92,1498.46,0,0,392.8,0,0
C03001,7,two-year,dsl,electronic-check,1,2,50.0,49.72,381.22,1,0,32.3,0,0
C03002,25,month-to-month,fiber,mailed-check,0,2,47.0,71.29,1689.99,0,0,221.4,1,1
C03003,42,one-year,dsl,credit-card,0,1,37.0,45.39,1869.01,0,0,132.3,0,0
C03004,30,two-year,none,electronic-check,0,1,48.0,21.88,635.74,0,1,0.0,0,0
C03005,60,two-year,dsl,bank-transfer,0,2,55.0,53.46,3069.0,1,1,127.6,0,0
C03006,18,month-to-month,none,credit-card,0,2,47.0,40.45,787.36,1,1,0.0,0,0
C03007,18,one-year,dsl,credit-card,0,3,45.0,60.6,1006.37,1,2,55.7,1,1
C03008,12,one-year,dsl,bank-transfer,0,3,46.0,42.83,562.67,0,0,89.9,1,1
C03009,72,month-to-month,dsl,mailed-check,1,1,74.0,51.59,3409.88,0,0,87.3,0,0
C03010,6,one-year,fiber,bank-transfer,1,3,49.0,73.69,466.95,2,0,237.4,0,0
C03011,40,month-to-month,none,electronic-check,0,2,50.0,20.31,737.9,0,1,0.0,0,0
C03012,43,month-to-month,dsl,credit-card,1,2,18.0,38.3,1585.6,0,0,123.7,0,0
C03013,42,month-to-month,none,credit-card,0,3,61.0,27.53,1148.01,0,0,0.0,0,0
C03014,12,two-year,dsl,mailed-check,0,1,55.0,46.47,510.72,1,0,54.6,0,0
C03015,22,month-to-month,dsl,electronic-check,1,2,55.0,55.89,1137.0,0,3,104.9,0,0
C03016,36,month-to-month,fiber,bank-transfer,1,1,56.0,56.07,2072.36,2,0,145.4,0,0
C03017,15,month-to-month,fiber,credit-card,1,2,32.0,66.56,920.78,2,0,307.6,0,0
C03018,19,month-to-month,dsl,credit-card,1,2,42.0,45.92,947.55,0,0,202.5,0,0
C03019,15,two-year,none,mailed-check,0,3,73.0,25.33,354.27,1,0,0.0,0,0
C03020,26,month-to-month,none,credit-card,0,2,26.0,15.0,407.53,0,0,0.0,0,0
C03021,25,month-to-month,dsl,credit-card,0,1,26.0,36.39,965.42,2,0,51.4,0,0
C03022,67,two-year,fiber,electronic-check,1,4,25.0,77.48,5058.63,2,1,309.0,0,0
C03023,37,month-to-month,fiber,mailed-check,1,3,44.0,79.92,3213.98,2,0,187.7,0,0
C03024,8,month-to-month,fiber,credit-card,0,1,70.0,63.04,496.17,0,0,467.1,1,1
C03025,9,two-year,none,electronic-check,0,2,51.0,15.32,132.6,1,0,0.0,0,0
C03026,41,one-year,dsl,bank-transfer,1,2,63.0,47.8,2043.74,1,0,115.6,0,0
C03027,25,month-to-month,dsl,electronic-check,0,2,18.0,39.96,968.02,1,2,53.0,0,0
C03028,72,one-year,none,credit-card,0,1,34.0,25.84,1948.26,2,0,,0,0
C03029,72,one-year,fiber,mailed-check,0,1,36.0,76.88,5242.92,2,0,333.8,0,0
C03030,12,one-year,none,electronic-check,0,2,71.0,25.65,291.69,1,2,0.0,1,1
C03031,31,month-to-month,dsl,mailed-check,0,3,49.0,60.29,1816.31,1,0,43.2,0,0
C03032,9,two-year,fiber,bank-transfer,0,3,46.0,69.18,644.03,2,0,525.6,0,0
C03033,40,one-year,dsl,mailed-check,0,3,49.0,56.73,2462.54,1,0,50.7,0,0
C03034,72,one-year,fiber,bank-transfer,0,1,43.0,64.39,4884.96,1,0,118.3,0,0
C03035,28,two-year,dsl,bank-transfer,1,1,76.0,52.6,1429.85,1,0,114.4,0,0
C03036,18,two-year,fiber,credit-card,0,1,76.0,59.87,1061.77,1,0,417.0,0,0
C03037,33,one-year,fiber,electronic-check,0,2,63.0,68.96,2281.39,0,0,172.5,0,0
C03038,46,month-to-month,dsl,bank-transfer,1,5,62.0,55.77,2346.08,0,0,55.9,0,0
C03039,46,month-to-month,fiber,electronic-check,1,1,39.0,69.7,3204.1,1,2,293.9,1,0
C03040,18,one-year,fiber,electronic-check,0,2,54.0,64.47,1153.91,2,2,643.0,1,1
C03041,15,month-to-month,none,electronic-check,0,2,18.0,21.99,336.41,1,1,0.0,0,0
C03042,29,one-year,fiber,electronic-check,0,2,40.0,62.39,1929.96,3,2,396.3,0,0
C03043,19,one-year,dsl,electronic-check,0,3,23.0,53.0,1093.09,0,2,,0,0
C03044,56,one-year,dsl,bank-transfer,1,3,54.0,60.23,3633.43,3,1,80.6,0,0
C03045,19,month-to-month,fiber,electronic-check,0,3,45.0,77.35,1482.92,2,0,219.8,1,1
C03046,26,two-year,none,bank-transfer,0,1,58.0,29.72,841.16,0,0,0.0,0,0
C03047,32,one-year,fiber,electronic-check,1,3,56.0,69.26,2430.03,2,4,272.9,1,1
C03048,7,month-to-month,fiber,electronic-check,1,1,63.0,64.56,416.45,0,0,198.1,0,0
C03049,16,one-year,fiber,bank-transfer,0,2,35.0,78.7,1167.07,1,1,217.6,0,0
C03050,72,month-to-month,dsl,credit-card,0,1,20.0,37.0,2721.65,0,0,65.9,0,0
C03051,45,one-year,fiber,bank-transfer,0,2,76.0,79.13,3773.29,1,0,228.8,0,0
C03052,19,month-to-month,fiber,electronic-check,0,3,38.0,86.75,1685.53,0,0,238.1,1,1
C03053,41,one-year,dsl,mailed-check,0,1,46.0,35.74,1461.89,0,2,101.5,0,0
C03054,55,month-to-month,dsl,credit-card,1,1,63.0,64.07,3611.38,1,0,118.1,0,0
C03055,21,month-to-month,fiber,mailed-check,1,3,42.0,72.38,1459.86,0,0,1084.1,0,0
C03056,43,month-to-month,fiber,credit-card,0,3,29.0,61.07,2731.38,2,0,464.2,0,0
C03057,39,month-to-month,fiber,mailed-check,0,2,78.0,60.79,2573.97,0,0,441.8,0,0
C03058,9,two-year,fiber,mailed-check,0,3,38.0,73.33,716.5,5,1,483.0,0,0
C03059,21,two-year,dsl,bank-transfer,0,2,74.0,46.29,1033.66,1,0,115.6,0,0
C03060,69,month-to-month,fiber,mailed-check,0,3,52.0,68.27,4802.64,1,1,112.6,0,0
C03061,72,month-to-month,fiber,bank-transfer,0,3,62.0,64.66,4544.59,2,1,325.4,1,1
C03062,45,one-year,fiber,bank-transfer,0,1,61.0,53.34,2403.18,5,0,213.2,1,1
C03063,15,month-to-month,dsl,electronic-check,0,2,40.0,62.81,898.64,2,1,68.6,1,1
C03064,2,month-to-month,dsl,credit-card,0,1,56.0,47.43,96.1,1,1,42.5,0,0
C03065,14,month-to-month,fiber,credit-card,1,1,76.0,72.61,1102.86,1,1,124.3,0,0
C03066,8,one-year,dsl,credit-card,0,2,67.0,42.1,342.82,0,0,81.6,0,0
C03067,72,two-year,dsl,electronic-check,0,3,64.0,51.44,3707.09,1,0,103.8,0,0
C03068,4,month-to-month,fiber,electronic-check,0,1,57.0,56.49,226.37,2,4,253.5,0,0
C03069,9,two-year,fiber,electronic-check,0,2,45.0,65.63,536.91,5,1,201.9,0,0
C03070,29,two-year,fiber,mailed-check,1,1,34.0,73.14,2172.31,2,1,321.4,0,0
C03071,25,two-year,none,mailed-check,0,1,71.0,16.16,405.06,1,0,0.0,0,0
C03072,66,one-year,fiber,electronic-check,1,1,38.0,63.81,4401.81,0,0,327.3,0,0
C03073,38,two-year,fiber,mailed-check,0,2,39.0,64.28,2320.05,0,0,334.7,0,0
C03074,22,one-year,dsl,credit-card,1,5,47.0,70.82,1533.96,0,0,132.5,0,0
C03075,56,two-year,dsl,electronic-check,0,1,25.0,40.12,2378.82,0,0,36.6,0,0
C03076,18,month-to-month,none,credit-card,0,1,41.0,29.82,531.35,0,0,0.0,0,0
C03077,70,one-year,fiber,credit-card,0,3,35.0,71.88,5474.19,2,0,187.9,0,0
C03078,12,one-year,fiber,credit-card,0,2,25.0,89.38,1078.11,2,0,625.6,0,0
C03079,24,month-to-month,dsl,credit-card,1,2,28.0,59.58,1474.8,0,0,158.6,0,0
C03080,3,month-to-month,dsl,mailed-check,0,1,46.0,44.58,123.18,0,0,104.0,0,0
C03081,47,month-to-month,none,bank-transfer,0,4,62.0,35.55,1645.61,0,0,0.0,0,0
C03082,28,month-to-month,dsl,mailed-check,1,2,45.0,60.97,1633.32,0,0,30.5,0,0
C03083,70,month-to-month,dsl,bank-transfer,0,1,30.0,47.61,3072.81,1,1,50.6,0,0
C03084,20,month-to-month,fiber,electronic-check,0,2,37.0,74.8,1583.55,1,0,197.0,0,0
C03085,7,month-to-month,none,bank-transfer,0,2,52.0,41.91,314.49,0,1,0.0,0,0
C03086,34,one-year,dsl,mailed-check,0,2,64.0,51.65,1874.41,0,0,74.1,0,0
C03087,16,month-to-month,fiber,credit-card,0,2,61.0,53.19,819.84,0,0,522.3,1,1
C03088,42,month-to-month,dsl,electronic-check,0,3,50.0,56.38,2167.87,1,0,67.1,0,0
C03089,12,month-to-month,dsl,mailed-check,0,1,69.0,54.38,661.15,0,1,286.4,0,0
C03090,62,month-to-month,fiber,electronic-check,0,2,39.0,72.52,4877.05,3,0,134.9,1,1
C03091,26,month-to-month,dsl,electronic-check,0,1,29.0,35.74,928.15,1,1,128.6,0,0
C03092,22,two-year,dsl,credit-card,0,1,42.0,44.32,1015.47,0,1,85.1,0,0
C03093,59,month-to-month,fiber,bank-transfer,1,1,66.0,76.87,4748.85,3,0,213.6,0,0
C03094,47,month-to-month,none,credit-card,0,2,57.0,15.0,702.87,1,1,0.0,0,0
C03095,14,one-year,none,bank-transfer,0,2,63.0,15.0,216.96,1,0,0.0,0,0
C03096,46,two-year,fiber,credit-card,0,1,45.0,58.3,2854.99,1,0,285.7,0,0
C03097,40,month-to-month,fiber,electronic-check,0,5,49.0,94.17,3486.84,1,0,171.2,0,0
C03098,23,month-to-month,none,mailed-check,0,2,44.0,15.0,330.3,1,0,0.0,1,1
C03099,44,one-year,fiber,electronic-check,1,2,34.0,70.97,3180.85,0,2,304.3,0,0
C03100,62,month-to-month,none,electronic-check,0,1,47.0,23.97,1498.52,0,1,0.0,0,0
C03101,24,month-to-month,fiber,bank-transfer,0,4,43.0,80.01,1893.96,1,0,193.0,0,0
C03102,24,two-year,dsl,credit-card,1,3,40.0,43.15,1008.11,2,0,180.0,0,0
C03103,23,two-year,dsl,electronic-check,1,2,56.0,51.05,1235.39,1,0,37.7,0,0
C03104,13,one-year,fiber,credit-card,0,2,49.0,61.28,830.38,0,0,316.1,1,1
C03105,24,month-to-month,dsl,bank-transfer,1,1,67.0,46.17,1047.54,1,1,212.0,0,0
C03106,22,one-year,fiber,mailed-check,1,3,34.0,67.87,1608.28,2,0,433.3,0,0
C03107,21,two-year,fiber,bank-transfer,0,4,41.0,82.65,1899.12,3,0,143.7,0,0
C03108,20,two-year,fiber,credit-card,0,1,20.0,64.6,1292.51,2,0,174.8,1,0
C03109,9,month-to-month,fiber,credit-card,0,3,32.0,64.89,613.1,0,0,237.2,1,1
C03110,50,month-to-month,fiber,electronic-check,0,2,56.0,74.42,3870.9,1,0,140.7,1,1
C03111,16,month-to-month,fiber,credit-card,0,2,59.0,68.83,1011.27,3,0,175.9,0,0
C03112,64,two-year,fiber,electronic-check,0,2,57.0,72.54,4918.51,0,2,119.4,0,0
C03113,11,month-to-month,fiber,bank-transfer,0,1,66.0,66.57,693.48,4,0,350.0,0,0
C03114,72,month-to-month,fiber,electronic-check,0,2,55.0,78.01,,0,2,427.9,0,0
C03115,19,month-to-month,none,mailed-check,0,1,48.0,24.6,422.1,0,1,0.0,1,1
C03116,47,month-to-month,fiber,credit-card,1,2,57.0,73.23,3286.89,2,1,210.0,1,1
C03117,28,two-year,dsl,electronic-check,1,3,35.0,39.78,1080.98,1,0,55.4,0,0
C03118,8,month-to-month,fiber,credit-card,0,1,22.0,61.5,481.15,0,2,330.9,1,1
C03119,8,month-to-month,fiber,credit-card,1,2,41.0,48.89,391.85,0,0,174.3,0,0
C03120,15,one-year,fiber,bank-transfer,1,1,43.0,52.99,793.87,0,0,155.3,0,0
C03121,18,one-year,fiber,bank-transfer,0,3,49.0,83.35,1465.79,0,0,358.6,0,0
C03122,24,one-year,dsl,mailed-check,1,1,35.0,40.32,989.82,3,2,163.1,0,0
C03123,32,two-year,dsl,electronic-check,1,3,38.0,63.16,2160.54,1,2,95.3,0,0
C03124,22,month-to-month,fiber,mailed-check,0,3,59.0,67.71,1357.65,2,0,108.0,0,0
C03125,31,month-to-month,fiber,credit-card,1,5,29.0,82.9,2562.84,0,0,436.0,0,0
C03126,34,month-to-month,none,electronic-check,0,3,46.0,30.19,927.97,0,1,0.0,0,0
C03127,21,one-year,fiber,electronic-check,0,3,38.0,86.37,1810.23,0,0,133.2,0,0
C03128,40,two-year,dsl,credit-card,0,2,22.0,57.02,2076.39,2,1,73.9,0,0
C03129,46,month-to-month,dsl,electronic-check,1,3,41.0,50.04,2191.02,2,0,103.2,0,0
C03130,35,one-year,fiber,mailed-check,1,3,34.0,70.09,2356.27,1,1,200.1,0,0
C03131,36,one-year,fiber,mailed-check,0,3,41.0,75.56,2668.43,0,0,478.3,0,0
C03132,29,two-year,fiber,mailed-check,0,1,48.0,83.16,2648.25,1,0,282.9,1,1
C03133,53,month-to-month,dsl,credit-card,0,2,18.0,49.74,2764.94,2,0,91.9,0,0
C03134,25,month-to-month,none,mailed-check,0,4,63.0,27.57,737.92,0,0,,0,0
C03135,15,one-year,fiber,mailed-check,1,3,90.0,67.97,1103.7,0,0,,0,0
C03136,25,two-year,none,electronic-check,0,1,33.0,17.71,424.24,0,1,0.0,0,0
C03137,8,one-year,fiber,credit-card,0,2,38.0,71.74,524.7,1,0,150.2,1,1
C03138,7,two-year,fiber,bank-transfer,1,2,35.0,61.95,411.31,1,1,180.8,0,0
C03139,46,month-to-month,dsl,credit-card,1,3,31.0,61.79,3095.75,1,0,179.2,0,0
C03140,65,one-year,none,credit-card,0,2,77.0,18.96,1289.38,2,0,0.0,0,0
C03141,19,month-to-month,dsl,mailed-check,1,1,42.0,54.6,1058.62,2,2,80.9,1,1
C03142,46,month-to-month,dsl,mailed-check,1,2,57.0,51.29,2583.32,1,0,68.3,0,0
C03143,4,month-to-month,dsl,mailed-check,1,1,65.0,41.55,163.95,0,0,115.1,0,0
C03144,35,month-to-month,none,credit-card,0,2,63.0,15.0,557.08,3,1,0.0,0,0
C03145,25,month-to-month,none,electronic-check,0,2,64.0,21.4,537.47,1,1,0.0,0,0
C03146,72,one-year,dsl,bank-transfer,0,3,27.0,54.38,4177.39,1,0,70.4,0,0
C03147,22,two-year,dsl,bank-transfer,0,2,61.0,49.74,1173.17,0,0,44.5,0,0
C03148,10,month-to-month,dsl,bank-transfer,0,1,41.0,49.08,452.74,0,0,75.5,0,0
C03149,6,month-to-month,none,mailed-check,0,4,72.0,31.27,184.81,0,0,0.0,0,0
C03150,25,month-to-month,dsl,electronic-check,1,1,34.0,49.18,1194.19,1,0,66.8,0,0
C03151,29,month-to-month,fiber,electronic-check,0,2,29.0,62.12,1855.98,1,0,83.2,0,0
C03152,21,month-to-month,none,credit-card,0,3,46.0,37.44,770.76,1,0,0.0,0,0
C03153,47,one-year,dsl,bank-transfer,0,2,56.0,57.55,2846.97,1,0,48.9,0,0
C03154,60,two-year,dsl,electronic-check,0,3,19.0,57.1,3346.17,0,1,86.6,0,0
C03155,19,month-to-month,dsl,electronic-check,0,2,40.0,55.64,1028.41,0,0,81.9,0,0
C03156,5,one-year,fiber,mailed-check,0,4,30.0,77.13,367.42,0,0,283.5,0,0
C03157,31,one-year,fiber,credit-card,1,2,60.0,68.12,2102.98,0,0,453.6,0,0
C03158,54,month-to-month,fiber,credit-card,0,2,38.0,67.64,3744.71,1,0,460.8,0,0
C03159,19,month-to-month,none,mailed-check,0,2,63.0,34.95,681.05,1,0,0.0,0,0
C03160,36,month-to-month,dsl,bank-transfer,1,3,35.0,56.16,2014.75,1,0,89.8,0,0
C03161,10,month-to-month,none,bank-transfer,0,1,51.0,15.0,161.32,0,1,0.0,0,0
C03162,30,two-year,fiber,mailed-check,0,1,25.0,64.1,1821.54,3,0,227.8,0,0
C03163,37,month-to-month,none,electronic-check,0,3,44.0,25.77,918.34,0,1,0.0,0,0
C03164,31,month-to-month,fiber,electronic-check,1,2,30.0,71.0,2193.08,1,0,157.5,0,0
C03165,72,month-to-month,fiber,credit-card,1,4,69.0,78.25,5577.59,1,0,664.8,0,0
C03166,64,month-to-month,none,electronic-check,0,2,62.0,15.0,979.98,0,2,0.0,0,0
C03167,41,two-year,dsl,bank-transfer,0,3,49.0,45.99,1776.41,0,0,97.7,0,0
C03168,51,month-to-month,none,electronic-check,0,1,61.0,16.6,802.73,2,0,0.0,0,0
C03169,30,one-year,dsl,electronic-check,1,3,39.0,65.61,2027.08,1,0,28.3,0,0
C03170,24,month-to-month,fiber,credit-card,0,5,55.0,69.94,1830.01,0,0,397.9,0,0
C03171,18,month-to-month,fiber,bank-transfer,0,1,45.0,67.78,1277.94,1,0,259.5,1,1
C03172,9,month-to-month,none,bank-transfer,0,3,54.0,42.47,398.1,2,0,0.0,1,1
C03173,66,two-year,dsl,bank-transfer,0,2,48.0,57.72,3757.59,0,0,61.3,0,0
C03174,72,month-to-month,dsl,credit-card,1,1,45.0,44.8,3041.1,1,0,132.9,0,0
C03175,26,one-year,fiber,mailed-check,1,3,19.0,73.18,1968.29,1,0,199.6,0,0
C03176,26,month-to-month,fiber,bank-transfer,1,3,36.0,80.13,2201.47,3,1,402.9,0,0
C03177,38,one-year,none,bank-transfer,0,2,73.0,37.06,1347.57,0,0,0.0,0,0
C03178,22,one-year,none,electronic-check,0,2,44.0,30.74,619.63,0,1,0.0,1,1
C03179,11,one-year,fiber,electronic-check,0,3,35.0,76.49,919.01,0,0,305.8,0,0
C03180,8,month-to-month,fiber,bank-transfer,0,1,,74.68,646.34,1,0,534.1,0,0
C03181,72,month-to-month,fiber,credit-card,1,2,23.0,71.43,5547.63,0,1,306.6,0,0
C03182,5,two-year,fiber,credit-card,1,2,39.0,70.74,344.22,3,0,439.6,0,0
C03183,32,one-year,none,credit-card,0,2,49.0,30.08,956.18,0,0,0.0,0,0
C03184,6,month-to-month,dsl,credit-card,0,3,54.0,49.9,283.65,2,0,141.1,1,1
C03185,23,month-to-month,fiber,electronic-check,0,4,51.0,103.93,2483.5,3,0,262.0,0,0
C03186,19,month-to-month,dsl,bank-transfer,0,2,69.0,51.26,1064.3,0,1,94.0,0,0
C03187,7,month-to-month,dsl,credit-card,0,2,36.0,48.52,314.61,1,1,172.5,0,0
C03188,39,month-to-month,fiber,electronic-check,1,2,24.0,76.75,3060.28,0,3,261.4,1,1
C03189,10,month-to-month,none,credit-card,0,2,41.0,33.77,336.72,0,0,0.0,0,0
C03190,6,month-to-month,dsl,mailed-check,0,1,38.0,39.52,214.66,2,0,109.4,1,1
C03191,42,one-year,fiber,electronic-check,0,5,49.0,71.33,2906.6,1,0,490.3,0,0
C03192,19,two-year,none,electronic-check,0,6,42.0,42.35,860.83,1,0,0.0,0,0
C03193,13,one-year,fiber,credit-card,1,1,48.0,67.28,833.85,2,0,247.7,0,0
C03194,44,month-to-month,none,bank-transfer,0,1,48.0,15.0,724.4,1,0,0.0,0,0
C03195,10,one-year,dsl,bank-transfer,0,4,59.0,59.8,633.11,0,0,67.3,0,0
C03196,5,month-to-month,none,mailed-check,0,2,46.0,23.97,114.14,3,0,0.0,0,0
C03197,58,one-year,fiber,credit-card,0,4,49.0,66.91,3602.86,1,0,224.6,0,0
C03198,72,month-to-month,fiber,bank-transfer,0,2,73.0,75.29,5120.11,1,1,125.6,0,0
C03199,23,month-to-month,none,electronic-check,0,1,22.0,27.19,662.71,1,0,0.0,0,0
C03200,22,one-year,none,bank-transfer,0,2,49.0,26.57,554.71,1,0,0.0,0,0
C03201,45,month-to-month,none,electronic-check,0,2,44.0,28.1,1216.87,1,0,0.0,0,0
C03202,54,one-year,fiber,mailed-check,1,2,47.0,64.77,3234.82,0,0,114.3,0,0
C03203,11,one-year,dsl,bank-transfer,0,5,55.0,64.04,732.69,0,0,274.3,0,0
C03204,20,month-to-month,fiber,credit-card,0,4,34.0,85.38,1698.07,3,0,391.6,1,1
C03205,30,month-to-month,fiber,mailed-check,1,3,38.0,64.07,2014.17,0,0,279.9,1,1
C03206,44,one-year,dsl,credit-card,0,2,57.0,41.82,1782.6,1,0,197.9,0,0
C03207,41,one-year,dsl,electronic-check,1,3,44.0,43.59,1923.38,1,1,73.3,0,0
C03208,36,two-year,dsl,credit-card,0,1,32.0,58.47,2081.35,1,0,91.6,0,0
C03209,54,month-to-month,fiber,credit-card,0,2,58.0,67.78,3723.82,2,0,113.0,0,0
C03210,24,two-year,none,bank-transfer,0,2,56.0,36.49,871.95,1,0,0.0,0,0
C03211,67,month-to-month,none,mailed-check,0,4,48.0,34.41,2093.42,0,0,0.0,0,0
C03212,16,month-to-month,fiber,credit-card,1,2,52.0,84.35,1247.79,0,1,218.5,0,0
C03213,41,one-year,none,credit-card,0,3,55.0,39.86,,2,0,0.0,0,0
C03214,18,month-to-month,none,credit-card,0,1,45.0,15.0,243.96,1,1,0.0,0,0
C03215,23,month-to-month,fiber,credit-card,0,2,51.0,70.91,1788.44,0,0,534.7,1,1
C03216,26,month-to-month,dsl,credit-card,0,3,28.0,46.97,1272.87,0,0,36.4,1,1
C03217,17,two-year,none,mailed-check,0,3,43.0,35.3,625.6,1,0,0.0,0,0
C03218,55,two-year,dsl,electronic-check,0,3,60.0,63.62,3193.33,2,0,60.7,0,0
C03219,19,two-year,fiber,bank-transfer,0,1,79.0,80.04,1594.36,1,1,107.7,0,0
C03220,25,month-to-month,dsl,credit-card,0,3,48.0,66.02,1602.0,2,1,80.7,1,1
C03221,38,month-to-month,dsl,credit-card,0,2,32.0,53.46,2092.5,1,0,81.8,1,1
C03222,72,two-year,dsl,bank-transfer,0,2,41.0,52.83,3829.28,0,1,94.9,0,0
C03223,39,month-to-month,fiber,bank-transfer,0,3,24.0,73.03,2787.67,1,0,179.3,0,0
C03224,26,month-to-month,fiber,mailed-check,1,4,56.0,94.59,2696.0,1,0,545.9,0,0
C03225,4,month-to-month,none,credit-card,0,5,47.0,33.09,140.42,0,0,0.0,0,0
C03226,22,one-year,dsl,bank-transfer,1,3,32.0,46.7,1011.2,1,0,93.5,0,0
C03227,15,one-year,none,electronic-check,0,2,43.0,16.22,262.18,1,0,0.0,0,0
C03228,20,month-to-month,fiber,bank-transfer,0,6,57.0,98.6,1923.16,1,0,897.7,1,1
C03229,18,month-to-month,none,electronic-check,0,2,47.0,32.7,547.1,0,1,0.0,0,0
C03230,37,one-year,fiber,electronic-check,0,2,36.0,73.56,2544.99,1,2,237.4,0,0
C03231,22,one-year,none,credit-card,0,4,61.0,37.5,824.62,1,1,0.0,0,0
C03232,12,month-to-month,none,mailed-check,0,2,51.0,15.54,176.45,0,0,0.0,0,0
C03233,47,month-to-month,fiber,bank-transfer,1,3,35.0,77.17,3478.68,1,0,260.6,0,0
C03234,9,two-year,fiber,credit-card,1,3,46.0,84.87,759.2,1,0,159.3,0,0
C03235,26,one-year,none,electronic-check,0,3,18.0,21.34,507.01,0,1,0.0,0,0
C03236,23,one-year,dsl,electronic-check,0,3,50.0,45.24,1050.73,0,2,125.1,0,0
C03237,32,one-year,dsl,credit-card,1,2,,52.49,1645.21,1,0,,0,0
C03238,54,two-year,fiber,bank-transfer,0,2,62.0,76.13,3989.61,1,1,,0,0
C03239,72,month-to-month,none,mailed-check,0,2,43.0,31.53,2121.88,1,1,0.0,0,0
C03240,26,month-to-month,dsl,electronic-check,1,1,50.0,54.68,1546.71,2,2,196.4,1,1
C03241,15,month-to-month,fiber,bank-transfer,0,1,54.0,66.28,907.63,1,0,451.4,1,1
C03242,13,two-year,dsl,bank-transfer,1,2,55.0,36.74,504.11,1,0,97.5,0,0
C03243,13,month-to-month,fiber,electronic-check,0,2,44.0,74.13,1014.56,3,0,263.8,0,1
C03244,32,month-to-month,none,electronic-check,0,3,18.0,39.51,1330.33,0,1,0.0,0,0
C03245,3,month-to-month,none,credit-card,0,4,41.0,30.03,87.61,0,0,0.0,0,0
C03246,8,one-year,fiber,bank-transfer,1,4,37.0,78.9,668.56,2,0,230.7,0,0
C03247,32,one-year,fiber,bank-transfer,1,2,44.0,52.59,1712.85,2,0,173.6,0,0
C03248,48,month-to-month,fiber,electronic-check,0,2,35.0,67.76,3047.96,2,1,182.3,1,1
C03249,49,month-to-month,fiber,electronic-check,0,2,55.0,82.78,4115.71,1,1,301.0,0,0
C03250,27,one-year,none,electronic-check,0,2,76.0,21.44,569.2,2,1,0.0,0,0
C03251,44,month-to-month,dsl,electronic-check,0,2,61.0,41.55,,2,0,60.0,1,1
C03252,55,one-year,fiber,bank-transfer,1,1,45.0,80.68,4573.76,1,0,108.3,0,0
C03253,18,month-to-month,fiber,electronic-check,0,5,69.0,89.92,1648.9,1,1,430.7,1,1
C03254,51,two-year,fiber,mailed-check,0,2,60.0,73.81,3888.34,2,1,288.2,0,0
C03255,6,month-to-month,dsl,electronic-check,0,1,57.0,46.25,260.98,1,0,,0,0
C03256,8,one-year,fiber,mailed-check,0,2,37.0,64.61,531.14,2,0,153.9,0,0
C03257,19,month-to-month,fiber,mailed-check,0,2,44.0,67.89,1346.63,1,1,,1,1
C03258,5,month-to-month,none,credit-card,0,3,55.0,43.29,232.28,1,2,0.0,1,1
C03259,38,one-year,dsl,bank-transfer,0,2,78.0,44.51,1827.7,1,0,69.3,0,0
C03260,16,one-year,none,bank-transfer,0,1,67.0,30.92,542.73,0,1,0.0,0,0
C03261,23,one-year,fiber,bank-transfer,1,2,55.0,72.79,1680.5,1,0,332.5,0,0
C03262,23,one-year,fiber,electronic-check,1,3,48.0,77.84,1878.08,0,0,313.7,0,0
C03263,19,one-year,none,bank-transfer,0,4,57.0,21.64,444.75,1,0,0.0,0,0
C03264,13,two-year,none,credit-card,0,4,54.0,38.4,545.93,0,0,0.0,0,0
C03265,37,month-to-month,dsl,credit-card,0,4,69.0,59.48,2217.04,0,0,141.8,0,0
C03266,16,two-year,dsl,credit-card,0,1,29.0,32.09,503.94,0,1,141.4,0,0
C03267,23,month-to-month,fiber,bank-transfer,0,1,46.0,65.33,1433.13,3,1,452.9,0,0
C03268,33,month-to-month,dsl,credit-card,0,2,57.0,46.6,1592.24,2,1,108.8,0,0
C03269,54,one-year,fiber,credit-card,0,3,67.0,77.12,4015.56,1,0,260.4,0,0
C03270,52,month-to-month,fiber,bank-transfer,0,1,75.0,58.17,3135.44,3,0,337.1,0,0
C03271,17,month-to-month,dsl,electronic-check,0,1,24.0,36.88,659.66,1,1,158.2,1,1
C03272,13,month-to-month,fiber,electronic-check,0,2,35.0,70.76,972.96,0,1,255.4,1,1
C03273,62,month-to-month,fiber,credit-card,0,1,45.0,61.84,3958.12,3,0,394.4,0,0
C03274,16,one-year,fiber,mailed-check,0,1,27.0,62.3,955.8,0,0,49.6,0,0
C03275,36,month-to-month,fiber,credit-card,0,1,71.0,55.24,1797.63,3,0,105.7,1,1
C03276,5,month-to-month,none,electronic-check,0,4,48.0,34.54,156.74,0,0,0.0,0,0
C03277,3,month-to-month,none,mailed-check,0,3,64.0,35.13,100.89,0,0,0.0,0,0
C03278,26,month-to-month,fiber,mailed-check,0,2,43.0,72.2,1734.73,2,0,311.0,0,0
C03279,21,month-to-month,fiber,bank-transfer,0,3,52.0,72.05,1424.32,3,0,200.1,0,0
C03280,42,month-to-month,none,credit-card,0,3,25.0,16.87,655.84,1,0,0.0,0,0
C03281,13,two-year,fiber,electronic-check,0,2,30.0,63.18,747.58,2,1,456.5,0,0
C03282,31,one-year,dsl,electronic-check,1,2,30.0,44.05,1494.54,2,0,129.2,0,0
C03283,41,month-to-month,fiber,electronic-check,0,2,20.0,76.71,3034.95,2,1,469.0,0,0
C03284,14,month-to-month,dsl,bank-transfer,0,3,61.0,61.42,859.97,0,0,,0,0
C03285,19,month-to-month,fiber,mailed-check,0,5,46.0,87.49,1604.6,2,0,421.1,0,0
C03286,9,month-to-month,dsl,mailed-check,1,2,62.0,47.23,416.31,0,0,145.3,1,1
C03287,43,month-to-month,dsl,electronic-check,1,2,44.0,60.43,2348.61,1,0,119.8,0,0
C03288,37,two-year,fiber,mailed-check,0,2,63.0,75.03,2995.82,1,0,261.2,0,0
C03289,39,one-year,fiber,bank-transfer,1,1,60.0,48.4,1838.04,3,0,181.5,0,0
C03290,21,month-to-month,dsl,credit-card,1,1,44.0,57.66,1254.08,0,0,119.5,0,0
C03291,37,month-to-month,none,electronic-check,0,2,49.0,23.7,863.4,1,1,0.0,0,0
C03292,22,one-year,dsl,electronic-check,1,3,51.0,62.52,1361.8,0,0,128.7,0,0
C03293,69,two-year,fiber,bank-transfer,1,1,63.0,68.76,4712.68,1,0,199.3,0,0
C03294,25,month-to-month,dsl,credit-card,0,4,45.0,49.68,1145.04,2,2,79.4,1,1
C03295,50,two-year,fiber,electronic-check,0,2,51.0,66.26,3401.79,0,0,163.5,0,0
C03296,21,month-to-month,none,credit-card,0,2,24.0,15.0,313.72,0,0,0.0,0,0
C03297,60,one-year,none,electronic-check,0,1,33.0,15.0,879.06,1,1,0.0,0,0
C03298,13,month-to-month,fiber,mailed-check,0,3,35.0,76.13,1050.65,2,0,469.0,1,1
C03299,34,one-year,dsl,credit-card,0,1,54.0,45.55,1463.32,0,0,96.0,0,0
C03300,15,month-to-month,dsl,electronic-check,1,3,35.0,49.64,703.89,1,0,22.2,0,0
C03301,30,month-to-month,fiber,credit-card,1,2,48.0,67.98,2209.76,1,0,873.0,0,0
C03302,16,one-year,dsl,bank-transfer,1,2,43.0,50.88,747.31,0,0,67.2,0,0
C03303,25,one-year,dsl,mailed-check,0,3,46.0,60.37,1645.92,1,0,39.3,0,0
C03304,18,one-year,dsl,credit-card,0,3,59.0,49.99,933.9,1,0,155.0,0,0
C03305,40,month-to-month,dsl,credit-card,0,2,,48.8,2046.3,0,0,138.7,0,0
C03306,35,one-year,dsl,mailed-check,0,1,42.0,34.97,1114.63,0,0,76.5,0,0
C03307,15,month-to-month,dsl,credit-card,1,2,52.0,40.25,662.23,0,0,49.0,0,0
C03308,14,one-year,dsl,bank-transfer,0,1,70.0,54.04,748.73,0,0,102.6,0,0
C03309,12,month-to-month,dsl,bank-transfer,1,2,47.0,62.23,681.55,0,1,73.8,0,0
C03310,10,month-to-month,dsl,credit-card,0,1,27.0,46.64,473.35,1,0,92.1,0,0
C03311,41,month-to-month,dsl,credit-card,1,2,25.0,47.4,1893.89,0,0,93.3,0,0
C03312,11,two-year,fiber,electronic-check,0,1,41.0,61.23,699.3,2,1,96.1,0,0
C03313,32,one-year,dsl,bank-transfer,0,4,28.0,69.77,2100.23,0,0,67.8,0,0
C03314,17,month-to-month,dsl,bank-transfer,0,3,18.0,23.89,366.64,1,1,71.5,1,1
C03315,49,one-year,fiber,electronic-check,1,2,41.0,88.19,3942.63,0,0,239.3,0,0
C03316,72,month-to-month,fiber,bank-transfer,0,3,51.0,75.65,5337.13,0,0,253.1,0,0
C03317,1,month-to-month,dsl,bank-transfer,1,2,66.0,29.65,27.88,1,1,39.6,0,0
C03318,13,month-to-month,fiber,mailed-check,1,2,45.0,89.68,1242.58,2,0,,0,0
C03319,17,one-year,fiber,electronic-check,0,1,50.0,45.77,728.67,3,0,218.7,1,1
C03320,21,two-year,fiber,electronic-check,1,2,53.0,51.94,1010.25,3,0,,1,1
C03321,20,two-year,dsl,bank-transfer,0,1,46.0,37.83,720.48,1,0,151.7,0,0
C03322,8,month-to-month,none,electronic-check,0,1,35.0,18.74,161.59,1,3,0.0,1,1
C03323,72,month-to-month,none,electronic-check,0,5,78.0,49.61,3706.57,1,0,0.0,0,0
C03324,21,two-year,none,bank-transfer,0,2,30.0,22.24,442.12,0,0,0.0,0,0
C03325,35,month-to-month,none,bank-transfer,0,1,51.0,15.0,516.73,0,0,0.0,0,0
C03326,35,one-year,fiber,credit-card,1,4,33.0,77.53,2539.31,1,0,296.3,0,0
C03327,6,two-year,fiber,mailed-check,0,2,47.0,67.49,368.4,4,0,213.2,0,0
C03328,19,month-to-month,fiber,electronic-check,0,3,51.0,86.51,1507.55,1,2,298.1,0,0
C03329,41,month-to-month,fiber,bank-transfer,1,2,42.0,78.44,3159.81,0,0,451.1,0,0
C03330,62,two-year,none,bank-transfer,0,2,27.0,20.17,1140.19,1,0,0.0,0,0
C03331,19,one-year,none,mailed-check,0,2,40.0,22.24,406.42,0,0,0.0,0,0
C03332,7,two-year,dsl,bank-transfer,1,1,62.0,30.13,215.65,2,0,104.6,0,0
C03333,15,one-year,none,electronic-check,0,1,22.0,25.05,385.79,0,0,0.0,0,0
C03334,18,month-to-month,dsl,electronic-check,1,1,69.0,44.59,752.64,0,1,293.9,0,0
C03335,18,two-year,fiber,mailed-check,0,1,46.0,68.1,1316.45,4,0,159.6,0,0
C03336,12,one-year,fiber,bank-transfer,0,1,56.0,70.06,779.14,0,0,355.0,0,0
C03337,7,two-year,none,electronic-check,0,2,29.0,37.45,275.87,1,0,0.0,0,0
C03338,9,month-to-month,dsl,bank-transfer,0,4,43.0,56.88,543.0,0,0,113.3,0,0
C03339,16,month-to-month,fiber,mailed-check,1,1,35.0,65.43,976.93,3,0,217.9,1,1
C03340,41,month-to-month,fiber,credit-card,1,1,49.0,77.53,3256.3,0,1,283.2,0,0
C03341,52,month-to-month,dsl,electronic-check,0,1,29.0,43.61,2437.62,0,2,45.6,1,1
C03342,27,two-year,none,bank-transfer,0,3,36.0,29.28,743.71,1,0,0.0,0,0
C03343,10,two-year,dsl,mailed-check,0,3,76.0,76.12,698.6,1,0,138.4,0,0
C03344,16,month-to-month,none,credit-card,0,2,55.0,24.64,371.8,1,0,0.0,0,0
C03345,3,two-year,fiber,credit-card,1,3,51.0,88.88,283.24,1,1,145.4,0,0
C03346,63,month-to-month,none,electronic-check,0,3,50.0,25.53,1544.53,1,1,0.0,0,0
C03347,14,two-year,dsl,bank-transfer,1,3,67.0,51.37,758.46,0,1,70.7,0,0
C03348,33,one-year,dsl,bank-transfer,0,2,43.0,33.95,1087.74,1,0,115.8,0,0
C03349,50,one-year,none,credit-card,0,2,59.0,29.89,1599.91,2,0,0.0,0,0
C03350,72,one-year,none,mailed-check,0,2,18.0,30.74,2165.85,0,0,0.0,0,0
C03351,44,one-year,fiber,electronic-check,1,3,43.0,75.72,3471.53,3,3,202.0,0,0
C03352,18,two-year,none,electronic-check,0,3,40.0,33.67,629.75,0,0,0.0,0,0
C03353,36,month-to-month,dsl,mailed-check,0,3,37.0,62.0,2021.33,0,1,60.6,1,1
C03354,72,two-year,fiber,electronic-check,1,4,56.0,68.14,4617.55,3,1,203.8,0,0
C03355,14,month-to-month,dsl,bank-transfer,0,2,43.0,50.56,637.11,0,0,42.8,0,0
C03356,6,month-to-month,dsl,credit-card,0,2,43.0,63.27,407.38,1,0,146.2,0,0
C03357,12,one-year,dsl,electronic-check,0,4,33.0,57.74,750.0,1,1,77.3,1,0
C03358,34,one-year,fiber,electronic-check,0,3,39.0,63.99,2088.75,1,0,329.6,0,0
C03359,18,two-year,fiber,credit-card,1,2,18.0,78.65,1350.85,2,0,308.2,0,0
C03360,23,month-to-month,fiber,mailed-check,0,1,40.0,66.19,1464.36,1,0,319.5,1,1
C03361,38,month-to-month,dsl,bank-transfer,1,1,24.0,44.78,1538.36,0,0,80.3,0,0
C03362,12,month-to-month,fiber,bank-transfer,0,5,68.0,81.74,949.15,1,0,387.5,0,0
C03363,22,two-year,dsl,bank-transfer,0,4,56.0,67.36,1465.76,1,0,146.7,0,0
C03364,16,two-year,dsl,mailed-check,1,1,59.0,40.6,595.67,0,0,101.8,0,0
C03365,71,two-year,fiber,credit-card,0,4,25.0,91.57,6000.9,0,0,137.3,0,0
C03366,43,month-to-month,fiber,bank-transfer,1,2,58.0,70.68,2935.34,1,0,470.9,0,0
C03367,18,two-year,fiber,bank-transfer,0,2,35.0,78.11,1377.64,1,0,189.2,0,0
C03368,18,month-to-month,none,mailed-check,0,3,49.0,37.17,712.56,0,0,0.0,0,0
C03369,72,two-year,none,bank-transfer,0,2,42.0,15.55,1196.72,2,0,0.0,0,0
C03370,72,one-year,fiber,bank-transfer,0,1,24.0,68.82,5268.33,2,0,159.8,0,0
C03371,34,month-to-month,fiber,mailed-check,1,3,,72.85,2544.45,1,1,301.0,0,0
C03372,24,one-year,dsl,electronic-check,0,2,55.0,55.25,1447.23,0,1,70.6,0,0
C03373,8,one-year,fiber,credit-card,1,2,54.0,69.52,548.19,1,0,192.4,0,0
C03374,12,month-to-month,dsl,credit-card,0,5,24.0,49.94,624.61,1,0,178.9,0,0
C03375,7,month-to-month,fiber,electronic-check,0,2,62.0,76.32,555.07,2,3,135.7,1,1
C03376,51,one-year,dsl,bank-transfer,0,1,39.0,27.14,1266.14,0,0,95.1,0,0
C03377,8,two-year,fiber,credit-card,0,4,26.0,81.13,683.91,1,0,407.7,0,0
C03378,17,one-year,none,bank-transfer,0,2,37.0,40.16,685.04,1,0,0.0,0,0
C03379,4,month-to-month,fiber,mailed-check,1,1,25.0,76.21,319.25,3,0,163.5,0,0
C03380,6,one-year,fiber,electronic-check,0,2,34.0,73.22,450.12,2,1,334.1,1,1
C03381,40,month-to-month,none,electronic-check,0,2,38.0,20.91,856.55,0,0,0.0,0,0
C03382,30,month-to-month,fiber,credit-card,1,2,53.0,69.5,2260.98,0,1,211.3,0,0
C03383,25,month-to-month,fiber,bank-transfer,0,2,57.0,78.41,1975.76,2,0,89.9,1,1
C03384,18,month-to-month,fiber,mailed-check,0,3,61.0,68.69,1171.53,0,0,411.0,0,0
C03385,5,month-to-month,dsl,electronic-check,0,2,57.0,53.34,241.2,0,0,124.3,1,1
C03386,16,month-to-month,dsl,credit-card,1,2,18.0,43.19,672.04,0,0,126.1,0,0
C03387,21,month-to-month,dsl,electronic-check,1,2,23.0,47.75,969.26,0,0,56.8,0,0
C03388,38,one-year,fiber,credit-card,1,2,61.0,66.22,2707.53,3,0,143.4,0,0
C03389,49,month-to-month,fiber,bank-transfer,0,1,38.0,68.31,3091.65,1,0,319.4,0,0
C03390,40,month-to-month,fiber,credit-card,0,1,43.0,69.39,2539.38,2,0,275.0,0,0
C03391,30,month-to-month,fiber,mailed-check,0,2,54.0,87.23,2439.01,4,0,656.4,1,1
C03392,24,one-year,fiber,electronic-check,0,2,64.0,68.78,1622.85,1,1,343.3,0,0
C03393,28,two-year,dsl,bank-transfer,0,1,52.0,47.58,1298.96,2,0,57.8,0,0
C03394,15,month-to-month,dsl,bank-transfer,1,5,32.0,74.4,1178.29,0,0,55.6,0,0
C03395,26,one-year,dsl,mailed-check,0,2,27.0,49.8,1409.58,0,1,103.8,0,0
C03396,21,two-year,dsl,credit-card,1,1,29.0,45.78,878.87,0,0,126.6,0,0
C03397,72,one-year,dsl,credit-card,0,4,63.0,64.87,4423.46,0,0,158.3,0,0
C03398,29,month-to-month,fiber,mailed-check,1,3,58.0,69.59,2062.6,0,1,303.1,1,1
C03399,3,month-to-month,dsl,mailed-check,1,1,46.0,46.61,144.88,0,0,65.9,0,0
C03400,17,month-to-month,fiber,credit-card,0,2,24.0,63.51,989.55,1,0,201.6,0,0
C03401,19,month-to-month,dsl,credit-card,0,3,58.0,52.45,1083.88,0,0,49.1,0,0
C03402,44,month-to-month,dsl,electronic-check,1,4,48.0,77.17,3201.26,0,1,165.1,0,0
C03403,31,two-year,dsl,credit-card,0,2,34.0,48.84,1584.97,0,0,92.6,0,0
C03404,30,month-to-month,none,electronic-check,0,1,44.0,21.77,602.57,0,1,0.0,0,0
C03405,58,month-to-month,fiber,electronic-check,1,3,53.0,53.83,3316.39,1,1,334.9,1,1
C03406,72,two-year,fiber,electronic-check,0,3,38.0,78.52,5588.47,1,0,245.2,0,0
C03407,39,one-year,none,bank-transfer,0,2,29.0,40.81,1693.43,0,0,0.0,0,0
C03408,18,month-to-month,fiber,electronic-check,0,1,48.0,58.21,968.22,1,1,284.2,1,1
C03409,18,two-year,fiber,mailed-check,0,1,49.0,73.67,1455.84,0,0,282.4,0,0
C03410,53,month-to-month,fiber,electronic-check,0,1,18.0,60.04,3370.2,2,1,354.3,0,0
C03411,18,month-to-month,fiber,bank-transfer,0,1,44.0,51.76,1004.49,0,0,307.6,0,0
C03412,23,month-to-month,dsl,mailed-check,0,2,32.0,46.5,1025.24,1,0,105.7,1,1
C03413,17,month-to-month,none,bank-transfer,0,3,52.0,24.53,380.64,1,0,0.0,0,0
C03414,9,two-year,dsl,credit-card,1,2,19.0,50.92,447.0,2,0,145.0,0,0
C03415,72,month-to-month,dsl,credit-card,0,2,26.0,47.58,3248.08,2,1,32.8,0,0
C03416,23,two-year,dsl,bank-transfer,0,3,18.0,47.01,1008.98,1,1,103.2,0,0
C03417,64,month-to-month,none,credit-card,0,2,51.0,29.26,2044.93,1,0,0.0,0,0
C03418,18,two-year,fiber,electronic-check,1,3,23.0,84.39,1559.87,2,0,221.7,0,0
C03419,14,month-to-month,dsl,credit-card,0,2,25.0,55.2,764.58,1,0,119.3,0,0
C03420,37,two-year,fiber,bank-transfer,1,3,44.0,76.42,3081.69,2,1,209.2,0,0
C03421,49,month-to-month,fiber,mailed-check,0,1,43.0,64.38,3128.72,0,0,223.9,0,0
C03422,51,two-year,dsl,credit-card,0,3,55.0,59.68,3207.66,0,0,135.8,0,0
C03423,21,two-year,dsl,electronic-check,0,1,56.0,40.6,864.04,0,3,47.7,1,1
C03424,40,one-year,none,mailed-check,0,1,62.0,26.73,981.37,0,0,0.0,0,0
C03425,16,month-to-month,dsl,credit-card,0,2,69.0,39.75,684.59,0,1,81.3,0,0
C03426,26,one-year,fiber,bank-transfer,1,2,61.0,56.04,1367.95,1,0,493.5,0,0
C03427,19,one-year,fiber,credit-card,1,2,50.0,74.91,1344.77,2,0,167.5,0,0
C03428,17,one-year,fiber,electronic-check,0,1,48.0,56.41,944.84,1,0,327.7,0,0
C03429,26,one-year,fiber,bank-transfer,0,2,54.0,63.96,1659.59,0,1,312.7,0,0
C03430,9,two-year,dsl,mailed-check,0,3,18.0,46.7,409.86,0,0,36.2,0,0
C03431,46,two-year,dsl,electronic-check,0,2,43.0,54.77,2411.0,1,1,104.6,0,0
C03432,17,month-to-month,fiber,electronic-check,0,2,18.0,63.62,1126.14,3,1,342.9,1,1
C03433,45,month-to-month,fiber,mailed-check,0,1,34.0,76.12,3349.51,4,0,193.1,0,0
C03434,11,month-to-month,fiber,credit-card,1,1,23.0,71.14,714.81,0,0,487.2,0,0
C03435,17,one-year,dsl,electronic-check,1,2,51.0,52.11,927.29,2,0,47.8,0,0
C03436,9,two-year,fiber,electronic-check,0,3,54.0,87.8,853.14,1,1,138.0,0,0
C03437,9,month-to-month,fiber,electronic-check,0,1,63.0,57.53,492.72,2,1,184.5,1,1
C03438,12,month-to-month,fiber,electronic-check,0,1,30.0,66.04,757.54,1,0,164.4,0,0
C03439,11,month-to-month,fiber,credit-card,0,4,35.0,61.69,638.02,3,0,293.6,1,0
C03440,9,month-to-month,fiber,electronic-check,0,2,61.0,65.78,636.06,0,1,362.7,1,1
C03441,24,two-year,none,electronic-check,0,2,37.0,15.0,327.75,1,2,0.0,0,0
C03442,37,one-year,fiber,electronic-check,0,3,34.0,82.28,2883.73,3,1,191.9,0,0
C03443,38,month-to-month,fiber,mailed-check,1,2,56.0,80.08,3099.2,0,0,210.9,1,1
C03444,5,month-to-month,fiber,bank-transfer,0,3,53.0,72.83,363.15,0,0,308.1,0,0
C03445,19,month-to-month,fiber,mailed-check,0,3,59.0,93.28,1848.12,1,0,135.7,0,0
C03446,18,one-year,none,credit-card,0,3,52.0,23.24,383.25,2,1,0.0,0,0
C03447,59,one-year,dsl,credit-card,0,1,39.0,35.5,1990.3,1,0,88.9,0,0
C03448,20,month-to-month,dsl,bank-transfer,0,2,66.0,45.68,848.11,0,0,101.8,0,0
C03449,23,month-to-month,dsl,credit-card,0,3,58.0,58.06,1236.79,1,0,136.7,1,1
C03450,6,two-year,fiber,electronic-check,1,1,45.0,72.57,458.27,2,1,853.0,0,0
C03451,12,two-year,fiber,credit-card,0,3,58.0,81.34,1064.85,0,2,182.0,0,0
C03452,6,one-year,fiber,electronic-check,1,2,45.0,67.29,365.25,1,0,169.1,0,0
C03453,25,month-to-month,none,mailed-check,0,1,31.0,28.99,699.83,0,0,0.0,0,0
C03454,60,two-year,dsl,electronic-check,1,1,47.0,40.85,2621.94,2,0,97.6,0,0
C03455,13,one-year,fiber,bank-transfer,0,2,74.0,93.27,1206.47,0,0,,1,1
C03456,20,two-year,dsl,mailed-check,1,4,61.0,68.59,1280.46,2,0,73.9,0,0
C03457,11,month-to-month,fiber,electronic-check,1,1,51.0,48.88,486.41,1,0,165.0,0,0
C03458,15,month-to-month,fiber,electronic-check,0,1,32.0,61.1,862.9,1,0,369.0,0,0
C03459,26,month-to-month,fiber,credit-card,0,2,27.0,63.95,1613.71,2,0,258.9,1,1
C03460,72,two-year,fiber,electronic-check,0,2,41.0,86.95,5639.3,0,2,425.3,0,0
C03461,58,one-year,fiber,credit-card,0,2,36.0,62.54,3600.85,0,0,256.1,0,0
C03462,70,month-to-month,none,credit-card,0,3,45.0,15.0,1130.35,0,1,0.0,0,0
C03463,45,two-year,fiber,credit-card,0,2,47.0,78.14,3247.22,1,0,110.3,0,0
C03464,20,two-year,fiber,electronic-check,0,1,24.0,42.01,784.3,4,0,170.5,0,0
C03465,18,month-to-month,fiber,credit-card,0,3,32.0,72.21,1207.98,0,0,379.3,0,0
C03466,13,one-year,fiber,bank-transfer,0,1,40.0,71.51,1017.4,3,1,719.9,0,0
C03467,20,one-year,fiber,electronic-check,0,1,52.0,61.98,1334.35,1,2,521.1,0,0
C03468,61,month-to-month,fiber,bank-transfer,1,3,52.0,86.48,4881.51,6,0,597.1,0,0
C03469,60,one-year,fiber,bank-transfer,1,4,29.0,83.24,4950.45,1,0,230.0,0,0
C03470,72,month-to-month,fiber,mailed-check,0,2,27.0,62.8,4640.57,2,0,315.3,0,0
C03471,27,two-year,fiber,mailed-check,0,1,31.0,66.84,1976.0,0,0,296.8,0,0
C03472,8,two-year,dsl,mailed-check,1,4,57.0,74.07,550.39,0,0,70.1,0,0
C03473,35,two-year,none,electronic-check,0,1,38.0,22.07,818.65,1,1,0.0,0,0
C03474,72,one-year,fiber,credit-card,1,1,47.0,69.33,5298.23,0,0,283.8,0,0
C03475,66,month-to-month,dsl,credit-card,0,1,51.0,48.84,3345.58,2,1,58.9,0,0
C03476,16,month-to-month,dsl,bank-transfer,0,2,63.0,44.34,697.88,1,0,111.5,1,1
C03477,9,one-year,dsl,mailed-check,0,3,27.0,41.82,413.58,0,0,115.6,0,0
C03478,8,month-to-month,dsl,credit-card,0,3,63.0,58.21,503.47,3,1,59.7,1,1
C03479,13,one-year,dsl,credit-card,0,2,54.0,61.75,783.8,0,0,58.8,0,0
C03480,15,month-to-month,none,electronic-check,0,5,70.0,44.89,677.55,1,1,0.0,0,0
C03481,19,month-to-month,fiber,electronic-check,0,3,66.0,64.37,1112.92,0,3,274.8,0,0
C03482,38,month-to-month,dsl,bank-transfer,0,1,47.0,48.52,1674.45,1,0,66.4,0,0
C03483,18,one-year,dsl,mailed-check,0,3,34.0,62.68,1191.98,0,0,182.1,0,0
C03484,25,month-to-month,none,electronic-check,0,2,55.0,34.68,842.05,2,1,0.0,0,0
C03485,6,one-year,dsl,mailed-check,1,2,28.0,55.1,341.5,1,0,519.8,1,1
C03486,13,month-to-month,none,bank-transfer,0,1,48.0,22.21,292.95,1,0,0.0,0,0
C03487,12,one-year,dsl,bank-transfer,0,1,34.0,40.05,516.25,2,0,70.7,0,0
C03488,5,one-year,dsl,credit-card,1,4,41.0,58.68,297.96,0,0,60.5,0,0
C03489,18,one-year,none,bank-transfer,0,2,18.0,33.14,595.44,1,0,0.0,1,1
C03490,6,month-to-month,dsl,credit-card,0,1,44.0,38.4,237.07,0,1,59.0,1,1
C03491,17,month-to-month,dsl,credit-card,0,2,47.0,43.1,673.25,0,0,121.4,0,0
C03492,26,month-to-month,dsl,credit-card,0,1,37.0,50.88,1231.73,2,0,120.4,0,0
C03493,62,one-year,fiber,bank-transfer,0,1,44.0,68.18,4385.04,0,0,450.4,0,0
C03494,12,month-to-month,none,credit-card,0,3,29.0,41.86,509.82,0,0,0.0,1,1
C03495,26,two-year,none,credit-card,0,1,57.0,27.43,699.18,0,0,0.0,0,0
C03496,14,two-year,dsl,bank-transfer,0,3,45.0,50.73,650.92,0,1,77.5,0,0
C03497,5,month-to-month,fiber,credit-card,1,1,79.0,77.53,358.79,1,0,388.3,0,0
C03498,62,two-year,fiber,credit-card,1,2,49.0,72.6,4189.2,3,0,536.7,0,0
C03499,27,one-year,fiber,mailed-check,0,3,51.0,80.81,2006.38,1,0,282.0,0,0
C03500,34,month-to-month,fiber,bank-transfer,1,3,38.0,72.35,2620.2,2,0,293.1,0,0
C03501,69,one-year,dsl,electronic-check,1,2,63.0,54.28,4005.57,1,0,45.6,0,0
C03502,17,two-year,none,credit-card,0,1,39.0,16.02,260.43,1,1,0.0,0,0
C03503,8,month-to-month,dsl,bank-transfer,0,4,71.0,43.2,322.02,0,1,64.5,0,0
C03504,11,month-to-month,fiber,credit-card,1,1,70.0,79.74,864.74,2,1,195.4,0,0
C03505,7,one-year,none,bank-transfer,0,1,37.0,15.0,115.48,0,0,0.0,0,0
C03506,51,month-to-month,none,electronic-check,0,2,41.0,20.75,965.3,2,1,0.0,0,0
C03507,72,one-year,dsl,mailed-check,1,1,34.0,40.24,3135.15,1,0,101.3,0,0
C03508,26,one-year,fiber,bank-transfer,0,3,25.0,89.79,2328.36,2,2,242.6,0,0
C03509,39,one-year,dsl,credit-card,0,3,49.0,59.13,2290.33,2,3,123.0,0,0
C03510,46,month-to-month,fiber,electronic-check,0,1,45.0,70.34,2982.79,1,0,194.7,1,1
C03511,72,month-to-month,fiber,electronic-check,0,1,55.0,73.0,5075.45,2,0,121.3,0,0
C03512,72,two-year,dsl,bank-transfer,0,2,44.0,56.32,3790.34,3,0,153.6,0,0
C03513,4,month-to-month,dsl,bank-transfer,1,2,58.0,52.05,222.88,1,0,107.4,0,0
C03514,14,month-to-month,fiber,bank-transfer,0,2,44.0,71.78,1028.86,0,0,409.2,0,0
C03515,24,month-to-month,none,bank-transfer,0,2,42.0,37.26,946.48,2,1,0.0,0,0
C03516,13,month-to-month,none,bank-transfer,0,3,46.0,20.58,283.88,1,1,0.0,0,0
C03517,19,month-to-month,dsl,credit-card,1,1,56.0,38.2,742.97,1,0,103.7,0,0
C03518,32,month-to-month,fiber,electronic-check,1,3,39.0,80.47,2665.96,0,1,172.9,1,1
C03519,32,one-year,fiber,bank-transfer,1,2,59.0,72.92,2445.28,2,0,81.3,0,0
C03520,45,one-year,dsl,bank-transfer,0,3,34.0,52.5,2452.21,0,1,68.6,1,1
C03521,24,two-year,none,bank-transfer,0,2,40.0,44.29,1054.08,1,1,0.0,0,0
C03522,2,two-year,dsl,electronic-check,0,3,18.0,45.77,91.87,0,2,132.0,0,0
C03523,18,month-to-month,fiber,bank-transfer,0,3,40.0,75.64,1496.05,1,0,224.2,0,0
C03524,30,month-to-month,fiber,credit-card,0,1,28.0,67.49,2225.78,0,0,,1,1
C03525,48,two-year,fiber,bank-transfer,0,3,53.0,71.98,3527.27,1,0,343.9,0,0
C03526,43,month-to-month,dsl,credit-card,1,3,53.0,49.89,2003.57,1,0,50.0,0,0
C03527,22,month-to-month,dsl,bank-transfer,1,1,63.0,42.76,867.67,1,0,53.2,0,0
C03528,14,month-to-month,fiber,bank-transfer,0,3,70.0,87.93,1194.54,3,1,311.9,1,1
C03529,23,one-year,dsl,bank-transfer,0,2,43.0,47.14,1147.29,0,0,47.4,0,0
C03530,4,month-to-month,none,bank-transfer,0,1,34.0,23.33,89.86,1,0,0.0,0,0
C03531,15,month-to-month,fiber,credit-card,1,3,,70.33,1005.57,1,0,434.9,0,0
C03532,54,month-to-month,fiber,bank-transfer,0,4,39.0,85.88,4788.32,0,0,232.0,0,0
C03533,23,one-year,dsl,credit-card,0,5,36.0,73.8,1662.71,0,0,33.3,0,0
C03534,31,month-to-month,none,mailed-check,0,2,45.0,23.65,740.94,2,0,0.0,0,0
C03535,7,one-year,fiber,electronic-check,1,1,36.0,70.66,521.06,0,2,458.5,0,0
C03536,47,month-to-month,fiber,electronic-check,1,2,76.0,69.12,3431.77,2,4,347.4,0,0
C03537,21,month-to-month,dsl,credit-card,1,2,41.0,50.38,1067.18,3,0,68.9,0,0
C03538,30,month-to-month,fiber,mailed-check,0,2,45.0,73.63,2386.51,1,0,279.6,0,0
C03539,35,month-to-month,none,electronic-check,0,2,57.0,27.54,1032.22,1,2,0.0,1,1
C03540,46,month-to-month,dsl,bank-transfer,0,2,78.0,51.91,2198.51,0,0,57.0,0,0
C03541,27,two-year,fiber,electronic-check,1,1,42.0,53.22,1487.71,0,1,316.5,0,0
C03542,21,month-to-month,none,bank-transfer,0,1,,15.0,326.25,2,0,0.0,1,1
C03543,8,two-year,dsl,mailed-check,0,2,44.0,36.17,274.64,0,0,112.1,0,0
C03544,6,month-to-month,dsl,credit-card,1,1,19.0,33.79,193.96,0,0,154.0,0,0
C03545,26,month-to-month,fiber,electronic-check,0,1,37.0,68.68,,1,0,457.2,1,1
C03546,30,one-year,dsl,mailed-check,0,2,67.0,47.18,1543.62,0,1,81.5,0,0
C03547,34,two-year,none,bank-transfer,0,1,33.0,15.0,480.53,1,0,0.0,1,0
C03548,12,month-to-month,fiber,mailed-check,0,2,29.0,84.42,1086.98,1,0,318.2,0,0
C03549,15,month-to-month,fiber,credit-card,0,2,58.0,79.62,1140.61,2,0,189.6,1,1
C03550,26,one-year,none,electronic-check,0,4,42.0,22.28,595.37,0,1,0.0,0,0
C03551,16,month-to-month,fiber,bank-transfer,1,2,63.0,63.06,974.6,0,0,476.9,0,0
C03552,72,one-year,fiber,bank-transfer,1,2,41.0,62.41,4760.23,0,0,247.3,0,0
C03553,15,two-year,fiber,bank-transfer,0,2,55.0,70.5,1109.68,0,0,222.9,0,0
C03554,32,month-to-month,dsl,electronic-check,1,2,22.0,39.67,1358.39,1,0,,0,0
C03555,42,two-year,dsl,electronic-check,1,1,31.0,39.55,1804.24,2,0,260.5,0,0
C03556,44,month-to-month,fiber,credit-card,0,2,42.0,73.34,2978.32,0,0,88.9,0,0
C03557,16,two-year,fiber,bank-transfer,0,2,39.0,68.93,1057.59,2,0,646.9,0,0
C03558,35,two-year,dsl,credit-card,0,2,82.0,39.52,1271.43,0,0,84.5,0,0
C03559,32,one-year,dsl,electronic-check,0,1,60.0,45.81,1552.04,2,0,94.9,0,0
C03560,36,two-year,fiber,credit-card,1,3,60.0,76.04,2639.13,0,0,153.5,0,0
C03561,26,two-year,dsl,bank-transfer,1,1,42.0,46.72,1280.35,2,0,40.9,0,0
C03562,42,month-to-month,dsl,mailed-check,0,3,24.0,43.74,2003.53,0,0,113.3,0,0
C03563,28,month-to-month,fiber,mailed-check,0,2,,77.85,2222.54,0,0,210.3,0,0
C03564,7,month-to-month,fiber,bank-transfer,0,1,21.0,61.02,424.22,1,0,185.7,0,0
C03565,28,month-to-month,none,credit-card,0,4,37.0,25.79,672.3,0,0,0.0,0,0
C03566,30,one-year,none,electronic-check,0,2,54.0,25.56,772.51,0,2,,0,0
C03567,40,month-to-month,fiber,bank-transfer,1,3,84.0,80.3,3076.73,3,0,232.6,0,0
C03568,26,one-year,none,credit-card,0,1,71.0,24.77,697.15,1,1,0.0,0,0
C03569,72,month-to-month,dsl,mailed-check,0,4,54.0,70.3,5347.72,1,0,,0,0
C03570,22,month-to-month,none,bank-transfer,0,2,77.0,19.92,476.81,0,0,0.0,0,0
C03571,16,month-to-month,none,bank-transfer,0,1,38.0,15.0,261.87,0,0,0.0,0,0
C03572,58,two-year,dsl,bank-transfer,0,3,52.0,52.38,3173.9,0,0,52.1,0,0
C03573,21,month-to-month,dsl,mailed-check,0,2,67.0,27.38,552.92,0,0,142.8,0,0
C03574,25,month-to-month,fiber,electronic-check,1,4,24.0,73.33,1758.7,1,1,209.2,0,0
C03575,30,month-to-month,dsl,credit-card,0,1,51.0,42.32,1197.24,1,0,99.4,0,0
C03576,28,two-year,fiber,electronic-check,1,2,52.0,66.05,1997.36,1,1,173.6,0,0
C03577,36,month-to-month,dsl,mailed-check,0,1,51.0,49.08,1808.16,1,1,139.4,1,1
C03578,39,one-year,fiber,electronic-check,0,3,29.0,74.83,2868.75,1,2,458.9,1,1
C03579,14,month-to-month,none,credit-card,0,3,52.0,33.58,452.41,0,1,0.0,0,0
C03580,9,month-to-month,none,bank-transfer,0,1,49.0,22.25,211.16,0,0,0.0,0,0
C03581,10,one-year,fiber,electronic-check,1,1,37.0,53.12,560.82,4,4,411.7,1,1
C03582,54,one-year,dsl,credit-card,1,3,57.0,59.81,3346.59,0,0,251.6,0,0
C03583,20,one-year,none,bank-transfer,0,3,65.0,25.68,476.8,1,0,0.0,0,0
C03584,42,month-to-month,dsl,electronic-check,0,1,34.0,46.72,1852.79,1,1,,0,0
C03585,39,two-year,none,electronic-check,0,1,52.0,23.69,1011.85,1,0,0.0,0,0
C03586,25,one-year,dsl,credit-card,0,1,66.0,38.64,1023.76,0,0,112.8,0,0
C03587,11,two-year,fiber,credit-card,0,1,66.0,59.47,628.05,0,0,112.9,0,0
C03588,40,month-to-month,dsl,electronic-check,0,1,43.0,45.27,1709.61,2,1,150.8,0,0
C03589,24,month-to-month,dsl,credit-card,1,1,61.0,41.15,1073.15,1,1,102.9,0,0
C03590,8,month-to-month,fiber,bank-transfer,1,2,41.0,83.76,649.08,2,1,192.2,1,1
C03591,17,one-year,dsl,bank-transfer,0,1,57.0,45.08,767.18,1,1,81.2,0,0
C03592,6,one-year,dsl,credit-card,0,1,34.0,35.7,231.41,1,0,177.3,0,0
C03593,17,month-to-month,fiber,bank-transfer,0,1,22.0,81.68,1444.14,1,0,311.5,1,1
C03594,26,month-to-month,fiber,mailed-check,1,3,53.0,77.81,2099.75,0,0,247.8,0,0
C03595,22,month-to-month,fiber,bank-transfer,1,2,58.0,69.7,1455.13,2,0,210.4,0,0
C03596,20,month-to-month,fiber,credit-card,1,2,56.0,82.14,1732.73,1,0,275.1,0,0
C03597,25,two-year,dsl,credit-card,0,2,33.0,52.47,1375.71,0,0,137.2,0,0
C03598,35,month-to-month,fiber,bank-transfer,0,3,18.0,74.35,2571.03,1,0,327.7,0,0
C03599,44,month-to-month,none,bank-transfer,0,3,58.0,17.21,745.6,0,1,0.0,0,0
C03600,48,month-to-month,none,mailed-check,0,2,67.0,15.0,726.61,1,1,0.0,0,0
C03601,13,month-to-month,dsl,electronic-check,1,2,18.0,59.76,840.97,1,1,58.0,1,1
C03602,52,two-year,dsl,bank-transfer,0,3,40.0,57.39,2943.21,1,0,93.7,0,0
C03603,24,month-to-month,none,bank-transfer,0,4,31.0,33.39,867.48,2,0,0.0,0,0
C03604,18,two-year,fiber,bank-transfer,0,3,49.0,73.87,1379.69,0,0,215.3,0,0
C03605,10,one-year,fiber,credit-card,1,2,65.0,72.45,678.19,0,0,187.4,0,0
C03606,33,one-year,fiber,bank-transfer,0,5,42.0,90.08,2989.68,1,0,142.8,0,0
C03607,32,month-to-month,fiber,credit-card,0,4,37.0,73.78,2175.37,2,0,,0,0
C03608,15,one-year,fiber,bank-transfer,1,1,,66.54,1044.76,2,0,404.0,0,0
C03609,16,one-year,dsl,bank-transfer,1,2,18.0,54.21,793.0,0,2,63.9,0,0
C03610,22,month-to-month,dsl,electronic-check,0,3,58.0,50.99,1044.04,2,1,45.1,0,0
C03611,18,two-year,fiber,credit-card,0,1,61.0,47.2,859.85,3,0,552.7,0,0
C03612,13,month-to-month,fiber,mailed-check,0,4,45.0,73.84,1021.03,1,0,210.2,1,1
C03613,9,month-to-month,fiber,bank-transfer,1,1,38.0,54.57,492.55,3,0,,0,0
C03614,52,month-to-month,dsl,electronic-check,1,1,41.0,54.48,3047.34,0,0,55.7,0,0
C03615,17,one-year,fiber,electronic-check,0,3,41.0,67.3,1246.14,1,1,432.8,0,0
C03616,32,month-to-month,fiber,electronic-check,1,1,44.0,57.02,1998.7,2,1,389.4,1,1
C03617,36,month-to-month,fiber,electronic-check,1,1,22.0,59.81,2159.31,1,0,386.8,0,0
C03618,33,month-to-month,dsl,credit-card,1,2,51.0,56.68,1911.92,0,0,122.3,0,0
C03619,38,month-to-month,fiber,bank-transfer,0,1,39.0,72.03,2795.0,1,0,429.6,0,0
C03620,33,month-to-month,dsl,mailed-check,1,2,45.0,43.56,,1,0,86.2,0,0
C03621,14,two-year,none,bank-transfer,0,2,36.0,21.39,293.04,2,0,0.0,0,0
C03622,19,month-to-month,dsl,electronic-check,0,2,51.0,48.59,934.24,1,0,133.6,0,0
C03623,51,two-year,fiber,mailed-check,0,2,65.0,81.13,4276.87,1,0,601.8,0,0
C03624,16,one-year,dsl,bank-transfer,1,3,48.0,38.58,606.59,1,0,400.7,0,0
C03625,24,one-year,fiber,mailed-check,1,1,20.0,53.64,1398.45,2,0,280.4,0,0
C03626,35,two-year,none,bank-transfer,0,1,45.0,39.45,1358.1,1,0,0.0,0,0
C03627,64,month-to-month,dsl,credit-card,0,3,48.0,64.42,4193.35,0,0,87.1,0,0
C03628,48,one-year,fiber,electronic-check,0,1,44.0,53.08,2587.64,2,1,177.4,0,0
C03629,11,month-to-month,fiber,electronic-check,0,2,34.0,95.09,1070.44,3,1,250.9,1,1
C03630,31,month-to-month,dsl,bank-transfer,0,2,44.0,55.1,1699.39,0,0,90.8,0,0
C03631,29,month-to-month,dsl,credit-card,1,3,58.0,55.91,1473.58,0,0,106.6,1,0
C03632,19,one-year,fiber,electronic-check,0,1,41.0,76.82,1335.38,3,2,310.6,1,1
C03633,25,two-year,dsl,electronic-check,0,2,66.0,43.01,1124.77,1,1,108.0,0,0
C03634,14,month-to-month,fiber,electronic-check,0,1,,61.12,785.54,0,3,125.7,1,1
C03635,21,one-year,none,bank-transfer,0,1,30.0,20.61,406.26,0,2,0.0,0,0
C03636,16,month-to-month,none,bank-transfer,0,2,42.0,29.04,450.2,2,0,0.0,0,0
C03637,26,month-to-month,fiber,bank-transfer,0,3,18.0,77.7,1955.12,1,0,354.0,0,0
C03638,19,month-to-month,fiber,credit-card,1,3,45.0,76.64,1417.38,1,1,97.4,0,0
C03639,67,one-year,fiber,electronic-check,0,2,40.0,66.83,4401.96,1,0,484.0,0,0
C03640,27,month-to-month,none,credit-card,0,2,55.0,27.82,696.27,1,0,0.0,0,0
C03641,23,month-to-month,fiber,bank-transfer,0,1,19.0,67.15,1415.72,0,0,285.9,0,0
C03642,20,month-to-month,fiber,mailed-check,0,1,56.0,64.92,1358.68,0,0,147.5,0,0
C03643,19,one-year,dsl,bank-transfer,1,1,47.0,42.88,759.91,1,0,89.7,0,0
C03644,8,two-year,fiber,electronic-check,0,1,69.0,60.85,524.01,3,0,120.2,0,0
C03645,42,month-to-month,fiber,credit-card,0,4,42.0,68.29,2662.59,2,0,,0,0
C03646,58,one-year,dsl,bank-transfer,0,5,50.0,76.39,4468.78,0,0,92.6,0,0
C03647,16,one-year,dsl,electronic-check,1,3,55.0,61.0,1054.01,0,0,202.5,0,0
C03648,51,month-to-month,dsl,mailed-check,1,1,18.0,53.05,2620.96,1,0,193.6,0,0
C03649,72,month-to-month,fiber,electronic-check,0,1,62.0,55.73,4286.84,3,0,289.1,1,1
C03650,72,two-year,dsl,credit-card,0,4,43.0,56.0,3780.65,0,0,139.3,0,0
C03651,57,month-to-month,dsl,credit-card,0,2,26.0,49.44,2803.74,1,0,210.2,0,0
C03652,9,month-to-month,fiber,electronic-check,0,3,44.0,77.86,656.3,0,0,121.3,1,1
C03653,9,two-year,none,electronic-check,0,1,63.0,15.0,144.61,0,1,0.0,0,0
C03654,38,two-year,fiber,credit-card,1,2,40.0,83.87,3160.72,1,0,,0,0
C03655,24,one-year,fiber,bank-transfer,0,3,47.0,82.04,2030.47,5,0,381.5,0,0
C03656,3,two-year,none,credit-card,0,3,18.0,31.45,97.28,0,0,0.0,0,0
C03657,18,month-to-month,fiber,credit-card,0,2,,72.43,1313.07,0,0,279.2,1,1
C03658,36,one-year,none,mailed-check,0,2,56.0,23.23,886.54,0,0,0.0,0,0
C03659,21,month-to-month,fiber,bank-transfer,0,1,61.0,59.55,1206.44,0,0,177.3,0,0
C03660,24,two-year,fiber,credit-card,1,1,48.0,45.71,1118.82,0,0,351.5,0,0
C03661,9,month-to-month,fiber,mailed-check,1,2,54.0,77.01,756.72,0,0,251.8,0,0
C03662,17,month-to-month,fiber,mailed-check,0,3,39.0,75.47,1350.68,1,0,210.5,1,1
C03663,38,month-to-month,none,mailed-check,0,2,45.0,34.47,1368.44,1,0,0.0,0,0
C03664,17,one-year,none,electronic-check,0,1,29.0,24.65,390.24,1,1,0.0,0,0
C03665,54,month-to-month,dsl,mailed-check,0,1,,44.77,2210.95,1,0,,0,0
C03666,25,one-year,fiber,credit-card,0,3,45.0,75.72,1833.6,3,0,187.7,0,0
C03667,33,month-to-month,dsl,mailed-check,1,2,22.0,44.12,1383.61,3,1,243.7,1,1
C03668,37,month-to-month,fiber,bank-transfer,1,3,81.0,65.44,2451.24,1,1,256.7,1,1
C03669,36,one-year,fiber,credit-card,0,1,34.0,57.08,2096.89,0,0,179.7,0,0
C03670,11,month-to-month,fiber,credit-card,1,4,48.0,72.32,814.92,0,0,174.5,1,1
C03671,13,one-year,fiber,credit-card,0,1,26.0,63.45,855.67,1,0,,0,0
C03672,3,two-year,fiber,electronic-check,0,2,18.0,76.26,209.82,0,1,412.6,0,0
C03673,19,one-year,dsl,mailed-check,0,1,71.0,50.48,948.51,0,0,177.3,0,0
C03674,12,month-to-month,fiber,credit-card,0,3,46.0,62.85,821.6,2,1,387.6,0,0
C03675,16,month-to-month,fiber,electronic-check,0,1,18.0,71.88,1158.21,0,3,312.6,0,0
C03676,21,two-year,fiber,electronic-check,0,1,30.0,66.13,1428.42,3,1,151.8,0,0
C03677,27,one-year,dsl,credit-card,0,4,,65.6,1850.06,1,0,148.3,1,0
C03678,22,two-year,dsl,electronic-check,0,2,52.0,54.12,1247.87,0,0,105.6,0,0
C03679,21,month-to-month,fiber,credit-card,1,2,18.0,56.61,1283.47,2,0,,1,1
C03680,31,one-year,none,credit-card,0,1,37.0,21.59,709.33,3,0,0.0,0,0
C03681,24,month-to-month,dsl,bank-transfer,1,1,42.0,56.77,1280.76,0,0,85.0,0,0
C03682,44,one-year,fiber,mailed-check,1,2,53.0,60.51,2415.53,3,0,244.9,0,0
C03683,24,two-year,fiber,credit-card,0,3,45.0,67.61,1724.06,1,0,297.4,0,0
C03684,64,two-year,none,bank-transfer,0,1,19.0,15.0,953.29,1,0,0.0,0,0
C03685,10,month-to-month,fiber,electronic-check,1,3,35.0,71.4,730.61,0,0,123.4,1,1
C03686,19,two-year,fiber,electronic-check,0,1,31.0,53.23,1018.6,1,0,686.0,0,0
C03687,14,month-to-month,dsl,mailed-check,0,2,56.0,43.12,661.48,1,0,59.3,0,0
C03688,28,month-to-month,fiber,bank-transfer,0,2,37.0,71.97,2162.95,2,0,101.8,0,0
C03689,10,one-year,dsl,electronic-check,0,3,37.0,61.53,630.66,0,2,71.2,0,0
C03690,7,month-to-month,dsl,electronic-check,0,1,41.0,29.48,194.28,1,1,52.0,0,0
C03691,12,month-to-month,none,credit-card,0,1,32.0,16.32,200.38,1,0,0.0,0,0
C03692,7,one-year,dsl,electronic-check,1,2,68.0,48.14,366.74,0,0,83.1,0,0
C03693,21,one-year,dsl,bank-transfer,1,3,62.0,53.96,1051.55,0,0,145.4,0,0
C03694,27,one-year,fiber,electronic-check,1,1,63.0,71.4,1975.3,1,1,269.3,0,0
C03695,6,month-to-month,none,credit-card,0,1,26.0,26.42,171.75,0,0,0.0,0,0
C03696,18,one-year,fiber,credit-card,1,2,50.0,77.09,1261.92,3,0,421.3,0,0
C03697,48,month-to-month,fiber,mailed-check,0,1,57.0,66.94,3145.45,1,1,139.3,0,0
C03698,57,month-to-month,none,mailed-check,0,2,30.0,22.99,1262.92,0,0,0.0,0,0
C03699,40,month-to-month,none,bank-transfer,0,2,27.0,20.92,806.54,1,0,0.0,0,0
C03700,2,one-year,dsl,electronic-check,0,3,30.0,59.83,109.28,0,0,99.6,0,0
C03701,25,month-to-month,dsl,mailed-check,1,2,23.0,43.26,1130.01,0,0,84.1,0,0
C03702,52,month-to-month,fiber,credit-card,1,1,61.0,58.31,2934.89,0,0,224.4,0,0
C03703,16,two-year,dsl,electronic-check,0,2,59.0,53.99,801.98,1,1,89.0,0,0
C03704,8,two-year,fiber,credit-card,0,3,40.0,80.98,711.65,1,0,186.1,0,0
C03705,49,one-year,fiber,electronic-check,1,3,44.0,75.01,3867.48,1,0,78.0,1,0
C03706,54,one-year,fiber,credit-card,0,2,35.0,75.08,3900.27,1,3,364.5,1,1
C03707,23,two-year,none,electronic-check,0,1,80.0,17.86,382.5,0,0,0.0,0,0
C03708,9,one-year,none,credit-card,0,2,38.0,23.81,231.77,1,0,0.0,0,0
C03709,5,month-to-month,none,bank-transfer,0,3,37.0,32.93,174.64,1,1,0.0,0,0
C03710,30,one-year,dsl,electronic-check,0,2,43.0,43.72,1285.16,2,1,72.7,0,0
C03711,14,two-year,fiber,credit-card,0,4,25.0,85.75,1282.02,0,0,279.9,0,0
C03712,22,one-year,fiber,mailed-check,0,7,49.0,93.07,2141.35,2,0,149.7,1,0
C03713,21,month-to-month,fiber,credit-card,0,1,66.0,63.58,1207.74,2,0,336.1,0,0
C03714,12,two-year,fiber,bank-transfer,0,2,42.0,70.71,,1,0,394.7,0,0
C03715,5,one-year,dsl,electronic-check,1,3,57.0,61.65,326.94,1,1,62.5,0,0
C03716,17,month-to-month,fiber,credit-card,0,3,18.0,57.35,1005.62,1,1,457.1,1,1
C03717,26,two-year,none,electronic-check,0,2,31.0,15.0,397.74,1,0,0.0,0,0
C03718,27,one-year,fiber,bank-transfer,0,4,46.0,88.21,2406.44,2,0,228.7,0,0
C03719,14,two-year,fiber,electronic-check,0,2,18.0,73.91,974.88,2,1,248.0,0,0
C03720,53,two-year,dsl,electronic-check,0,1,50.0,41.48,2255.69,1,1,162.1,0,0
C03721,9,month-to-month,dsl,bank-transfer,0,1,40.0,45.54,390.03,1,0,80.7,1,1
C03722,45,one-year,fiber,credit-card,0,4,49.0,84.78,3623.05,2,0,491.1,1,1
C03723,26,month-to-month,dsl,credit-card,1,2,42.0,62.42,1536.0,0,0,58.8,0,0
C03724,17,two-year,dsl,mailed-check,0,1,43.0,41.64,703.48,0,0,285.0,0,0
C03725,33,two-year,fiber,bank-transfer,1,2,18.0,80.54,2637.19,3,0,125.7,0,0
C03726,20,two-year,dsl,credit-card,0,2,29.0,54.54,1133.47,0,1,119.6,0,0
C03727,7,one-year,none,credit-card,0,1,53.0,15.0,102.92,1,2,0.0,0,0
C03728,9,one-year,fiber,electronic-check,1,2,24.0,65.14,585.51,1,1,78.4,0,0
C03729,19,month-to-month,fiber,bank-transfer,1,4,30.0,89.68,1620.71,1,0,310.6,0,0
C03730,15,month-to-month,fiber,credit-card,0,1,38.0,76.32,1205.38,0,0,337.5,0,0
C03731,45,month-to-month,dsl,mailed-check,0,3,40.0,54.61,2237.03,0,1,150.4,0,0
C03732,15,two-year,none,mailed-check,0,2,56.0,33.8,468.75,0,0,0.0,0,0
C03733,14,one-year,fiber,mailed-check,0,3,48.0,77.83,1068.08,0,0,266.4,0,0
C03734,13,one-year,none,electronic-check,0,1,35.0,19.47,245.48,0,0,0.0,0,0
C03735,12,month-to-month,none,bank-transfer,0,2,19.0,26.52,318.93,0,0,0.0,0,0
C03736,12,one-year,fiber,credit-card,0,2,90.0,58.84,645.77,0,0,191.3,0,0
C03737,8,month-to-month,dsl,bank-transfer,0,1,46.0,42.83,335.41,2,0,98.5,0,0
C03738,26,two-year,none,electronic-check,0,3,59.0,25.79,708.87,0,3,0.0,0,0
C03739,21,two-year,none,credit-card,0,2,18.0,33.02,696.14,1,0,0.0,0,0
C03740,20,month-to-month,dsl,bank-transfer,0,1,39.0,46.99,861.25,1,0,81.1,0,0
C03741,5,two-year,fiber,electronic-check,1,2,39.0,68.1,329.46,0,0,151.5,0,0
C03742,31,month-to-month,fiber,electronic-check,0,1,38.0,73.91,2317.49,1,2,267.2,0,0
C03743,33,month-to-month,fiber,credit-card,0,2,57.0,57.91,1861.85,2,1,419.6,0,0
C03744,62,one-year,dsl,mailed-check,0,3,41.0,47.37,2780.06,1,0,40.8,0,0
C03745,32,one-year,fiber,bank-transfer,1,3,39.0,85.11,2598.42,1,0,218.7,0,0
C03746,70,month-to-month,dsl,electronic-check,1,2,45.0,55.13,3588.18,2,1,149.4,0,0
C03747,13,month-to-month,dsl,mailed-check,0,1,45.0,32.33,415.69,0,0,70.5,0,0
C03748,64,month-to-month,fiber,credit-card,1,2,27.0,71.74,4141.14,1,0,182.0,0,0
C03749,33,month-to-month,none,mailed-check,0,1,60.0,15.0,523.99,3,0,0.0,0,0
C03750,30,month-to-month,fiber,electronic-check,1,2,,66.59,1916.33,3,2,345.8,1,1
C03751,20,month-to-month,fiber,mailed-check,0,3,43.0,78.66,1710.27,3,0,268.4,1,1
C03752,17,two-year,none,bank-transfer,0,3,67.0,29.73,461.53,0,0,0.0,0,0
C03753,14,month-to-month,fiber,credit-card,1,1,89.0,64.45,970.7,3,0,201.9,0,0
C03754,66,month-to-month,fiber,credit-card,0,5,52.0,78.41,4731.53,2,1,262.2,1,1
C03755,19,month-to-month,none,electronic-check,0,2,19.0,34.23,684.28,0,0,0.0,0,0
C03756,33,month-to-month,none,credit-card,0,2,41.0,28.97,977.31,0,0,0.0,0,0
C03757,38,one-year,none,bank-transfer,0,2,71.0,18.56,728.24,0,0,0.0,0,0
C03758,38,month-to-month,fiber,mailed-check,1,1,42.0,65.98,,1,0,255.5,1,1
C03759,26,month-to-month,fiber,bank-transfer,0,2,57.0,67.52,1590.24,2,0,314.0,0,0
C03760,63,two-year,fiber,credit-card,1,3,57.0,70.62,4486.8,1,0,50.1,0,0
C03761,31,one-year,fiber,electronic-check,1,2,34.0,71.15,2174.42,1,0,190.6,0,0
C03762,14,month-to-month,none,credit-card,0,7,73.0,63.38,855.95,0,0,0.0,1,1
C03763,18,month-to-month,fiber,bank-transfer,0,4,51.0,73.06,1279.37,5,1,320.9,1,1
C03764,6,two-year,dsl,credit-card,0,3,45.0,59.5,382.07,2,0,175.6,0,0
C03765,28,one-year,fiber,bank-transfer,0,2,43.0,76.84,2004.98,1,1,775.8,0,0
C03766,35,two-year,dsl,credit-card,0,1,27.0,48.9,1828.18,1,0,98.5,0,0
C03767,37,month-to-month,fiber,electronic-check,1,2,33.0,77.3,2610.94,1,0,347.1,0,0
C03768,33,one-year,fiber,bank-transfer,0,1,30.0,64.45,2227.39,2,0,228.6,1,1
C03769,20,month-to-month,fiber,bank-transfer,0,2,79.0,73.93,1439.7,1,0,,0,0
C03770,23,month-to-month,none,mailed-check,0,5,,40.98,877.72,1,0,0.0,0,0
C03771,23,one-year,dsl,electronic-check,0,1,30.0,34.73,760.2,1,1,245.6,0,0
C03772,45,one-year,dsl,electronic-check,0,3,73.0,46.67,2138.15,1,0,189.0,0,0
C03773,4,month-to-month,fiber,mailed-check,0,3,65.0,83.44,353.31,2,0,274.5,0,0
C03774,16,month-to-month,dsl,credit-card,0,1,35.0,41.33,686.1,0,0,76.4,1,0
C03775,10,one-year,dsl,electronic-check,0,3,53.0,52.4,513.96,0,0,100.2,0,0
C03776,72,month-to-month,dsl,mailed-check,0,2,35.0,56.12,4267.78,0,0,73.4,0,0
C03777,51,month-to-month,dsl,electronic-check,0,1,60.0,44.02,2118.29,1,1,100.6,0,0
C03778,17,month-to-month,none,bank-transfer,0,2,52.0,30.69,547.09,1,1,0.0,0,0
C03779,7,month-to-month,none,electronic-check,0,2,39.0,24.15,,0,3,0.0,1,1
C03780,9,two-year,none,credit-card,0,2,26.0,16.76,163.52,0,0,0.0,0,0
C03781,44,month-to-month,dsl,credit-card,1,2,44.0,58.13,2688.21,1,0,126.5,0,0
C03782,5,month-to-month,fiber,electronic-check,0,1,,58.41,300.34,1,0,81.5,1,1
C03783,23,one-year,fiber,credit-card,0,2,65.0,80.09,1757.43,0,0,168.0,1,1
C03784,40,month-to-month,fiber,credit-card,0,4,54.0,84.58,3189.41,1,0,620.2,0,0
C03785,8,one-year,fiber,bank-transfer,0,4,59.0,75.82,554.48,3,0,309.3,0,0
C03786,23,month-to-month,fiber,bank-transfer,0,1,34.0,69.76,1538.06,3,1,580.1,1,1
C03787,17,two-year,dsl,bank-transfer,0,3,18.0,51.29,840.42,0,0,89.5,1,0
C03788,15,one-year,dsl,electronic-check,0,2,20.0,43.88,700.59,0,2,77.8,0,0
C03789,13,one-year,dsl,electronic-check,1,2,41.0,51.69,614.07,1,0,149.0,0,0
C03790,42,month-to-month,none,electronic-check,0,2,33.0,31.22,1199.55,0,0,0.0,0,0
C03791,58,two-year,fiber,credit-card,1,2,43.0,72.22,4136.68,2,0,237.0,0,0
C03792,19,one-year,fiber,bank-transfer,0,1,56.0,59.11,1129.01,2,1,605.9,0,0
C03793,30,month-to-month,dsl,mailed-check,0,3,54.0,44.22,1276.26,1,0,212.9,0,0
C03794,23,month-to-month,dsl,bank-transfer,1,4,18.0,58.59,1216.72,2,0,187.4,0,0
C03795,4,month-to-month,dsl,credit-card,0,4,84.0,51.24,203.32,1,0,73.8,1,1
C03796,18,month-to-month,none,mailed-check,0,1,51.0,19.21,362.34,3,0,0.0,1,1
C03797,3,month-to-month,fiber,bank-transfer,1,2,49.0,69.73,212.45,1,1,181.3,0,0
C03798,16,two-year,dsl,bank-transfer,0,2,43.0,55.7,809.9,1,0,82.7,0,0
C03799,23,two-year,none,credit-card,0,1,41.0,25.17,524.0,0,2,0.0,1,1
C03800,37,month-to-month,fiber,electronic-check,1,2,62.0,77.86,3136.28,3,0,196.3,0,0
C03801,28,two-year,dsl,credit-card,1,4,30.0,59.86,1829.13,0,0,134.7,0,0
C03802,43,one-year,fiber,electronic-check,0,2,50.0,66.79,2591.46,1,2,136.7,0,0
C03803,11,month-to-month,fiber,electronic-check,0,4,68.0,83.51,948.74,2,0,152.6,0,0
C03804,53,two-year,fiber,electronic-check,0,2,48.0,73.39,3909.93,1,2,207.1,0,0
C03805,58,one-year,dsl,credit-card,0,2,53.0,53.03,3216.6,0,1,88.6,0,0
C03806,3,one-year,dsl,credit-card,0,3,24.0,70.28,199.24,1,0,233.2,0,0
C03807,5,month-to-month,none,electronic-check,0,4,57.0,40.32,187.2,0,0,0.0,0,0
C03808,22,month-to-month,dsl,mailed-check,1,1,51.0,54.47,1265.9,0,2,182.5,0,0
C03809,15,two-year,fiber,credit-card,0,3,43.0,66.33,988.2,1,0,250.1,0,0
C03810,17,month-to-month,none,bank-transfer,0,5,56.0,32.21,519.01,1,0,0.0,1,1
C03811,28,month-to-month,fiber,electronic-check,0,2,28.0,63.81,1752.93,0,1,404.5,0,0
C03812,44,month-to-month,dsl,electronic-check,0,2,72.0,50.12,2057.06,1,0,,0,0
C03813,11,month-to-month,fiber,mailed-check,0,2,88.0,68.86,823.75,1,0,171.0,0,0
C03814,49,month-to-month,dsl,electronic-check,0,3,36.0,57.11,2827.0,0,1,112.9,1,1
C03815,13,two-year,none,credit-card,0,1,63.0,33.22,430.49,0,0,0.0,0,0
C03816,72,month-to-month,fiber,electronic-check,0,1,43.0,64.28,4810.1,2,1,133.2,0,0
C03817,53,two-year,dsl,mailed-check,0,4,27.0,63.87,3079.2,1,0,40.8,1,1
C03818,14,one-year,dsl,bank-transfer,1,4,64.0,60.61,786.8,0,0,37.6,0,0
C03819,7,month-to-month,fiber,bank-transfer,0,2,41.0,78.66,596.83,1,0,90.6,1,1
C03820,14,month-to-month,fiber,credit-card,1,1,54.0,70.1,974.47,1,0,176.5,0,0
C03821,12,month-to-month,dsl,bank-transfer,0,2,74.0,49.6,652.16,0,0,129.7,0,0
C03822,34,two-year,fiber,mailed-check,0,3,53.0,82.69,2812.98,0,0,187.7,0,0
C03823,3,one-year,fiber,credit-card,1,1,48.0,69.88,207.23,0,1,221.9,1,1
C03824,5,month-to-month,dsl,electronic-check,0,2,31.0,56.91,267.94,0,0,73.7,0,0
C03825,34,two-year,dsl,credit-card,1,1,31.0,45.36,1540.31,1,0,140.3,0,0
C03826,12,two-year,fiber,credit-card,0,2,43.0,75.32,880.64,2,1,353.1,1,1
C03827,16,month-to-month,none,electronic-check,0,2,39.0,23.18,344.19,0,1,0.0,0,0
C03828,39,one-year,none,credit-card,0,3,55.0,21.86,773.69,0,0,0.0,0,0
C03829,45,one-year,none,electronic-check,0,3,29.0,26.33,1243.24,0,1,0.0,0,0
C03830,52,two-year,dsl,bank-transfer,0,4,33.0,64.9,3065.77,0,2,121.6,0,0
C03831,37,month-to-month,fiber,electronic-check,1,3,43.0,79.27,2668.52,0,1,203.9,0,0
C03832,20,month-to-month,fiber,mailed-check,0,3,46.0,69.51,1418.18,3,1,142.8,1,1
C03833,18,month-to-month,none,bank-transfer,0,4,46.0,46.01,815.85,1,0,0.0,0,0
C03834,17,month-to-month,none,credit-card,0,2,42.0,17.05,308.05,3,0,0.0,0,0
C03835,8,month-to-month,dsl,electronic-check,1,3,33.0,56.32,458.81,1,1,81.4,1,1
C03836,11,one-year,dsl,credit-card,0,1,54.0,41.69,422.82,0,0,103.6,0,0
C03837,47,month-to-month,fiber,credit-card,1,1,63.0,66.56,3155.05,2,0,275.4,0,0
C03838,13,month-to-month,dsl,mailed-check,1,1,50.0,34.99,480.98,1,0,83.7,0,0
C03839,8,one-year,fiber,credit-card,0,1,36.0,51.67,428.37,1,1,94.8,1,0
C03840,50,month-to-month,dsl,electronic-check,0,2,18.0,45.13,2324.27,0,0,60.9,1,1
C03841,27,month-to-month,dsl,credit-card,0,2,70.0,55.43,1629.88,1,1,84.1,1,1
C03842,67,one-year,dsl,electronic-check,1,3,42.0,56.5,3872.15,1,1,101.2,0,0
C03843,62,two-year,dsl,electronic-check,1,3,65.0,44.16,2607.34,0,1,101.5,0,0
C03844,9,month-to-month,dsl,bank-transfer,1,2,70.0,57.74,469.78,0,0,54.5,0,0
C03845,21,two-year,fiber,electronic-check,0,2,57.0,71.77,1488.51,1,3,213.8,0,0
C03846,10,two-year,fiber,credit-card,1,1,59.0,71.03,704.02,0,0,51.8,0,0
C03847,10,one-year,fiber,credit-card,0,3,58.0,72.29,660.5,2,0,298.2,1,1
C03848,16,two-year,fiber,electronic-check,0,2,42.0,55.66,925.94,1,0,395.8,0,0
C03849,35,month-to-month,fiber,mailed-check,0,4,28.0,91.9,3141.08,0,0,474.0,1,1
C03850,35,month-to-month,fiber,electronic-check,0,3,57.0,73.63,2547.85,1,1,141.7,0,0
C03851,32,two-year,dsl,electronic-check,1,1,22.0,52.91,1543.21,0,0,52.5,0,0
C03852,19,month-to-month,fiber,bank-transfer,0,1,39.0,61.93,1090.97,1,0,417.0,0,0
C03853,36,month-to-month,dsl,electronic-check,0,1,35.0,45.74,1647.97,1,1,163.5,0,0
C03854,8,month-to-month,dsl,electronic-check,1,3,54.0,41.98,313.94,1,1,77.6,1,1
C03855,27,month-to-month,fiber,credit-card,1,5,48.0,78.38,2286.86,1,0,269.9,1,1
C03856,23,month-to-month,fiber,bank-transfer,1,2,35.0,81.86,1823.58,1,2,333.8,1,1
C03857,19,month-to-month,fiber,credit-card,0,3,39.0,81.98,1641.84,1,0,131.1,0,0
C03858,28,two-year,fiber,bank-transfer,0,2,74.0,79.47,2295.37,1,0,333.0,0,0
C03859,10,month-to-month,dsl,electronic-check,0,2,33.0,53.89,499.21,3,1,147.6,0,0
C03860,33,two-year,none,bank-transfer,0,4,42.0,37.01,1238.21,0,0,0.0,0,0
C03861,23,month-to-month,fiber,electronic-check,0,1,54.0,72.64,1703.68,3,1,596.0,1,1
C03862,6,month-to-month,fiber,mailed-check,0,2,46.0,77.32,496.29,0,0,213.1,1,1
C03863,22,two-year,fiber,mailed-check,1,3,54.0,77.42,1706.39,1,0,107.2,0,0
C03864,15,month-to-month,fiber,electronic-check,0,2,61.0,70.77,1016.36,1,2,238.2,0,1
C03865,48,month-to-month,none,mailed-check,0,1,67.0,27.66,1336.78,0,1,0.0,0,0
C03866,8,two-year,dsl,bank-transfer,0,4,46.0,51.71,441.5,0,0,113.1,0,0
C03867,9,month-to-month,dsl,electronic-check,0,2,51.0,47.6,398.46,1,0,154.0,0,0
C03868,30,month-to-month,none,electronic-check,0,2,,15.0,438.05,3,2,0.0,0,0
C03869,20,two-year,dsl,mailed-check,0,3,32.0,47.39,953.7,0,0,133.1,0,0
C03870,19,month-to-month,fiber,electronic-check,0,2,48.0,71.68,1376.27,0,2,340.8,0,0
C03871,72,one-year,dsl,bank-transfer,1,4,20.0,66.2,5203.58,2,1,62.3,0,0
C03872,36,month-to-month,dsl,electronic-check,1,5,51.0,79.6,3124.2,0,0,82.0,0,0
C03873,17,month-to-month,fiber,electronic-check,1,4,18.0,79.1,1315.67,1,2,267.9,0,0
C03874,5,month-to-month,dsl,credit-card,0,2,30.0,46.77,248.2,0,0,96.7,0,0
C03875,17,one-year,dsl,electronic-check,1,1,58.0,44.41,689.06,0,2,74.4,0,0
C03876,8,month-to-month,fiber,electronic-check,1,1,52.0,66.94,540.83,2,1,178.7,1,1
C03877,11,two-year,dsl,electronic-check,0,3,45.0,69.42,715.41,0,0,49.0,0,0
C03878,11,one-year,fiber,mailed-check,1,1,38.0,65.07,648.97,2,0,156.0,0,0
C03879,46,one-year,fiber,electronic-check,0,1,32.0,56.25,2803.76,0,2,185.8,0,0
C03880,6,month-to-month,fiber,mailed-check,0,3,36.0,78.09,512.2,1,0,380.1,1,1
C03881,43,one-year,dsl,bank-transfer,0,1,55.0,45.68,2147.65,1,0,37.0,0,0
C03882,31,one-year,none,credit-card,0,4,41.0,34.7,1153.57,0,0,0.0,0,0
C03883,31,month-to-month,dsl,bank-transfer,1,2,18.0,47.86,1386.19,0,0,183.3,0,0
C03884,10,two-year,dsl,bank-transfer,1,2,27.0,66.57,615.35,1,0,27.3,1,0
C03885,39,month-to-month,fiber,electronic-check,0,5,33.0,80.96,2885.52,0,1,293.4,0,0
C03886,9,two-year,dsl,electronic-check,0,2,41.0,37.72,338.91,2,1,73.9,0,0
C03887,59,two-year,fiber,bank-transfer,0,1,,60.2,3876.54,0,0,252.2,0,0
C03888,46,month-to-month,dsl,bank-transfer,0,2,29.0,46.08,2287.47,0,0,86.3,1,1
C03889,65,month-to-month,dsl,mailed-check,0,1,54.0,34.87,2361.32,0,0,166.7,0,0
C03890,23,month-to-month,fiber,credit-card,1,1,18.0,63.49,1565.7,0,0,200.7,0,0
C03891,20,month-to-month,none,credit-card,0,1,34.0,32.91,715.44,1,1,0.0,0,0
C03892,16,two-year,fiber,electronic-check,0,2,57.0,59.83,1011.71,1,2,205.3,0,0
C03893,72,month-to-month,dsl,electronic-check,0,1,53.0,33.91,2658.42,1,1,113.6,0,0
C03894,35,one-year,dsl,bank-transfer,1,2,41.0,55.97,2133.38,2,0,76.0,0,0
C03895,8,two-year,dsl,credit-card,0,1,59.0,43.39,340.12,1,0,101.9,0,0
C03896,54,two-year,dsl,bank-transfer,1,2,49.0,46.95,2303.64,0,0,134.7,0,0
C03897,19,month-to-month,fiber,credit-card,0,3,46.0,83.64,1505.37,4,0,234.6,1,1
C03898,1,two-year,none,credit-card,0,4,54.0,30.56,33.36,2,0,0.0,0,0
C03899,12,month-to-month,dsl,bank-transfer,0,1,51.0,32.48,370.49,0,0,27.1,0,0
C03900,46,month-to-month,dsl,credit-card,1,2,65.0,56.41,2438.68,1,0,174.0,0,0
C03901,31,month-to-month,dsl,bank-transfer,0,2,41.0,49.51,1579.38,0,1,124.8,1,1
C03902,36,one-year,fiber,electronic-check,0,1,41.0,64.09,2117.06,1,0,154.4,0,0
C03903,54,month-to-month,dsl,credit-card,0,3,48.0,39.41,2288.75,2,0,79.9,1,1
C03904,4,month-to-month,fiber,bank-transfer,1,2,45.0,62.0,238.19,0,0,658.0,1,1
C03905,12,month-to-month,none,bank-transfer,0,1,73.0,18.41,237.14,0,0,0.0,0,0
C03906,24,two-year,fiber,credit-card,1,4,53.0,71.48,1708.58,1,0,418.4,0,0
C03907,47,one-year,dsl,electronic-check,0,5,34.0,72.64,3405.11,0,2,206.2,1,1
C03908,9,one-year,none,credit-card,0,1,23.0,19.49,176.64,2,0,0.0,1,1
C03909,17,one-year,none,mailed-check,0,2,69.0,23.08,388.11,0,0,0.0,1,1
C03910,22,month-to-month,dsl,electronic-check,1,2,39.0,57.8,1145.9,0,0,101.1,0,0
C03911,12,month-to-month,dsl,credit-card,0,1,50.0,40.33,515.76,0,0,79.1,0,0
C03912,22,month-to-month,dsl,mailed-check,1,3,45.0,58.09,1319.07,0,0,102.1,0,0
C03913,20,month-to-month,fiber,bank-transfer,0,4,57.0,80.01,1516.39,1,0,185.7,1,1
C03914,15,two-year,dsl,credit-card,0,3,37.0,61.72,918.06,2,0,67.0,0,0
C03915,39,month-to-month,dsl,bank-transfer,0,4,47.0,63.5,2627.69,1,1,,0,0
C03916,34,one-year,fiber,electronic-check,0,2,37.0,75.01,2797.82,1,0,92.5,0,0
C03917,40,two-year,dsl,electronic-check,0,3,87.0,50.93,1984.99,1,2,103.1,0,0
C03918,42,two-year,fiber,electronic-check,0,1,34.0,60.52,2614.35,0,0,183.6,0,0
C03919,6,month-to-month,dsl,mailed-check,1,2,53.0,49.28,308.04,1,0,92.6,0,0
C03920,6,two-year,dsl,mailed-check,1,3,88.0,59.97,331.55,1,0,39.2,0,0
C03921,36,one-year,none,credit-card,0,3,61.0,33.05,1138.14,0,0,0.0,0,0
C03922,16,month-to-month,fiber,mailed-check,1,1,45.0,71.24,1235.69,1,0,274.1,0,0
C03923,14,one-year,fiber,credit-card,0,1,48.0,58.28,806.98,1,0,411.6,1,1
C03924,12,month-to-month,dsl,mailed-check,0,2,33.0,39.36,449.98,0,0,52.4,1,1
C03925,41,two-year,dsl,credit-card,1,3,70.0,51.18,2128.38,0,0,65.1,0,0
C03926,72,one-year,fiber,credit-card,0,2,42.0,64.8,4420.67,0,2,259.6,0,0
C03927,42,one-year,dsl,bank-transfer,1,4,44.0,52.47,2335.7,1,0,90.0,0,0
C03928,15,two-year,none,credit-card,0,4,32.0,33.33,542.42,1,1,0.0,0,0
C03929,39,one-year,dsl,electronic-check,1,2,40.0,39.79,1599.66,4,0,86.4,0,0
C03930,6,month-to-month,fiber,credit-card,1,3,46.0,70.55,436.58,2,0,238.1,0,0
C03931,19,month-to-month,fiber,bank-transfer,1,3,61.0,67.27,1235.61,0,0,262.1,0,0
C03932,4,two-year,dsl,mailed-check,0,2,49.0,40.66,162.98,0,1,84.4,0,0
C03933,16,one-year,dsl,electronic-check,0,4,61.0,50.16,853.82,1,0,75.2,0,0
C03934,26,two-year,none,electronic-check,0,2,18.0,17.16,450.95,1,0,0.0,0,0
C03935,72,month-to-month,fiber,mailed-check,1,1,66.0,69.12,4578.53,5,1,394.4,0,0
C03936,50,month-to-month,dsl,credit-card,0,5,25.0,62.74,3161.84,1,0,56.8,0,0
C03937,4,two-year,none,bank-transfer,0,2,57.0,25.89,95.0,0,1,0.0,0,0
C03938,5,one-year,fiber,credit-card,1,2,18.0,68.36,331.57,1,0,249.4,1,0
C03939,12,month-to-month,none,credit-card,0,4,46.0,40.09,524.25,0,0,0.0,1,1
C03940,71,month-to-month,dsl,credit-card,0,2,59.0,54.01,3790.47,0,0,518.9,0,0
C03941,4,two-year,dsl,electronic-check,1,2,32.0,54.24,234.45,0,4,64.5,1,1
C03942,12,one-year,fiber,credit-card,0,2,46.0,68.51,817.58,1,1,264.0,0,0
C03943,12,month-to-month,none,electronic-check,0,1,59.0,19.71,231.53,1,1,0.0,0,0
C03944,30,month-to-month,none,electronic-check,0,1,56.0,15.0,455.16,0,0,0.0,0,0
C03945,40,month-to-month,fiber,bank-transfer,1,1,22.0,59.38,2432.21,2,0,338.8,0,0
C03946,34,month-to-month,dsl,bank-transfer,0,3,60.0,60.88,2158.59,2,0,60.4,0,0
C03947,27,month-to-month,fiber,credit-card,0,2,71.0,65.58,1691.53,2,0,299.3,0,0
C03948,6,month-to-month,fiber,electronic-check,1,2,63.0,67.96,376.37,0,0,166.1,0,0
C03949,24,two-year,dsl,bank-transfer,0,2,27.0,54.77,1308.13,0,0,72.4,0,0
C03950,55,month-to-month,dsl,electronic-check,0,3,29.0,56.88,3215.93,0,2,135.8,0,0
C03951,67,two-year,fiber,bank-transfer,0,3,46.0,75.03,4678.12,1,1,208.0,0,0
C03952,30,month-to-month,fiber,electronic-check,1,6,54.0,88.02,2393.11,2,0,232.9,1,1
C03953,4,month-to-month,fiber,bank-transfer,1,1,58.0,71.45,300.63,2,0,425.4,0,0
C03954,30,month-to-month,fiber,bank-transfer,0,2,33.0,64.67,1911.5,1,0,730.9,0,0
C03955,20,month-to-month,fiber,bank-transfer,1,1,44.0,67.51,1398.15,3,1,422.4,0,0
C03956,5,one-year,fiber,electronic-check,1,1,33.0,62.72,282.8,0,2,253.5,0,0
C03957,9,two-year,none,bank-transfer,0,2,30.0,29.26,280.83,1,1,0.0,0,0
C03958,10,one-year,fiber,electronic-check,0,3,51.0,79.95,865.0,3,0,171.4,1,1
C03959,37,one-year,none,credit-card,0,1,44.0,20.84,711.9,0,0,0.0,0,0
C03960,66,two-year,fiber,mailed-check,0,3,52.0,83.35,5113.75,1,0,177.2,0,0
C03961,33,one-year,dsl,mailed-check,0,2,36.0,55.49,1847.43,1,0,88.3,1,1
C03962,37,one-year,fiber,credit-card,0,1,55.0,62.64,2161.96,4,0,223.8,0,0
C03963,21,one-year,fiber,credit-card,0,5,28.0,86.67,1733.32,0,0,219.9,0,0
C03964,14,month-to-month,dsl,electronic-check,0,4,38.0,62.01,922.67,0,0,112.7,1,1
C03965,33,month-to-month,fiber,credit-card,0,4,28.0,87.55,3033.64,1,0,321.0,0,0
C03966,27,one-year,fiber,credit-card,1,2,49.0,58.29,1716.37,1,0,277.3,0,0
C03967,11,one-year,fiber,bank-transfer,0,1,72.0,73.53,872.07,1,0,329.2,1,1
C03968,26,month-to-month,dsl,electronic-check,0,2,51.0,37.52,936.89,1,0,383.9,0,0
C03969,22,two-year,fiber,credit-card,0,3,43.0,78.5,1894.69,3,1,331.9,0,0
C03970,17,month-to-month,fiber,mailed-check,0,3,42.0,78.45,1315.44,0,0,425.8,0,0
C03971,14,one-year,fiber,credit-card,1,1,36.0,63.36,895.96,2,0,374.1,0,0
C03972,30,two-year,dsl,credit-card,0,3,62.0,59.63,1739.85,0,0,77.7,0,0
C03973,14,month-to-month,none,credit-card,0,3,51.0,20.49,291.37,3,1,0.0,0,0
C03974,72,two-year,fiber,mailed-check,0,2,20.0,63.62,4582.23,3,0,178.3,0,0
C03975,32,two-year,fiber,mailed-check,1,3,61.0,66.52,2041.93,0,0,139.4,0,0
C03976,30,one-year,dsl,credit-card,0,4,32.0,54.7,1647.92,0,0,156.3,0,0
C03977,19,two-year,none,electronic-check,0,2,35.0,33.25,658.38,3,0,0.0,0,0
C03978,16,one-year,fiber,credit-card,0,2,51.0,79.79,1278.79,4,0,202.5,0,0
C03979,3,month-to-month,dsl,credit-card,0,3,36.0,54.23,173.56,1,0,122.3,0,0
C03980,12,one-year,dsl,credit-card,0,1,79.0,46.44,599.61,2,1,45.2,0,0
C03981,4,month-to-month,fiber,electronic-check,0,2,41.0,85.24,335.06,0,1,639.0,1,1
C03982,4,month-to-month,dsl,bank-transfer,0,2,54.0,46.65,196.21,1,0,78.7,0,0
C03983,7,month-to-month,dsl,electronic-check,1,1,22.0,39.59,300.35,1,1,102.3,0,0
C03984,51,month-to-month,fiber,credit-card,0,1,36.0,72.27,3876.48,2,0,220.9,0,0
C03985,51,two-year,fiber,mailed-check,0,2,43.0,65.78,3336.0,1,0,238.8,0,0
C03986,12,two-year,fiber,mailed-check,0,1,60.0,57.25,715.41,4,0,116.8,0,0
C03987,6,two-year,fiber,credit-card,0,2,29.0,76.93,454.18,1,0,163.2,0,0
C03988,16,month-to-month,dsl,electronic-check,1,2,63.0,60.84,939.33,0,0,90.7,0,0
C03989,36,one-year,dsl,electronic-check,1,1,47.0,41.04,1514.93,1,0,108.9,1,0
C03990,44,one-year,none,mailed-check,0,1,50.0,19.72,791.73,2,0,0.0,0,0
C03991,26,month-to-month,dsl,bank-transfer,0,1,34.0,52.08,1263.74,0,0,93.2,0,0
C03992,29,one-year,fiber,credit-card,0,1,31.0,58.92,1729.76,1,1,817.9,0,0
C03993,27,month-to-month,fiber,bank-transfer,1,2,18.0,77.49,2053.72,0,2,328.8,1,1
C03994,5,two-year,dsl,electronic-check,0,2,49.0,61.58,288.4,0,1,126.9,1,1
C03995,6,month-to-month,fiber,bank-transfer,0,1,54.0,55.12,359.72,0,0,175.9,0,0
C03996,67,two-year,fiber,credit-card,1,2,40.0,59.27,4365.86,2,2,430.7,0,0
C03997,26,two-year,dsl,electronic-check,0,1,21.0,32.09,815.83,3,0,118.8,0,0
C03998,2,one-year,dsl,mailed-check,0,3,37.0,50.85,105.91,0,0,192.5,0,0
C03999,31,month-to-month,fiber,bank-transfer,1,1,51.0,54.93,1809.53,0,0,126.8,1,1
C04000,10,month-to-month,dsl,bank-transfer,0,1,48.0,53.68,510.32,0,0,27.2,0,0
C04001,47,two-year,fiber,bank-transfer,0,3,55.0,67.29,2991.61,3,0,261.9,0,0
C04002,43,month-to-month,dsl,bank-transfer,1,1,21.0,41.75,1850.06,1,0,129.0,0,0
C04003,35,month-to-month,dsl,credit-card,0,1,39.0,47.88,1630.39,0,0,145.0,0,0
C04004,25,two-year,dsl,bank-transfer,1,1,43.0,38.4,922.01,1,0,93.6,0,0
C04005,54,one-year,fiber,bank-transfer,0,1,54.0,65.06,3696.6,4,0,745.2,1,0
C04006,58,one-year,dsl,mailed-check,0,2,36.0,55.16,3429.57,0,0,84.4,0,0
C04007,10,month-to-month,fiber,credit-card,1,2,53.0,94.77,865.75,3,0,245.9,0,0
C04008,35,month-to-month,dsl,bank-transfer,1,3,31.0,58.02,1984.46,2,1,107.5,0,0
C04009,14,two-year,none,bank-transfer,0,1,48.0,15.0,224.53,1,0,0.0,0,0
C04010,9,month-to-month,fiber,electronic-check,0,2,41.0,75.52,711.37,2,1,252.5,1,0
C04011,58,month-to-month,dsl,bank-transfer,1,2,40.0,52.45,3311.06,2,1,66.9,0,0
C04012,39,month-to-month,fiber,credit-card,1,2,81.0,74.0,2920.79,2,0,339.5,1,1
C04013,27,one-year,dsl,bank-transfer,0,3,40.0,54.21,1544.0,1,1,81.2,0,0
C04014,11,month-to-month,dsl,credit-card,1,3,39.0,62.03,646.46,1,0,85.1,0,0
C04015,59,two-year,dsl,bank-transfer,0,2,24.0,47.99,2629.66,0,0,77.0,0,0
C04016,10,month-to-month,dsl,electronic-check,1,4,60.0,62.44,573.75,2,0,110.3,0,0
C04017,8,month-to-month,none,bank-transfer,0,1,37.0,21.62,186.1,0,0,0.0,0,0
C04018,22,two-year,none,electronic-check,0,2,45.0,25.84,589.08,0,1,0.0,0,0
C04019,36,two-year,none,credit-card,0,2,32.0,22.38,790.22,0,1,0.0,0,0
C04020,17,one-year,fiber,electronic-check,0,2,51.0,78.93,1408.13,2,2,372.0,1,1
C04021,25,two-year,none,mailed-check,0,3,59.0,41.01,1099.55,0,1,0.0,0,0
C04022,14,month-to-month,fiber,bank-transfer,0,3,65.0,90.46,1318.51,0,1,525.9,0,0
C04023,15,month-to-month,fiber,electronic-check,0,1,43.0,66.04,898.4,2,3,93.4,0,1
C04024,72,month-to-month,fiber,bank-transfer,0,2,36.0,71.83,4947.01,0,0,183.8,1,1
C04025,21,month-to-month,fiber,electronic-check,1,1,35.0,67.32,1295.19,1,1,240.3,1,1
C04026,57,one-year,dsl,bank-transfer,1,3,45.0,48.69,2904.07,0,1,117.5,0,0
C04027,4,two-year,fiber,mailed-check,0,1,49.0,72.09,311.94,1,1,224.7,0,0
C04028,47,month-to-month,dsl,credit-card,0,2,53.0,47.89,2239.79,0,0,,0,0
C04029,11,month-to-month,fiber,credit-card,0,3,32.0,79.76,891.83,0,0,236.3,1,1
C04030,39,two-year,fiber,credit-card,0,3,47.0,65.8,2691.49,0,0,,0,0
C04031,11,one-year,none,bank-transfer,0,2,30.0,29.56,292.81,0,0,0.0,0,0
C04032,16,month-to-month,dsl,electronic-check,0,1,43.0,55.31,862.21,2,0,109.2,0,0
C04033,8,month-to-month,fiber,electronic-check,0,3,66.0,69.86,516.7,1,0,232.8,1,1
C04034,40,month-to-month,dsl,credit-card,0,1,42.0,41.61,1673.23,0,1,106.7,0,0
C04035,44,month-to-month,none,electronic-check,0,2,32.0,21.39,869.8,0,1,0.0,0,0
C04036,12,month-to-month,fiber,credit-card,1,2,50.0,66.4,866.06,0,0,189.6,0,0
C04037,5,month-to-month,fiber,electronic-check,0,1,58.0,75.92,380.82,1,4,191.4,0,0
C04038,56,month-to-month,none,credit-card,0,4,33.0,36.2,2186.14,1,0,0.0,0,0
C04039,13,month-to-month,fiber,bank-transfer,0,2,25.0,62.59,821.67,2,0,503.5,0,0
C04040,20,month-to-month,fiber,bank-transfer,0,3,33.0,68.77,1463.64,2,0,180.9,1,1
C04041,10,month-to-month,fiber,bank-transfer,0,3,38.0,58.95,547.81,1,0,464.1,0,0
C04042,37,month-to-month,fiber,electronic-check,0,1,68.0,59.19,2091.64,2,1,282.4,1,1
C04043,38,two-year,none,mailed-check,0,1,24.0,15.0,517.42,1,1,0.0,0,0
C04044,63,one-year,none,bank-transfer,0,3,20.0,20.66,1431.01,3,0,,0,0
C04045,48,month-to-month,dsl,bank-transfer,0,4,49.0,56.96,2482.12,1,0,79.9,0,0
C04046,46,month-to-month,dsl,credit-card,0,1,34.0,36.67,1519.84,3,1,83.7,0,0
C04047,21,one-year,none,electronic-check,0,4,30.0,34.03,715.0,0,0,0.0,0,0
C04048,19,month-to-month,dsl,bank-transfer,0,2,55.0,53.18,1095.29,0,0,81.0,0,0
C04049,37,one-year,dsl,electronic-check,0,3,46.0,57.66,2203.06,1,1,92.0,0,0
C04050,20,two-year,none,electronic-check,0,1,60.0,21.98,408.98,0,1,0.0,0,0
C04051,49,month-to-month,fiber,bank-transfer,1,1,56.0,44.96,2166.45,1,1,,0,0
C04052,9,month-to-month,fiber,mailed-check,0,3,27.0,71.22,627.33,1,0,202.6,0,0
C04053,4,month-to-month,dsl,credit-card,0,5,20.0,75.23,324.4,0,1,46.1,0,1
C04054,34,one-year,dsl,electronic-check,1,1,62.0,62.09,2071.34,2,1,164.7,0,0
C04055,14,month-to-month,fiber,bank-transfer,1,1,43.0,71.47,947.06,2,0,252.0,0,0
C04056,8,one-year,fiber,credit-card,0,2,90.0,70.47,539.32,2,0,108.5,1,1
C04057,72,month-to-month,dsl,credit-card,1,1,60.0,38.34,2952.32,1,0,123.0,0,0
C04058,23,one-year,dsl,electronic-check,0,1,66.0,55.0,1277.58,0,0,63.3,0,0
C04059,6,one-year,none,credit-card,0,2,31.0,23.77,130.3,0,0,0.0,1,0
C04060,13,month-to-month,none,mailed-check,0,3,44.0,28.01,381.45,1,0,0.0,0,0
C04061,18,two-year,dsl,bank-transfer,0,3,57.0,64.19,1252.24,0,0,215.1,0,0
C04062,33,two-year,dsl,bank-transfer,1,4,44.0,35.34,1261.43,0,0,88.9,0,0
C04063,13,month-to-month,dsl,electronic-check,0,3,46.0,54.44,677.51,0,1,66.0,0,0
C04064,20,two-year,fiber,credit-card,1,2,49.0,58.2,1115.03,2,1,354.2,0,0
C04065,28,two-year,fiber,credit-card,0,1,34.0,69.42,1955.37,1,0,,0,0
C04066,32,month-to-month,fiber,bank-transfer,0,1,32.0,77.94,2378.19,2,0,540.0,1,1
C04067,21,one-year,none,bank-transfer,0,1,42.0,23.95,523.51,1,0,0.0,0,0
C04068,72,one-year,none,bank-transfer,0,1,39.0,35.76,2719.85,1,0,0.0,0,0
C04069,37,one-year,fiber,bank-transfer,0,2,32.0,71.67,2829.29,0,0,106.6,0,0
C04070,36,two-year,none,electronic-check,0,1,43.0,31.55,1179.39,0,0,0.0,0,0
C04071,35,month-to-month,dsl,electronic-check,0,4,25.0,47.28,1769.96,0,0,52.0,0,0
C04072,50,month-to-month,fiber,bank-transfer,0,3,56.0,76.68,4083.21,2,1,215.0,0,0
C04073,26,month-to-month,fiber,electronic-check,0,3,54.0,64.41,1563.0,1,3,277.6,1,1
C04074,9,one-year,none,credit-card,0,1,55.0,23.07,221.47,2,1,0.0,1,1
C04075,31,month-to-month,fiber,bank-transfer,0,2,32.0,67.44,2045.22,1,0,,0,1
C04076,34,month-to-month,dsl,bank-transfer,1,1,31.0,43.42,1372.0,1,0,180.8,0,0
C04077,55,month-to-month,dsl,bank-transfer,1,3,65.0,53.29,3063.98,0,0,29.0,0,0
C04078,8,one-year,dsl,credit-card,0,2,42.0,58.39,483.2,0,1,131.6,0,0
C04079,10,month-to-month,dsl,credit-card,1,2,54.0,51.54,548.73,2,1,80.2,0,0
C04080,23,month-to-month,dsl,credit-card,0,2,28.0,51.5,1088.59,0,0,64.4,0,0
C04081,36,month-to-month,none,credit-card,0,2,41.0,25.13,980.14,1,0,0.0,1,1
C04082,7,month-to-month,fiber,bank-transfer,0,2,63.0,75.74,502.6,1,2,284.0,0,0
C04083,9,month-to-month,fiber,bank-transfer,0,5,47.0,83.24,687.01,1,0,321.1,0,0
C04084,42,month-to-month,fiber,credit-card,0,4,41.0,71.16,2997.55,0,1,182.9,0,0
C04085,7,one-year,dsl,electronic-check,1,2,53.0,57.69,397.24,0,2,102.8,0,0
C04086,11,month-to-month,dsl,bank-transfer,1,2,50.0,46.48,488.97,2,0,32.8,0,0
C04087,44,month-to-month,dsl,credit-card,0,2,76.0,52.24,2482.05,1,1,145.5,0,0
C04088,35,one-year,fiber,credit-card,0,2,46.0,76.11,2413.86,0,0,278.2,1,1
C04089,13,month-to-month,dsl,electronic-check,0,1,55.0,36.44,505.67,1,0,43.4,0,0
C04090,32,month-to-month,none,electronic-check,0,2,43.0,18.46,543.24,0,1,0.0,1,1
C04091,28,month-to-month,dsl,electronic-check,1,2,30.0,38.55,1148.58,0,1,107.5,0,0
C04092,20,month-to-month,dsl,credit-card,0,2,51.0,47.21,897.22,2,0,99.7,0,0
C04093,16,month-to-month,dsl,electronic-check,0,3,23.0,63.46,959.27,1,0,58.9,0,0
C04094,32,two-year,dsl,bank-transfer,0,3,60.0,54.8,1707.85,1,0,49.6,0,0
C04095,8,month-to-month,fiber,electronic-check,0,2,25.0,81.31,647.68,2,2,,0,0
C04096,31,one-year,dsl,electronic-check,0,2,32.0,52.61,1529.72,1,2,365.5,0,0
C04097,26,two-year,fiber,credit-card,0,4,30.0,75.44,2127.37,0,1,206.3,0,0
C04098,28,month-to-month,fiber,mailed-check,1,1,54.0,59.55,1601.15,0,0,348.8,0,0
C04099,10,one-year,dsl,bank-transfer,1,2,28.0,62.66,587.95,2,0,131.1,0,0
C04100,56,month-to-month,fiber,mailed-check,1,2,53.0,76.25,4542.99,0,0,607.9,0,0
C04101,13,one-year,fiber,credit-card,0,3,35.0,73.56,915.38,2,0,318.7,1,1
C04102,15,two-year,dsl,bank-transfer,0,3,43.0,56.08,909.81,1,0,48.4,0,0
C04103,20,month-to-month,dsl,electronic-check,0,1,37.0,41.44,884.61,0,1,73.9,0,0
C04104,35,two-year,fiber,credit-card,0,6,80.0,69.8,2364.17,0,0,170.5,0,0
C04105,27,month-to-month,fiber,electronic-check,0,2,20.0,70.7,2037.19,0,0,311.3,0,0
C04106,5,one-year,dsl,credit-card,0,1,52.0,35.04,173.54,1,0,134.5,0,0
C04107,23,month-to-month,dsl,credit-card,0,2,45.0,47.11,1023.22,0,1,135.2,0,0
C04108,24,month-to-month,dsl,credit-card,0,4,33.0,49.92,1129.03,0,0,137.6,1,1
C04109,57,month-to-month,dsl,mailed-check,1,2,51.0,48.51,2670.66,0,0,271.9,0,0
C04110,18,two-year,none,mailed-check,0,1,31.0,15.0,289.91,0,0,0.0,0,0
C04111,33,one-year,fiber,bank-transfer,0,2,29.0,70.55,2428.61,2,0,120.8,0,0
C04112,72,two-year,dsl,bank-transfer,0,2,28.0,55.56,4123.64,1,2,64.4,0,0
C04113,50,month-to-month,fiber,credit-card,1,3,46.0,77.5,3852.36,0,0,594.8,0,0
C04114,10,month-to-month,fiber,bank-transfer,1,3,36.0,63.22,669.41,0,0,201.5,0,0
C04115,39,month-to-month,none,mailed-check,0,2,32.0,15.0,567.69,1,0,0.0,0,0
C04116,31,month-to-month,none,electronic-check,0,4,50.0,24.74,716.32,1,0,0.0,0,0
C04117,17,month-to-month,fiber,electronic-check,1,1,61.0,73.2,1138.61,1,0,130.1,0,0
C04118,39,two-year,fiber,credit-card,0,1,24.0,82.51,3461.24,2,0,295.3,0,0
C04119,9,two-year,none,electronic-check,0,4,50.0,29.62,240.34,0,0,0.0,0,0
C04120,13,month-to-month,fiber,mailed-check,0,5,53.0,76.81,1095.23,1,0,225.7,1,1
C04121,20,month-to-month,none,mailed-check,0,2,64.0,36.09,793.93,0,1,0.0,1,1
C04122,17,one-year,fiber,electronic-check,1,1,41.0,61.65,995.24,0,1,229.4,0,0
C04123,36,one-year,fiber,credit-card,0,2,68.0,69.37,2675.35,1,0,221.6,0,0
C04124,22,one-year,fiber,mailed-check,0,1,54.0,66.3,1441.92,1,0,248.9,0,0
C04125,15,month-to-month,dsl,bank-transfer,0,2,18.0,44.53,722.35,0,0,67.9,1,1
C04126,50,month-to-month,fiber,credit-card,0,3,50.0,68.8,3358.62,2,1,115.1,0,0
C04127,35,month-to-month,fiber,credit-card,1,1,45.0,64.38,2260.87,3,0,167.6,0,0
C04128,6,two-year,none,electronic-check,0,1,60.0,16.71,105.12,3,1,0.0,1,1
C04129,6,one-year,fiber,electronic-check,0,1,63.0,50.75,311.89,3,0,373.3,1,1
C04130,15,two-year,dsl,mailed-check,1,1,,37.81,534.18,1,0,91.5,0,0
C04131,7,month-to-month,fiber,mailed-check,0,3,59.0,73.89,506.44,0,1,363.1,0,0
C04132,44,month-to-month,dsl,electronic-check,0,2,43.0,45.57,1997.25,1,1,75.8,1,1
C04133,14,month-to-month,fiber,mailed-check,0,3,34.0,78.97,1157.18,2,0,,1,1
C04134,33,two-year,dsl,credit-card,0,3,,48.77,1460.93,0,0,75.1,0,0
C04135,38,month-to-month,dsl,credit-card,0,4,38.0,74.5,3099.41,1,0,59.9,0,0
C04136,3,one-year,none,credit-card,0,2,45.0,25.42,75.11,1,0,0.0,0,0
C04137,15,month-to-month,none,electronic-check,0,2,44.0,25.6,376.68,1,1,0.0,0,0
C04138,19,month-to-month,fiber,mailed-check,0,3,53.0,70.89,1446.62,3,1,214.5,0,0
C04139,28,month-to-month,fiber,electronic-check,0,2,65.0,67.87,1895.39,3,1,206.4,0,0
C04140,43,month-to-month,fiber,mailed-check,0,3,69.0,59.88,2622.52,0,1,217.5,0,0
C04141,72,two-year,dsl,bank-transfer,0,5,59.0,65.0,4879.26,2,0,110.9,0,0
C04142,67,two-year,fiber,electronic-check,0,2,20.0,85.75,5512.32,2,0,,0,0
C04143,22,one-year,none,bank-transfer,0,2,67.0,32.17,775.75,0,2,0.0,0,0
C04144,22,month-to-month,none,electronic-check,0,2,54.0,15.0,351.4,1,1,0.0,0,1
C04145,62,one-year,fiber,electronic-check,0,4,61.0,82.32,5413.36,2,2,310.5,0,0
C04146,23,month-to-month,fiber,bank-transfer,1,2,40.0,73.57,1553.23,1,0,318.8,0,0
C04147,14,two-year,dsl,credit-card,0,6,45.0,82.15,1144.04,0,0,80.0,0,0
C04148,45,one-year,fiber,credit-card,0,2,59.0,63.69,2862.08,1,0,269.0,0,0
C04149,29,month-to-month,fiber,mailed-check,0,3,75.0,93.28,2471.59,2,1,494.7,0,0
C04150,6,month-to-month,fiber,electronic-check,1,2,48.0,70.9,444.11,3,0,104.2,0,0
C04151,18,month-to-month,none,bank-transfer,0,3,26.0,23.37,408.36,0,0,0.0,0,0
C04152,7,month-to-month,dsl,mailed-check,0,2,54.0,36.95,253.15,1,0,272.2,0,0
C04153,1,two-year,fiber,bank-transfer,0,2,42.0,69.05,70.91,3,1,387.3,1,1
C04154,72,one-year,fiber,bank-transfer,0,2,29.0,71.65,5284.55,0,0,224.7,0,0
C04155,25,month-to-month,dsl,electronic-check,1,4,43.0,50.86,1358.98,2,0,90.6,0,0
C04156,18,month-to-month,fiber,bank-transfer,0,2,52.0,74.99,1454.94,2,0,419.9,0,0
C04157,15,one-year,none,bank-transfer,0,1,61.0,24.21,363.41,1,1,0.0,0,0
C04158,23,month-to-month,dsl,electronic-check,0,1,38.0,45.07,1098.13,2,0,108.8,1,0
C04159,15,month-to-month,none,bank-transfer,0,4,38.0,28.13,432.86,0,0,0.0,1,1
C04160,10,one-year,dsl,bank-transfer,0,2,43.0,50.15,471.64,0,0,188.8,0,0
C04161,16,month-to-month,none,credit-card,0,2,71.0,39.74,574.46,1,0,0.0,1,1
C04162,58,month-to-month,dsl,mailed-check,0,1,65.0,37.6,2008.66,0,2,113.6,0,0
C04163,44,month-to-month,dsl,bank-transfer,0,2,53.0,35.94,1522.21,1,0,153.8,0,0
C04164,16,month-to-month,fiber,mailed-check,1,1,53.0,62.03,976.05,3,0,238.4,0,0
C04165,72,two-year,dsl,electronic-check,1,2,40.0,43.52,3225.8,0,0,109.5,0,0
C04166,22,two-year,dsl,credit-card,0,1,57.0,30.17,660.25,0,0,69.9,0,0
C04167,12,two-year,dsl,bank-transfer,0,2,30.0,53.26,692.59,1,1,81.7,0,0
C04168,30,two-year,dsl,bank-transfer,0,4,52.0,49.45,1376.92,1,1,122.3,0,0
C04169,65,month-to-month,fiber,electronic-check,0,1,18.0,53.62,3198.06,1,0,262.5,0,0
C04170,56,month-to-month,fiber,bank-transfer,1,2,20.0,76.56,4661.92,1,0,273.9,0,0
C04171,12,one-year,fiber,electronic-check,0,1,18.0,76.21,854.95,0,0,226.2,0,0
C04172,8,month-to-month,fiber,electronic-check,1,1,73.0,85.7,723.57,3,2,101.0,0,0
C04173,17,two-year,dsl,credit-card,0,3,43.0,42.54,713.77,0,0,172.4,0,0
C04174,34,month-to-month,none,mailed-check,0,1,25.0,23.14,746.18,0,1,0.0,0,0
C04175,40,month-to-month,dsl,bank-transfer,0,2,82.0,38.79,1467.52,0,0,141.0,0,0
C04176,51,one-year,none,electronic-check,0,2,33.0,25.57,1405.87,0,0,0.0,0,0
C04177,26,two-year,none,credit-card,0,2,53.0,23.75,625.98,0,1,0.0,0,0
C04178,27,one-year,fiber,credit-card,1,2,33.0,52.86,1504.59,3,0,226.1,0,0
C04179,25,one-year,dsl,electronic-check,0,2,57.0,54.22,1367.65,0,0,74.9,1,1
C04180,47,month-to-month,fiber,bank-transfer,1,3,45.0,74.99,3230.03,1,0,154.5,0,0
C04181,41,one-year,none,mailed-check,0,1,34.0,24.84,986.96,2,0,0.0,0,0
C04182,12,one-year,dsl,electronic-check,0,2,25.0,39.92,482.58,0,2,131.8,0,0
C04183,37,month-to-month,fiber,electronic-check,1,2,34.0,86.92,3216.94,4,1,317.9,0,0
C04184,45,one-year,fiber,bank-transfer,1,2,30.0,72.11,3429.65,0,1,368.4,0,0
C04185,47,month-to-month,dsl,mailed-check,1,3,19.0,57.67,2842.19,2,0,112.3,0,0
C04186,29,month-to-month,fiber,mailed-check,0,4,56.0,91.05,2718.7,2,0,142.5,1,1
C04187,28,two-year,fiber,credit-card,1,2,62.0,69.89,2117.39,0,0,339.9,0,0
C04188,22,month-to-month,none,bank-transfer,0,2,35.0,17.84,430.06,2,0,0.0,0,0
C04189,24,one-year,fiber,mailed-check,1,2,18.0,78.72,1719.82,0,0,326.5,0,0
C04190,70,month-to-month,dsl,credit-card,1,2,50.0,48.79,3718.77,0,0,65.9,0,0
C04191,25,two-year,dsl,credit-card,0,3,47.0,62.73,1525.79,0,2,,0,0
C04192,13,month-to-month,fiber,mailed-check,0,1,30.0,64.07,,0,0,200.2,0,0
C04193,29,month-to-month,fiber,bank-transfer,1,2,44.0,87.37,2614.44,1,0,198.1,1,1
C04194,40,two-year,fiber,mailed-check,0,3,18.0,74.55,2895.57,0,0,507.6,0,0
C04195,46,one-year,none,bank-transfer,0,2,45.0,19.89,976.29,1,0,0.0,0,0
C04196,10,month-to-month,dsl,bank-transfer,0,2,43.0,52.6,482.57,0,0,403.5,0,0
C04197,61,month-to-month,fiber,bank-transfer,0,2,65.0,66.11,3816.31,1,1,263.6,0,0
C04198,39,month-to-month,none,bank-transfer,0,3,49.0,22.93,944.93,0,0,0.0,0,0
C04199,59,two-year,fiber,mailed-check,0,3,46.0,85.65,5070.76,1,1,234.9,0,0
C04200,7,one-year,fiber,electronic-check,0,2,74.0,59.67,384.32,0,2,253.7,1,1
C04201,48,two-year,fiber,mailed-check,0,2,33.0,78.12,3855.1,3,0,,0,0
C04202,9,two-year,dsl,bank-transfer,1,3,23.0,67.69,597.81,0,0,65.5,0,0
C04203,19,month-to-month,fiber,mailed-check,1,5,59.0,82.14,1425.52,1,2,228.5,0,0
C04204,40,one-year,dsl,electronic-check,0,3,61.0,57.02,2075.27,0,1,68.0,0,0
C04205,8,one-year,fiber,credit-card,0,1,61.0,58.19,429.01,0,1,255.7,0,0
C04206,15,two-year,dsl,bank-transfer,0,2,42.0,59.01,858.13,1,0,,0,0
C04207,7,one-year,none,credit-card,0,1,34.0,15.0,106.83,0,0,0.0,0,0
C04208,39,month-to-month,fiber,credit-card,0,1,26.0,72.82,2950.38,4,1,1187.0,1,1
C04209,12,two-year,fiber,mailed-check,0,2,32.0,69.89,865.12,1,0,275.7,0,0
C04210,24,one-year,dsl,mailed-check,0,1,22.0,38.04,841.61,3,0,177.3,1,1
C04211,31,two-year,fiber,credit-card,0,1,38.0,59.24,1946.11,3,0,224.9,1,1
C04212,29,month-to-month,fiber,credit-card,0,2,70.0,73.74,2266.68,2,0,336.6,0,0
C04213,27,month-to-month,dsl,credit-card,0,4,37.0,50.28,1311.97,3,1,82.6,0,0
C04214,27,one-year,dsl,electronic-check,0,2,47.0,54.2,1540.58,0,0,277.6,0,0
C04215,7,one-year,dsl,electronic-check,0,2,53.0,51.17,336.52,0,2,89.6,0,0
C04216,19,month-to-month,fiber,electronic-check,0,1,40.0,61.64,1090.41,1,0,189.3,0,0
C04217,27,month-to-month,fiber,electronic-check,0,1,39.0,68.71,1855.11,0,0,297.1,0,0
C04218,25,one-year,dsl,mailed-check,1,2,64.0,43.4,997.5,1,1,73.2,0,0
C04219,21,two-year,dsl,credit-card,0,1,48.0,42.58,906.78,0,0,262.8,0,0
C04220,13,month-to-month,fiber,credit-card,1,1,62.0,61.7,808.21,0,0,307.4,0,0
C04221,29,month-to-month,fiber,electronic-check,1,5,81.0,74.64,2001.44,1,1,731.2,1,1
C04222,33,month-to-month,fiber,mailed-check,0,1,32.0,62.12,2120.84,1,0,,1,1
C04223,17,month-to-month,dsl,electronic-check,0,3,43.0,42.25,718.47,0,0,105.2,0,0
C04224,46,month-to-month,none,mailed-check,0,5,42.0,35.33,1490.16,1,0,0.0,0,0
C04225,62,month-to-month,fiber,mailed-check,1,1,38.0,50.96,3222.13,0,0,296.4,0,0
C04226,24,one-year,dsl,credit-card,0,2,39.0,41.61,983.95,3,1,130.2,0,0
C04227,12,month-to-month,fiber,electronic-check,0,2,66.0,62.41,762.1,0,4,333.1,1,1
C04228,8,month-to-month,fiber,mailed-check,0,2,46.0,73.12,597.94,0,0,178.6,0,0
C04229,18,two-year,dsl,credit-card,0,5,82.0,57.11,1007.36,0,0,95.7,0,0
C04230,23,month-to-month,dsl,electronic-check,0,2,39.0,39.78,846.81,3,0,81.6,0,0
C04231,8,one-year,fiber,credit-card,0,3,68.0,71.72,588.63,1,0,203.6,0,0
C04232,18,month-to-month,dsl,electronic-check,1,1,71.0,59.98,1185.44,1,2,,0,0
C04233,44,two-year,fiber,credit-card,0,2,44.0,56.51,2478.33,0,1,132.3,0,0
C04234,3,two-year,fiber,bank-transfer,0,1,52.0,70.39,223.46,2,0,217.7,0,0
C04235,25,month-to-month,dsl,electronic-check,0,2,58.0,52.63,1425.88,0,1,79.8,0,0
C04236,15,one-year,fiber,electronic-check,0,3,37.0,91.53,1410.89,2,0,526.9,0,0
C04237,23,one-year,dsl,credit-card,1,2,70.0,52.17,1128.45,0,0,69.7,0,0
C04238,64,month-to-month,dsl,credit-card,0,4,33.0,60.18,3980.67,1,0,43.9,0,0
C04239,22,one-year,none,mailed-check,0,2,37.0,25.13,532.29,0,1,0.0,0,0
C04240,20,month-to-month,fiber,mailed-check,0,1,37.0,64.54,1209.11,0,1,244.1,0,0
C04241,37,month-to-month,dsl,electronic-check,0,2,48.0,55.45,2115.69,0,1,137.3,0,0
C04242,29,two-year,fiber,credit-card,0,3,50.0,70.55,2128.13,4,0,418.0,1,1
C04243,25,month-to-month,fiber,electronic-check,0,4,35.0,104.13,2819.77,2,1,234.5,1,1
C04244,30,month-to-month,fiber,electronic-check,1,1,43.0,71.71,2240.62,1,0,684.6,1,1
C04245,53,month-to-month,dsl,bank-transfer,0,1,28.0,43.31,2304.35,0,0,71.1,0,0
C04246,42,two-year,fiber,credit-card,0,1,62.0,62.85,2713.65,3,0,140.1,0,0
C04247,19,month-to-month,none,credit-card,0,3,55.0,29.71,618.43,1,0,0.0,0,0
C04248,62,month-to-month,fiber,credit-card,0,3,40.0,74.49,4716.52,1,0,142.8,0,0
C04249,16,one-year,none,electronic-check,0,1,42.0,25.0,395.94,1,3,0.0,0,0
C04250,25,one-year,fiber,bank-transfer,0,3,35.0,77.24,1974.85,2,0,223.8,0,0
C04251,27,month-to-month,fiber,bank-transfer,0,2,31.0,81.58,2303.72,2,0,570.4,0,0
C04252,18,two-year,dsl,bank-transfer,0,1,29.0,37.2,719.56,0,0,,0,0
C04253,57,month-to-month,fiber,electronic-check,1,1,31.0,64.61,3460.9,0,1,702.2,0,0
C04254,18,one-year,dsl,electronic-check,1,3,59.0,47.11,782.81,0,1,108.8,1,1
C04255,21,one-year,none,bank-transfer,0,2,61.0,21.11,440.84,0,0,0.0,0,0
C04256,47,month-to-month,dsl,credit-card,0,3,24.0,50.79,2508.12,1,0,141.9,0,0
C04257,16,two-year,none,credit-card,0,1,55.0,26.18,384.79,1,0,0.0,0,0
C04258,8,one-year,fiber,electronic-check,1,2,27.0,64.82,560.25,1,1,215.8,1,1
C04259,26,month-to-month,dsl,bank-transfer,1,2,56.0,61.13,1733.77,0,0,84.8,0,0
C04260,10,month-to-month,dsl,bank-transfer,1,1,46.0,56.58,621.34,1,0,76.4,0,0
C04261,9,month-to-month,dsl,bank-transfer,0,2,37.0,55.69,514.74,0,0,203.0,0,0
C04262,3,two-year,dsl,credit-card,0,1,52.0,35.84,112.6,0,0,76.1,0,0
C04263,3,month-to-month,dsl,credit-card,0,2,65.0,61.47,179.5,0,0,35.7,0,0
C04264,4,two-year,none,electronic-check,0,2,18.0,21.54,,1,0,0.0,0,0
C04265,67,month-to-month,fiber,bank-transfer,0,1,62.0,62.31,3850.07,1,1,224.7,0,0
C04266,4,two-year,fiber,electronic-check,0,1,33.0,69.11,267.34,4,0,223.0,0,0
C04267,10,two-year,fiber,credit-card,1,1,66.0,58.11,632.73,1,0,260.9,0,0
C04268,21,month-to-month,fiber,electronic-check,1,3,58.0,84.96,1791.74,1,1,288.1,1,1
C04269,36,month-to-month,dsl,bank-transfer,1,4,28.0,66.37,2492.96,0,0,194.5,1,1
C04270,39,two-year,fiber,electronic-check,0,4,,103.76,4063.01,0,0,330.8,1,1
C04271,12,month-to-month,fiber,bank-transfer,0,2,52.0,72.39,782.57,4,2,86.9,1,1
C04272,25,month-to-month,none,bank-transfer,0,3,59.0,28.93,687.2,1,0,0.0,0,0
C04273,21,two-year,none,electronic-check,0,3,52.0,46.04,911.01,1,4,0.0,0,0
C04274,24,two-year,dsl,credit-card,1,2,51.0,35.08,788.26,0,0,127.4,0,0
C04275,26,one-year,dsl,credit-card,0,3,35.0,56.82,1460.04,0,0,107.1,0,0
C04276,31,two-year,fiber,credit-card,0,3,46.0,73.91,2414.3,1,0,148.7,0,0
C04277,15,one-year,dsl,mailed-check,1,1,44.0,54.85,818.71,0,1,124.6,0,0
C04278,18,one-year,fiber,mailed-check,0,4,22.0,104.86,2012.2,1,1,338.9,0,0
C04279,72,month-to-month,fiber,electronic-check,0,1,50.0,59.6,4105.95,1,0,432.6,0,0
C04280,15,one-year,dsl,bank-transfer,0,1,39.0,54.25,789.45,0,0,71.0,0,0
C04281,25,one-year,fiber,credit-card,0,1,66.0,76.14,2026.46,2,0,358.6,0,1
C04282,21,one-year,fiber,electronic-check,0,4,63.0,90.52,1988.06,1,1,286.8,0,0
C04283,24,two-year,dsl,credit-card,1,2,48.0,51.95,1131.38,0,0,42.0,0,0
C04284,48,month-to-month,fiber,credit-card,1,2,62.0,75.72,3632.05,3,0,381.4,0,0
C04285,20,one-year,fiber,electronic-check,0,1,54.0,57.39,1045.06,1,1,259.1,0,0
C04286,9,month-to-month,fiber,credit-card,0,1,45.0,79.2,751.91,1,0,344.4,0,1
C04287,14,month-to-month,fiber,electronic-check,0,1,24.0,56.37,785.43,2,1,83.2,0,0
C04288,20,month-to-month,dsl,electronic-check,1,3,43.0,47.24,972.23,0,0,83.7,0,0
C04289,27,two-year,fiber,electronic-check,0,3,40.0,72.74,1922.87,0,0,,0,0
C04290,12,month-to-month,fiber,electronic-check,0,2,43.0,65.44,711.82,3,1,453.8,0,0
C04291,13,one-year,none,bank-transfer,0,2,42.0,28.48,344.29,0,0,0.0,0,0
C04292,27,one-year,none,electronic-check,0,3,62.0,27.47,701.69,2,2,0.0,0,0
C04293,28,two-year,dsl,electronic-check,0,1,63.0,38.05,968.42,2,2,81.4,0,0
C04294,43,one-year,none,electronic-check,0,2,38.0,16.03,664.42,2,2,0.0,0,0
C04295,14,month-to-month,dsl,mailed-check,1,4,25.0,69.5,935.06,0,1,91.6,0,0
C04296,34,month-to-month,fiber,mailed-check,1,3,30.0,79.22,2846.5,1,1,191.2,0,0
C04297,21,one-year,dsl,electronic-check,0,2,64.0,39.59,794.59,3,0,115.9,0,0
C04298,16,month-to-month,fiber,mailed-check,0,3,59.0,80.11,,2,0,249.4,0,0
C04299,22,month-to-month,dsl,credit-card,1,3,28.0,52.44,1097.84,0,0,72.7,0,0
C04300,24,month-to-month,none,mailed-check,0,1,23.0,15.0,352.06,2,0,0.0,1,1
C04301,8,month-to-month,fiber,mailed-check,1,2,36.0,60.08,452.22,1,0,380.4,0,0
C04302,8,two-year,fiber,credit-card,0,1,72.0,73.13,608.29,3,0,298.4,0,0
C04303,37,two-year,fiber,electronic-check,1,2,51.0,80.81,2817.11,4,1,128.4,0,0
C04304,17,one-year,none,bank-transfer,0,1,41.0,25.63,419.14,0,1,0.0,1,0
C04305,27,month-to-month,fiber,electronic-check,0,4,43.0,74.14,2106.21,2,1,540.9,1,1
C04306,36,two-year,none,credit-card,0,1,18.0,24.12,880.07,1,0,0.0,0,0
C04307,22,one-year,fiber,bank-transfer,1,1,41.0,68.94,1492.04,1,0,269.0,0,0
C04308,34,two-year,dsl,bank-transfer,0,1,64.0,25.0,924.59,2,0,56.2,0,0
C04309,24,month-to-month,fiber,bank-transfer,0,3,39.0,79.66,1865.2,1,0,206.2,0,0
C04310,25,month-to-month,fiber,mailed-check,0,3,41.0,76.54,1979.17,3,0,228.5,0,0
C04311,50,one-year,fiber,bank-transfer,0,1,50.0,83.76,4386.33,1,0,339.8,0,0
C04312,20,two-year,fiber,bank-transfer,0,2,28.0,85.91,1857.74,1,1,192.5,1,1
C04313,37,month-to-month,fiber,mailed-check,0,3,50.0,74.37,2677.28,1,1,539.1,0,0
C04314,6,month-to-month,fiber,credit-card,1,2,33.0,73.56,426.92,1,0,151.9,1,1
C04315,26,one-year,dsl,credit-card,1,2,38.0,50.99,1211.62,0,0,105.0,0,0
C04316,59,two-year,dsl,credit-card,0,1,39.0,41.26,2275.74,1,1,42.8,0,0
C04317,72,one-year,fiber,mailed-check,0,5,39.0,74.09,,0,2,268.0,0,0
C04318,7,two-year,dsl,mailed-check,0,2,47.0,44.65,300.83,0,0,155.1,0,0
C04319,17,one-year,dsl,electronic-check,0,2,44.0,46.36,719.32,1,0,106.6,0,0
C04320,10,two-year,none,bank-transfer,0,3,42.0,39.56,364.37,0,0,0.0,0,0
C04321,21,month-to-month,fiber,bank-transfer,0,1,47.0,66.7,1338.3,1,0,690.5,0,0
C04322,41,month-to-month,fiber,electronic-check,0,1,31.0,60.48,2383.05,3,1,422.4,0,0
C04323,51,one-year,none,bank-transfer,0,1,,15.0,693.02,1,0,0.0,1,0
C04324,53,one-year,none,credit-card,0,2,45.0,28.52,1541.05,3,0,0.0,0,0
C04325,6,month-to-month,none,credit-card,0,4,35.0,32.49,184.87,0,0,0.0,0,0
C04326,24,month-to-month,dsl,mailed-check,0,3,52.0,46.57,1100.07,0,0,41.6,0,0
C04327,14,one-year,dsl,electronic-check,1,2,37.0,42.56,622.88,0,1,62.6,1,1
C04328,20,two-year,none,credit-card,0,1,18.0,34.1,645.64,0,1,0.0,0,0
C04329,16,month-to-month,dsl,mailed-check,0,2,43.0,48.99,811.74,0,1,180.6,0,0
C04330,6,two-year,fiber,bank-transfer,0,4,61.0,88.81,568.89,2,0,179.7,0,0
C04331,52,month-to-month,none,electronic-check,0,3,50.0,15.88,903.72,1,2,0.0,0,0
C04332,12,month-to-month,none,credit-card,0,3,24.0,39.46,479.48,1,0,0.0,0,0
C04333,14,month-to-month,fiber,mailed-check,0,1,36.0,71.23,975.31,1,1,349.7,1,1
C04334,59,month-to-month,fiber,credit-card,0,2,38.0,77.13,4414.17,1,0,507.1,0,0
C04335,5,month-to-month,none,mailed-check,0,1,42.0,15.0,72.89,0,0,0.0,1,1
C04336,31,one-year,fiber,electronic-check,0,1,36.0,65.26,1935.65,1,2,295.1,1,1
C04337,45,one-year,dsl,credit-card,1,1,19.0,38.45,1745.52,0,0,106.7,0,0
C04338,56,month-to-month,fiber,credit-card,0,1,43.0,55.63,2937.24,1,1,481.6,0,0
C04339,30,two-year,fiber,electronic-check,0,3,66.0,59.96,1683.99,3,0,183.1,0,0
C04340,38,two-year,dsl,credit-card,1,1,35.0,36.39,1265.71,2,0,132.0,0,0
C04341,45,month-to-month,none,credit-card,0,1,26.0,15.0,704.12,0,0,0.0,0,0
C04342,21,month-to-month,dsl,electronic-check,0,4,66.0,66.29,1408.04,2,2,75.2,0,0
C04343,11,month-to-month,fiber,credit-card,0,1,74.0,60.14,679.5,3,0,280.6,1,1
C04344,62,one-year,fiber,bank-transfer,1,1,39.0,63.76,4215.14,2,0,251.4,0,0
C04345,35,month-to-month,fiber,electronic-check,0,2,49.0,79.61,2916.01,1,1,188.7,0,0
C04346,23,one-year,none,credit-card,0,2,48.0,25.57,583.67,2,0,0.0,0,0
C04347,7,one-year,fiber,bank-transfer,1,1,58.0,59.27,389.74,2,0,244.2,0,0
C04348,2,one-year,none,credit-card,0,3,28.0,31.63,57.73,0,0,0.0,1,1
C04349,31,month-to-month,none,mailed-check,0,2,,18.73,582.76,0,0,0.0,0,0
C04350,2,month-to-month,dsl,credit-card,1,1,29.0,30.95,57.83,0,0,111.0,0,0
C04351,23,month-to-month,fiber,electronic-check,0,2,50.0,72.99,1719.51,2,2,300.5,1,1
C04352,13,two-year,none,electronic-check,0,1,68.0,25.18,321.64,0,0,0.0,0,0
C04353,16,one-year,fiber,electronic-check,0,4,,78.45,1186.43,2,1,299.7,1,1
C04354,53,one-year,none,bank-transfer,0,1,32.0,18.96,1029.09,0,0,0.0,0,0
C04355,13,one-year,fiber,credit-card,0,2,60.0,66.61,900.77,3,0,656.6,0,0
C04356,24,month-to-month,fiber,bank-transfer,0,1,36.0,77.38,1816.22,1,0,740.9,0,0
C04357,13,month-to-month,fiber,electronic-check,1,1,52.0,67.4,853.33,2,0,276.7,1,1
C04358,29,month-to-month,fiber,electronic-check,1,1,33.0,63.98,1792.73,4,0,183.7,1,1
C04359,26,month-to-month,dsl,credit-card,1,2,25.0,57.75,1386.17,0,1,115.3,0,0
C04360,23,month-to-month,dsl,electronic-check,0,1,34.0,53.47,1307.63,0,0,46.7,0,0
C04361,45,month-to-month,fiber,credit-card,0,2,18.0,73.55,3115.79,0,1,495.8,0,0
C04362,5,one-year,dsl,bank-transfer,0,2,29.0,57.74,273.73,0,0,117.3,0,0
C04363,4,month-to-month,fiber,electronic-check,0,1,77.0,69.45,259.76,1,0,176.4,0,0
C04364,8,month-to-month,none,credit-card,0,5,18.0,40.4,341.83,2,0,0.0,0,0
C04365,26,month-to-month,none,mailed-check,0,3,21.0,37.95,978.88,0,0,0.0,0,0
C04366,32,month-to-month,dsl,electronic-check,0,3,71.0,47.53,1369.46,2,2,112.9,1,1
C04367,1,month-to-month,none,credit-card,0,3,31.0,22.36,21.13,0,2,0.0,0,0
C04368,32,month-to-month,fiber,credit-card,1,1,39.0,68.97,2102.67,1,0,204.8,0,0
C04369,18,month-to-month,fiber,electronic-check,1,2,45.0,64.57,1087.07,1,0,245.5,1,1
C04370,63,two-year,fiber,electronic-check,1,2,20.0,76.57,4743.73,1,1,191.8,0,0
C04371,30,month-to-month,none,credit-card,0,1,61.0,22.01,711.36,1,0,0.0,0,0
C04372,58,month-to-month,fiber,credit-card,0,3,43.0,91.56,4787.06,1,1,255.7,0,0
C04373,51,month-to-month,none,electronic-check,0,3,35.0,22.1,1049.41,0,0,0.0,0,0
C04374,18,month-to-month,dsl,bank-transfer,0,2,59.0,57.46,1000.43,1,0,84.2,0,0
C04375,41,one-year,fiber,bank-transfer,0,3,25.0,71.04,2874.08,1,1,589.5,0,0
C04376,18,month-to-month,dsl,bank-transfer,0,2,46.0,52.34,881.5,0,0,232.4,0,0
C04377,68,two-year,dsl,bank-transfer,1,2,30.0,55.83,3794.56,1,1,82.5,0,0
C04378,19,two-year,dsl,credit-card,1,2,26.0,53.17,987.06,0,1,137.6,0,0
C04379,33,one-year,none,bank-transfer,0,3,75.0,34.06,1218.49,0,0,0.0,0,0
C04380,72,month-to-month,dsl,credit-card,0,1,47.0,48.37,3150.58,1,1,42.7,0,0
C04381,34,month-to-month,fiber,credit-card,0,3,59.0,73.09,2691.26,0,0,303.4,0,0
C04382,16,month-to-month,dsl,mailed-check,0,2,37.0,56.86,948.95,0,0,44.8,0,0
C04383,7,one-year,fiber,credit-card,0,3,30.0,82.29,536.91,2,0,431.6,0,0
C04384,5,month-to-month,none,credit-card,0,3,18.0,27.34,136.22,1,0,,0,0
C04385,32,one-year,fiber,mailed-check,0,3,40.0,68.75,2372.32,0,0,,0,0
C04386,22,month-to-month,dsl,mailed-check,0,3,20.0,57.21,1191.03,0,0,54.6,1,1
C04387,8,month-to-month,fiber,electronic-check,1,6,46.0,91.7,736.77,3,3,248.5,1,1
C04388,38,month-to-month,fiber,credit-card,1,2,26.0,57.18,2327.45,1,0,205.8,0,0
C04389,38,month-to-month,dsl,electronic-check,0,3,52.0,56.85,1987.08,2,4,40.5,1,1
C04390,21,one-year,fiber,electronic-check,1,2,76.0,63.59,1373.6,1,1,222.8,0,0
C04391,60,one-year,dsl,electronic-check,0,2,87.0,34.67,1946.93,1,1,89.4,0,0
C04392,4,month-to-month,dsl,credit-card,0,2,50.0,53.15,193.7,1,0,113.9,0,0
C04393,17,month-to-month,fiber,bank-transfer,0,3,45.0,65.34,1176.81,0,0,192.1,0,0
C04394,34,two-year,fiber,credit-card,1,3,34.0,85.32,2978.0,2,1,236.5,0,0
C04395,9,month-to-month,dsl,electronic-check,1,1,33.0,51.28,494.84,0,1,71.5,0,0
C04396,41,one-year,dsl,bank-transfer,0,2,31.0,51.98,2333.28,0,0,71.0,0,0
C04397,49,month-to-month,dsl,bank-transfer,0,1,67.0,56.14,2568.83,0,0,74.4,0,0
C04398,1,one-year,fiber,electronic-check,1,2,39.0,77.72,73.85,4,1,284.1,0,0
C04399,61,one-year,fiber,mailed-check,0,2,77.0,62.86,3471.07,1,1,209.8,0,0
C04400,33,month-to-month,dsl,mailed-check,0,2,31.0,58.11,1954.18,0,0,76.5,1,1
C04401,15,month-to-month,none,electronic-check,0,2,43.0,19.53,285.17,0,1,,1,1
C04402,6,month-to-month,dsl,credit-card,0,2,26.0,57.36,318.11,0,0,91.6,1,1
C04403,45,month-to-month,dsl,mailed-check,0,2,53.0,46.64,1996.28,0,1,138.9,0,0
C04404,8,one-year,dsl,credit-card,0,2,42.0,39.91,327.34,1,0,41.1,0,0
C04405,33,month-to-month,dsl,credit-card,0,1,44.0,48.41,1529.07,2,1,203.0,1,1
C04406,8,month-to-month,dsl,bank-transfer,0,2,40.0,46.15,360.28,0,0,104.7,0,0
C04407,23,two-year,fiber,electronic-check,0,2,53.0,78.64,1651.05,3,0,233.6,0,0
C04408,43,two-year,dsl,credit-card,1,3,,65.45,2645.73,2,0,130.8,0,0
C04409,15,month-to-month,fiber,credit-card,0,5,57.0,71.18,1063.54,1,1,556.2,1,1
C04410,61,one-year,fiber,credit-card,0,2,31.0,70.0,4282.28,1,0,162.5,0,0
C04411,35,month-to-month,fiber,electronic-check,1,3,50.0,80.2,2661.1,3,1,93.0,0,0
C04412,9,one-year,fiber,electronic-check,1,1,38.0,66.0,634.61,2,1,278.8,0,0
C04413,6,month-to-month,fiber,bank-transfer,0,1,65.0,66.17,434.05,1,1,113.6,0,0
C04414,12,one-year,fiber,bank-transfer,0,1,49.0,67.16,849.14,1,0,150.4,0,0
C04415,22,month-to-month,fiber,electronic-check,1,2,50.0,57.19,1132.86,1,1,698.9,0,0
C04416,65,month-to-month,fiber,bank-transfer,1,1,41.0,77.78,5019.73,2,1,143.6,0,0
C04417,72,two-year,fiber,bank-transfer,0,4,33.0,85.29,5739.3,1,0,128.6,0,0
C04418,15,month-to-month,fiber,electronic-check,1,2,46.0,64.8,1011.74,2,1,,0,0
C04419,14,month-to-month,none,electronic-check,0,2,63.0,19.01,244.43,1,1,0.0,0,0
C04420,39,month-to-month,dsl,electronic-check,0,3,33.0,61.93,2243.4,1,1,179.2,0,0
C04421,39,one-year,fiber,credit-card,0,1,65.0,67.1,2394.4,1,0,120.0,0,0
C04422,55,month-to-month,fiber,mailed-check,0,2,54.0,72.91,4031.54,1,1,212.4,1,1
C04423,56,one-year,fiber,bank-transfer,0,2,18.0,74.43,3853.02,1,0,347.5,0,0
C04424,11,month-to-month,fiber,mailed-check,0,1,31.0,66.82,762.24,2,0,200.2,1,1
C04425,5,one-year,fiber,bank-transfer,1,5,79.0,69.96,321.66,0,0,494.8,0,0
C04426,35,two-year,fiber,bank-transfer,0,1,43.0,61.72,2110.59,0,1,,0,0
C04427,27,month-to-month,dsl,credit-card,0,2,31.0,54.47,1578.75,1,0,77.0,0,0
C04428,3,one-year,dsl,bank-transfer,0,3,32.0,60.16,173.96,0,1,75.5,0,0
C04429,5,month-to-month,dsl,bank-transfer,0,3,43.0,51.21,257.86,1,0,160.7,0,0
C04430,34,month-to-month,fiber,mailed-check,0,2,59.0,69.71,2396.86,0,1,302.5,0,0
C04431,21,one-year,fiber,mailed-check,1,4,40.0,89.31,1910.49,0,0,207.0,0,0
C04432,34,two-year,none,bank-transfer,0,2,33.0,36.25,1178.76,0,2,0.0,0,0
C04433,9,two-year,dsl,mailed-check,0,2,18.0,52.65,443.22,2,0,95.5,0,0
C04434,36,two-year,dsl,mailed-check,0,3,31.0,62.11,2388.98,1,0,108.6,0,0
C04435,29,month-to-month,none,mailed-check,0,2,35.0,27.84,880.87,2,0,0.0,0,0
C04436,38,one-year,dsl,bank-transfer,1,1,50.0,50.65,2085.55,0,1,90.4,0,0
C04437,16,month-to-month,fiber,credit-card,0,3,51.0,74.92,1093.47,0,0,289.6,0,0
C04438,13,two-year,dsl,mailed-check,0,4,67.0,55.18,675.77,0,0,65.5,0,0
C04439,6,one-year,fiber,electronic-check,0,2,27.0,84.8,525.92,2,0,272.4,1,1
C04440,18,month-to-month,dsl,bank-transfer,0,4,47.0,74.4,1250.58,1,0,83.6,0,0
C04441,48,two-year,fiber,bank-transfer,0,3,47.0,75.22,3865.19,0,0,148.2,0,0
C04442,57,one-year,fiber,credit-card,1,2,30.0,73.17,4457.54,4,0,254.8,0,0
C04443,8,two-year,fiber,credit-card,0,3,59.0,76.37,572.74,3,1,253.2,0,0
C04444,22,one-year,fiber,credit-card,1,4,71.0,80.43,1855.63,5,0,131.5,1,1
C04445,66,two-year,dsl,electronic-check,1,1,45.0,45.77,2926.62,2,1,142.5,0,0
C04446,71,month-to-month,fiber,bank-transfer,1,2,38.0,79.39,5895.34,1,0,199.3,0,0
C04447,17,month-to-month,fiber,bank-transfer,0,3,67.0,66.46,1156.26,2,0,255.3,0,1
C04448,51,one-year,fiber,credit-card,0,3,52.0,70.12,3366.13,0,0,171.6,0,0
C04449,45,month-to-month,none,credit-card,0,1,27.0,27.47,1284.44,0,0,,0,0
C04450,43,month-to-month,dsl,bank-transfer,0,3,42.0,56.5,2351.5,0,0,263.3,0,0
C04451,4,two-year,dsl,credit-card,1,1,40.0,55.37,220.82,1,0,,0,0
C04452,14,two-year,fiber,mailed-check,0,4,32.0,80.89,1080.29,2,0,220.8,0,0
C04453,20,two-year,fiber,bank-transfer,1,3,33.0,78.17,1412.92,1,0,138.1,0,0
C04454,20,month-to-month,fiber,bank-transfer,0,3,35.0,73.68,1446.23,2,0,208.0,1,1
C04455,22,month-to-month,fiber,bank-transfer,0,2,57.0,81.14,1615.52,1,0,196.6,1,1
C04456,72,two-year,fiber,electronic-check,1,3,41.0,82.29,5564.54,3,0,304.4,0,0
C04457,18,month-to-month,none,credit-card,0,5,46.0,31.3,609.11,0,0,0.0,0,0
C04458,30,month-to-month,dsl,electronic-check,0,1,60.0,50.31,1623.63,1,1,130.5,0,0
C04459,30,month-to-month,fiber,credit-card,1,6,41.0,98.62,2963.26,2,0,223.7,0,0
C04460,22,two-year,dsl,bank-transfer,0,1,27.0,45.06,1002.2,0,0,43.9,0,0
C04461,8,month-to-month,fiber,bank-transfer,1,2,59.0,75.91,613.21,2,0,424.8,0,0
C04462,24,month-to-month,fiber,electronic-check,0,2,39.0,80.75,2056.93,0,0,206.0,0,0
C04463,3,month-to-month,dsl,electronic-check,1,5,72.0,64.56,195.67,0,0,60.6,0,0
C04464,33,month-to-month,none,electronic-check,0,4,60.0,38.1,1273.53,0,1,0.0,0,0
C04465,2,one-year,dsl,bank-transfer,1,3,53.0,51.53,104.1,0,0,109.2,0,0
C04466,31,one-year,none,credit-card,0,1,48.0,24.65,762.07,0,0,,0,0
C04467,13,one-year,fiber,electronic-check,1,4,62.0,72.83,957.48,2,2,343.6,1,1
C04468,10,month-to-month,dsl,bank-transfer,0,1,49.0,50.72,550.64,1,0,56.7,0,0
C04469,39,month-to-month,none,electronic-check,0,5,18.0,52.69,1974.48,0,2,0.0,0,0
C04470,16,month-to-month,fiber,bank-transfer,1,2,43.0,63.34,1102.35,0,1,112.0,0,0
C04471,23,two-year,dsl,bank-transfer,1,2,54.0,61.11,1420.81,0,1,68.5,0,0
C04472,4,month-to-month,none,electronic-check,0,3,30.0,30.29,117.89,0,4,0.0,1,1
C04473,60,month-to-month,dsl,bank-transfer,0,1,84.0,40.44,2242.33,0,0,,0,0
C04474,25,month-to-month,fiber,mailed-check,0,2,43.0,68.91,1886.9,1,1,204.6,0,0
C04475,25,two-year,fiber,electronic-check,0,3,53.0,75.85,1876.08,2,0,115.2,0,0
C04476,33,one-year,dsl,bank-transfer,0,2,63.0,47.46,1655.47,0,0,144.4,1,0
C04477,1,month-to-month,none,credit-card,0,3,54.0,39.73,40.85,0,0,0.0,1,1
C04478,64,one-year,fiber,credit-card,0,3,43.0,73.43,4341.06,3,0,357.2,0,0
C04479,17,month-to-month,fiber,credit-card,0,3,51.0,78.16,1235.77,1,1,297.0,0,0
C04480,62,one-year,fiber,credit-card,1,1,42.0,82.58,5367.14,0,0,103.9,0,0
C04481,17,two-year,fiber,credit-card,0,1,44.0,64.25,1101.42,2,0,99.0,0,0
C04482,14,one-year,dsl,electronic-check,1,5,28.0,61.73,832.15,0,1,66.1,0,0
C04483,32,two-year,dsl,bank-transfer,0,2,41.0,47.58,1437.12,0,0,218.4,0,0
C04484,72,month-to-month,dsl,credit-card,0,1,27.0,54.54,4244.42,3,0,76.5,0,0
C04485,51,month-to-month,dsl,bank-transfer,0,2,45.0,49.85,2386.03,0,0,210.8,0,0
C04486,34,one-year,dsl,electronic-check,0,3,39.0,57.68,2128.36,2,1,44.8,1,0
C04487,31,one-year,dsl,bank-transfer,0,3,53.0,49.97,1609.62,1,0,122.3,0,0
C04488,24,month-to-month,fiber,mailed-check,0,3,23.0,73.18,1683.75,3,0,345.8,0,0
C04489,60,month-to-month,fiber,mailed-check,0,4,31.0,88.25,5389.36,1,0,128.6,0,0
C04490,40,month-to-month,none,mailed-check,0,2,31.0,15.0,621.35,0,1,0.0,0,0
C04491,6,month-to-month,dsl,electronic-check,0,3,45.0,41.3,,1,1,185.6,1,1
C04492,10,two-year,fiber,electronic-check,1,1,41.0,61.49,636.05,2,3,157.9,0,0
C04493,35,month-to-month,dsl,bank-transfer,0,2,61.0,47.28,1640.5,0,0,164.0,0,0
C04494,8,two-year,dsl,electronic-check,0,2,46.0,48.32,364.58,2,0,62.4,0,0
C04495,25,month-to-month,fiber,credit-card,0,2,45.0,68.53,1846.32,5,0,420.8,0,0
C04496,42,one-year,dsl,credit-card,1,1,29.0,45.55,1797.5,2,0,82.7,0,0
C04497,32,two-year,fiber,mailed-check,0,2,41.0,67.15,2253.46,3,2,386.3,0,0
C04498,7,one-year,none,bank-transfer,0,1,25.0,31.32,216.31,1,0,0.0,0,0
C04499,10,two-year,dsl,credit-card,1,1,52.0,52.03,505.03,1,0,186.8,0,0
C04500,32,month-to-month,none,credit-card,0,1,57.0,19.48,574.22,2,0,0.0,1,1
C04501,72,month-to-month,dsl,bank-transfer,0,2,22.0,57.72,4237.58,1,0,,0,0
C04502,21,one-year,none,electronic-check,0,2,46.0,15.0,321.74,1,0,0.0,0,0
C04503,43,one-year,fiber,mailed-check,1,2,43.0,73.13,3343.94,1,0,102.9,0,0
C04504,32,one-year,fiber,credit-card,1,2,63.0,77.3,2711.08,1,0,229.3,0,0
C04505,13,one-year,none,credit-card,0,2,30.0,20.91,244.96,1,0,0.0,0,0
C04506,44,month-to-month,none,credit-card,0,1,34.0,24.68,1115.28,0,0,0.0,0,0
C04507,4,month-to-month,none,electronic-check,0,5,49.0,35.37,132.64,0,1,0.0,0,0
C04508,42,two-year,none,bank-transfer,0,3,38.0,33.11,1460.34,1,0,0.0,0,0
C04509,33,one-year,dsl,electronic-check,0,1,38.0,34.97,1202.22,0,1,120.1,0,0
C04510,14,one-year,dsl,electronic-check,1,1,38.0,52.65,671.24,0,1,219.9,0,0
C04511,9,one-year,dsl,credit-card,0,3,53.0,55.45,453.12,0,0,62.9,0,0
C04512,16,two-year,fiber,credit-card,0,3,62.0,77.28,1352.52,1,1,285.4,0,0
C04513,12,two-year,dsl,bank-transfer,1,1,44.0,44.85,485.49,0,1,61.9,0,0
C04514,19,month-to-month,none,electronic-check,0,2,41.0,34.1,620.26,0,1,0.0,0,0
C04515,17,two-year,dsl,electronic-check,0,1,55.0,47.44,852.22,2,0,70.2,0,0
C04516,14,month-to-month,fiber,mailed-check,0,2,48.0,77.97,1096.52,2,0,103.2,1,1
C04517,4,month-to-month,dsl,credit-card,1,2,47.0,46.08,174.74,1,0,164.9,0,0
C04518,8,two-year,none,mailed-check,0,3,62.0,34.95,306.68,0,0,0.0,0,0
C04519,49,month-to-month,fiber,credit-card,0,1,29.0,78.01,3968.33,1,0,504.6,0,0
C04520,15,month-to-month,fiber,bank-transfer,1,1,41.0,78.35,1160.19,0,0,,0,0
C04521,19,one-year,dsl,credit-card,0,1,30.0,24.95,509.1,0,1,,1,1
C04522,16,two-year,none,credit-card,0,2,37.0,26.72,455.94,3,0,0.0,0,0
C04523,61,month-to-month,dsl,credit-card,1,3,26.0,43.6,2654.03,0,0,111.8,0,0
C04524,12,one-year,dsl,credit-card,0,2,39.0,47.31,594.86,1,0,,0,0
C04525,11,month-to-month,fiber,electronic-check,0,3,51.0,71.03,745.21,0,0,790.7,0,0
C04526,34,month-to-month,fiber,electronic-check,0,1,18.0,70.24,2207.81,0,1,334.4,0,0
C04527,27,one-year,none,electronic-check,0,1,40.0,19.3,492.63,0,1,0.0,1,1
C04528,35,one-year,fiber,electronic-check,1,2,44.0,64.48,2411.18,4,0,287.9,0,0
C04529,33,one-year,fiber,electronic-check,0,2,41.0,74.65,2317.26,1,1,511.2,0,0
C04530,45,one-year,fiber,mailed-check,0,2,20.0,62.1,2533.58,1,0,351.1,0,0
C04531,7,two-year,fiber,credit-card,0,1,59.0,59.21,418.02,0,0,214.9,1,1
C04532,32,two-year,fiber,mailed-check,0,1,59.0,62.34,1875.92,1,1,455.6,0,0
C04533,11,month-to-month,dsl,bank-transfer,0,4,62.0,58.78,637.36,0,1,41.7,0,0
C04534,3,one-year,dsl,bank-transfer,1,2,37.0,51.81,169.12,1,0,191.6,0,0
C04535,33,one-year,dsl,electronic-check,0,3,48.0,56.9,1970.68,0,1,199.2,0,0
C04536,32,month-to-month,fiber,credit-card,1,2,34.0,65.41,1931.95,1,0,335.5,0,0
C04537,23,one-year,none,credit-card,0,1,29.0,22.28,552.25,1,0,0.0,0,0
C04538,45,one-year,fiber,bank-transfer,0,2,28.0,71.01,2892.91,1,1,144.7,0,0
C04539,11,month-to-month,fiber,electronic-check,0,3,48.0,75.4,807.24,0,1,387.0,1,1
C04540,37,month-to-month,fiber,mailed-check,1,1,58.0,53.04,1989.77,2,0,343.7,0,0
C04541,20,month-to-month,none,credit-card,0,1,64.0,23.92,492.79,3,0,0.0,0,0
C04542,22,month-to-month,dsl,credit-card,1,4,,64.93,1550.5,1,1,73.9,0,0
C04543,3,two-year,dsl,electronic-check,1,2,35.0,56.22,166.27,1,2,40.6,0,0
C04544,45,month-to-month,fiber,bank-transfer,0,4,44.0,81.37,3609.6,3,0,243.0,0,0
C04545,31,one-year,fiber,credit-card,1,3,60.0,83.69,2670.17,0,0,190.5,0,0
C04546,36,one-year,none,bank-transfer,0,1,69.0,24.01,781.3,2,0,0.0,0,0
C04547,10,month-to-month,fiber,electronic-check,0,1,63.0,61.82,639.72,0,1,146.3,1,1
C04548,28,month-to-month,dsl,credit-card,1,3,61.0,54.63,1492.45,1,0,178.0,0,0
C04549,20,month-to-month,none,credit-card,0,2,65.0,20.54,386.62,1,0,0.0,0,0
C04550,32,month-to-month,dsl,credit-card,0,1,46.0,37.2,1126.58,0,0,143.8,0,0
C04551,27,month-to-month,fiber,bank-transfer,0,3,49.0,80.7,2008.67,1,0,437.4,0,0
C04552,69,month-to-month,fiber,credit-card,0,1,61.0,63.06,4213.84,1,1,131.6,0,0
C04553,55,two-year,fiber,electronic-check,0,2,53.0,75.62,4289.5,0,4,200.0,0,0
C04554,18,one-year,none,mailed-check,0,4,58.0,50.01,957.33,0,0,0.0,0,0
C04555,33,month-to-month,none,credit-card,0,1,36.0,28.45,898.65,0,0,0.0,0,0
C04556,17,month-to-month,fiber,credit-card,0,1,66.0,57.39,974.46,1,0,224.1,1,1
C04557,44,two-year,none,credit-card,0,3,38.0,25.57,1143.82,2,0,0.0,0,0
C04558,21,month-to-month,fiber,mailed-check,0,2,62.0,74.66,1571.97,2,0,226.3,0,0
C04559,15,one-year,fiber,bank-transfer,0,2,44.0,73.43,1192.27,2,1,183.0,1,1
C04560,28,month-to-month,fiber,electronic-check,1,2,37.0,80.69,2313.23,0,1,275.3,0,0
C04561,52,two-year,none,mailed-check,0,3,18.0,27.16,1534.96,1,1,0.0,0,0
C04562,47,month-to-month,fiber,mailed-check,1,3,42.0,64.98,3207.27,0,0,294.6,0,0
C04563,16,month-to-month,fiber,mailed-check,0,3,26.0,67.66,1004.94,2,0,174.4,1,1
C04564,65,one-year,fiber,credit-card,1,6,31.0,99.6,6009.32,2,0,46.0,0,0
C04565,11,month-to-month,fiber,electronic-check,0,2,53.0,71.37,831.85,1,3,215.4,0,0
C04566,14,one-year,dsl,mailed-check,0,1,22.0,51.76,780.43,1,1,43.3,0,0
C04567,43,month-to-month,fiber,electronic-check,1,2,63.0,67.39,3038.81,2,0,400.0,0,0
C04568,3,month-to-month,none,electronic-check,0,2,83.0,19.24,54.87,1,2,0.0,0,0
C04569,24,month-to-month,none,mailed-check,0,3,38.0,35.35,844.09,0,0,0.0,1,1
C04570,18,one-year,fiber,electronic-check,0,1,63.0,54.47,931.9,1,0,331.8,0,0
C04571,67,two-year,none,electronic-check,0,2,24.0,29.01,,0,1,0.0,0,0
C04572,9,month-to-month,none,electronic-check,0,1,51.0,33.07,318.52,1,1,0.0,1,1
C04573,10,two-year,none,bank-transfer,0,1,50.0,15.0,163.78,0,1,0.0,0,0
C04574,72,two-year,fiber,credit-card,0,2,90.0,62.58,4356.68,1,1,234.1,0,0
C04575,19,month-to-month,none,electronic-check,0,1,39.0,19.91,353.4,2,0,0.0,1,1
C04576,51,month-to-month,dsl,mailed-check,0,1,52.0,41.35,1941.57,1,1,72.1,0,0
C04577,16,month-to-month,fiber,mailed-check,1,2,42.0,69.07,1062.01,0,0,250.6,1,1
C04578,13,month-to-month,dsl,credit-card,1,1,,62.77,837.15,0,0,80.2,0,0
C04579,52,one-year,fiber,electronic-check,0,1,43.0,59.85,3015.45,2,2,124.4,0,0
C04580,72,month-to-month,dsl,credit-card,1,1,42.0,43.38,3401.32,0,0,114.6,0,0
C04581,55,month-to-month,dsl,electronic-check,0,4,36.0,52.17,2648.83,0,1,69.0,0,0
C04582,15,one-year,dsl,mailed-check,0,2,49.0,38.82,576.45,1,0,103.2,0,0
C04583,23,month-to-month,fiber,mailed-check,0,6,32.0,93.56,2228.03,1,0,255.2,1,1
C04584,10,two-year,none,electronic-check,0,2,39.0,15.0,146.92,0,0,0.0,0,0
C04585,12,one-year,fiber,electronic-check,0,1,74.0,54.62,683.08,1,3,609.6,1,1
C04586,11,month-to-month,none,bank-transfer,0,3,43.0,30.36,330.74,1,0,0.0,1,1
C04587,17,month-to-month,dsl,electronic-check,0,3,58.0,59.7,1070.05,1,4,156.5,0,0
C04588,26,month-to-month,fiber,credit-card,0,2,44.0,63.06,1565.81,0,0,349.9,1,1
C04589,23,two-year,dsl,credit-card,0,2,57.0,44.09,1089.06,1,0,107.5,0,0
C04590,39,month-to-month,none,electronic-check,0,2,42.0,15.0,547.19,0,1,0.0,0,0
C04591,27,two-year,none,credit-card,0,3,18.0,34.08,871.76,1,0,0.0,0,0
C04592,36,two-year,fiber,electronic-check,0,2,,70.28,2401.36,1,0,185.7,0,0
C04593,40,month-to-month,fiber,bank-transfer,0,4,30.0,80.08,2931.17,2,0,1316.8,0,1
C04594,16,one-year,fiber,credit-card,0,2,40.0,59.51,924.84,0,0,131.9,0,0
C04595,21,one-year,dsl,credit-card,0,3,55.0,61.49,1369.69,0,0,76.8,1,0
C04596,72,month-to-month,fiber,credit-card,1,2,72.0,66.0,4938.76,0,1,343.0,0,0
C04597,15,two-year,fiber,credit-card,1,3,24.0,82.12,1344.12,0,0,194.6,0,0
C04598,38,month-to-month,fiber,electronic-check,1,1,41.0,59.75,2249.79,1,1,238.4,0,0
C04599,7,two-year,none,electronic-check,0,1,45.0,22.61,158.55,1,0,0.0,0,0
C04600,41,one-year,fiber,bank-transfer,0,4,46.0,73.96,2818.65,5,0,280.8,0,0
C04601,13,month-to-month,dsl,electronic-check,1,3,46.0,62.69,770.99,0,1,215.0,0,0
C04602,24,month-to-month,fiber,electronic-check,0,2,53.0,60.32,1567.73,5,1,499.9,1,1
C04603,6,month-to-month,dsl,electronic-check,1,2,38.0,52.41,345.78,0,2,70.0,1,1
C04604,22,month-to-month,dsl,electronic-check,0,1,42.0,35.23,804.7,1,1,106.0,0,0
C04605,23,one-year,none,electronic-check,0,2,51.0,21.58,478.16,1,0,0.0,0,0
C04606,20,month-to-month,dsl,credit-card,1,5,35.0,70.11,1505.23,1,0,31.9,0,0
C04607,32,two-year,fiber,credit-card,0,2,36.0,60.87,2013.01,4,0,279.5,0,0
C04608,50,month-to-month,fiber,credit-card,1,2,44.0,73.75,3499.19,0,0,206.8,1,1
C04609,10,month-to-month,fiber,electronic-check,0,3,36.0,81.04,805.96,3,1,244.7,1,1
C04610,20,month-to-month,fiber,bank-transfer,0,1,30.0,48.99,976.92,1,1,645.6,1,1
C04611,4,month-to-month,none,mailed-check,0,2,29.0,28.81,125.69,0,1,0.0,0,0
C04612,26,one-year,dsl,credit-card,1,2,44.0,59.01,1381.51,2,0,113.6,0,0
C04613,9,month-to-month,none,bank-transfer,0,1,66.0,15.0,122.56,0,0,0.0,0,0
C04614,23,one-year,fiber,credit-card,0,5,51.0,78.12,1650.29,3,0,452.4,0,0
C04615,27,one-year,none,electronic-check,0,2,31.0,15.0,432.74,1,1,0.0,0,0
C04616,5,month-to-month,none,bank-transfer,0,4,68.0,27.31,127.17,1,0,0.0,0,0
C04617,30,month-to-month,dsl,electronic-check,0,3,37.0,63.15,1787.68,0,0,111.2,0,0
C04618,48,month-to-month,fiber,electronic-check,1,3,69.0,71.66,3308.25,0,1,287.7,1,1
C04619,35,month-to-month,none,credit-card,0,4,44.0,39.0,1294.72,0,0,0.0,0,0
C04620,10,one-year,none,electronic-check,0,1,49.0,15.0,162.21,1,1,0.0,0,0
C04621,22,month-to-month,fiber,electronic-check,0,2,40.0,69.1,1663.57,1,1,615.1,1,1
C04622,24,month-to-month,none,electronic-check,0,1,41.0,29.97,699.19,1,2,0.0,1,1
C04623,21,month-to-month,none,credit-card,0,3,66.0,40.77,867.96,2,0,0.0,0,0
C04624,7,month-to-month,fiber,electronic-check,1,2,42.0,71.22,478.02,1,0,220.7,1,1
C04625,12,two-year,fiber,electronic-check,0,3,59.0,73.34,960.58,2,1,157.8,0,0
C04626,19,two-year,fiber,mailed-check,0,1,46.0,58.68,1082.19,2,1,216.0,0,1
C04627,27,one-year,dsl,credit-card,0,4,43.0,66.42,1951.32,0,0,80.4,1,1
C04628,14,month-to-month,none,mailed-check,0,3,54.0,29.04,378.57,1,0,0.0,0,0
C04629,3,month-to-month,none,mailed-check,0,1,43.0,30.36,87.68,1,0,0.0,1,1
C04630,15,month-to-month,fiber,credit-card,0,2,33.0,56.54,770.26,2,1,289.6,1,1
C04631,69,two-year,dsl,electronic-check,0,1,34.0,41.55,2849.65,1,0,54.1,0,0
C04632,30,month-to-month,dsl,credit-card,1,2,54.0,48.82,1324.65,0,1,62.0,0,0
C04633,26,month-to-month,dsl,credit-card,0,1,18.0,49.1,1188.92,0,0,36.1,1,1
C04634,11,one-year,dsl,electronic-check,1,1,51.0,34.66,371.79,3,0,105.2,0,0
C04635,16,one-year,dsl,credit-card,0,2,23.0,48.91,850.32,1,0,74.6,0,0
C04636,3,month-to-month,fiber,credit-card,1,4,48.0,87.79,248.09,1,1,117.0,1,1
C04637,11,month-to-month,fiber,electronic-check,0,6,65.0,92.52,929.89,0,3,153.2,1,1
C04638,29,two-year,none,mailed-check,0,1,32.0,22.68,691.17,0,0,0.0,0,0
C04639,26,month-to-month,fiber,credit-card,0,2,53.0,63.5,1707.48,2,0,161.9,1,1
C04640,13,two-year,fiber,credit-card,0,2,62.0,68.26,962.86,0,0,893.2,0,0
C04641,21,month-to-month,none,credit-card,0,2,36.0,16.8,377.32,1,0,0.0,0,0
C04642,23,two-year,none,credit-card,0,2,35.0,33.1,826.0,1,0,0.0,0,0
C04643,14,two-year,dsl,mailed-check,0,4,,63.38,930.82,0,1,122.1,0,0
C04644,32,month-to-month,fiber,bank-transfer,1,1,64.0,66.02,2270.24,0,0,228.0,0,0
C04645,26,two-year,dsl,electronic-check,0,1,79.0,46.42,1263.0,2,0,,0,0
C04646,16,month-to-month,dsl,bank-transfer,0,1,34.0,54.71,884.98,0,0,74.5,1,1
C04647,7,month-to-month,fiber,mailed-check,0,2,55.0,86.14,551.45,0,0,344.6,0,0
C04648,15,month-to-month,fiber,bank-transfer,0,1,38.0,65.66,980.49,1,0,489.1,1,1
C04649,14,one-year,fiber,mailed-check,0,4,28.0,80.66,1181.13,1,0,267.1,0,0
C04650,13,month-to-month,dsl,electronic-check,1,3,41.0,58.18,749.21,0,0,56.1,0,0
C04651,5,month-to-month,none,mailed-check,0,2,42.0,36.62,197.99,0,0,0.0,0,0
C04652,57,two-year,dsl,bank-transfer,0,1,,51.21,3168.59,1,0,134.4,0,0
C04653,55,two-year,fiber,mailed-check,1,2,51.0,73.19,3927.87,0,0,395.1,0,0
C04654,20,month-to-month,fiber,bank-transfer,0,3,48.0,81.18,1646.9,0,0,217.8,1,1
C04655,27,month-to-month,dsl,electronic-check,0,2,63.0,53.34,1378.07,1,2,43.8,0,0
C04656,31,month-to-month,dsl,electronic-check,0,4,73.0,48.84,1534.14,0,0,159.6,0,0
C04657,20,month-to-month,fiber,bank-transfer,1,3,45.0,83.56,1554.66,1,1,229.4,0,0
C04658,28,two-year,none,bank-transfer,0,4,38.0,28.64,830.71,1,0,0.0,0,0
C04659,35,two-year,none,credit-card,0,1,42.0,19.32,743.66,0,0,0.0,0,0
C04660,25,month-to-month,none,mailed-check,0,1,,15.0,361.15,0,0,0.0,0,0
C04661,39,month-to-month,fiber,bank-transfer,0,1,36.0,62.9,2253.57,2,0,351.4,0,0
C04662,13,month-to-month,none,credit-card,0,2,23.0,26.92,315.92,0,0,0.0,0,0
C04663,22,month-to-month,dsl,electronic-check,0,1,25.0,55.87,1253.07,0,1,128.9,0,0
C04664,72,month-to-month,dsl,electronic-check,0,1,55.0,41.63,3172.2,1,1,30.5,0,0
C04665,45,month-to-month,fiber,credit-card,1,1,56.0,76.71,3171.26,0,0,80.8,0,0
C04666,26,month-to-month,fiber,bank-transfer,0,2,50.0,57.19,1490.42,2,0,276.9,0,0
C04667,10,month-to-month,fiber,electronic-check,1,2,41.0,60.15,614.33,0,0,114.9,1,1
C04668,23,two-year,none,electronic-check,0,1,37.0,15.0,362.71,1,2,0.0,0,0
C04669,43,one-year,dsl,bank-transfer,1,2,24.0,56.12,2499.55,1,0,151.7,0,0
C04670,37,month-to-month,none,credit-card,0,3,35.0,22.55,893.66,3,0,0.0,0,0
C04671,4,month-to-month,dsl,electronic-check,0,6,34.0,60.02,258.64,1,1,74.9,0,0
C04672,5,two-year,fiber,credit-card,0,1,24.0,79.37,377.9,3,0,293.0,0,0
C04673,5,month-to-month,dsl,mailed-check,0,3,48.0,53.94,258.79,1,0,86.5,0,0
C04674,32,two-year,fiber,electronic-check,1,1,34.0,76.9,2246.65,3,1,,0,0
C04675,5,month-to-month,none,mailed-check,0,1,46.0,28.25,154.68,0,0,0.0,0,0
C04676,10,two-year,fiber,bank-transfer,0,3,23.0,81.45,845.96,0,2,215.8,0,0
C04677,20,month-to-month,fiber,credit-card,0,1,54.0,75.07,1640.55,1,0,168.2,0,0
C04678,48,two-year,dsl,electronic-check,0,3,51.0,52.85,2291.95,0,1,115.0,0,0
C04679,33,month-to-month,none,credit-card,0,2,37.0,15.76,510.67,1,0,0.0,0,0
C04680,18,two-year,dsl,credit-card,0,2,66.0,54.14,1070.28,0,0,170.7,0,0
C04681,40,one-year,fiber,bank-transfer,0,2,44.0,67.18,2725.14,1,0,165.1,0,0
C04682,72,month-to-month,dsl,bank-transfer,0,3,47.0,59.81,4497.37,3,0,79.0,0,0
C04683,23,one-year,fiber,bank-transfer,1,2,22.0,77.22,1919.61,2,0,,0,0
C04684,7,month-to-month,dsl,credit-card,1,4,33.0,53.55,362.48,0,0,87.3,1,1
C04685,10,month-to-month,dsl,credit-card,0,1,35.0,40.27,389.06,0,0,67.1,1,1
C04686,10,month-to-month,fiber,electronic-check,1,1,57.0,64.29,693.12,4,2,369.2,0,0
C04687,12,one-year,fiber,bank-transfer,0,5,59.0,95.16,1180.94,1,0,211.6,0,0
C04688,17,two-year,fiber,electronic-check,0,2,36.0,63.72,1060.87,1,0,432.2,0,0
C04689,27,month-to-month,fiber,electronic-check,0,2,48.0,84.67,2093.54,2,1,239.2,0,1
C04690,6,one-year,dsl,electronic-check,1,3,58.0,41.84,260.89,1,0,122.1,0,0
C04691,7,two-year,fiber,mailed-check,0,2,40.0,82.95,611.83,1,0,311.1,0,0
C04692,34,one-year,fiber,mailed-check,1,2,23.0,71.92,2234.24,1,2,109.0,0,0
C04693,15,month-to-month,dsl,credit-card,0,1,56.0,49.28,731.46,1,0,227.0,0,0
C04694,11,month-to-month,dsl,bank-transfer,1,2,51.0,54.6,574.86,0,1,41.5,0,0
C04695,19,month-to-month,none,electronic-check,0,3,49.0,15.0,297.19,1,2,0.0,0,0
C04696,54,month-to-month,none,electronic-check,0,4,59.0,32.73,1932.26,0,1,0.0,0,0
C04697,38,month-to-month,dsl,credit-card,1,1,61.0,43.82,1570.76,0,0,88.6,0,0
C04698,36,two-year,fiber,mailed-check,0,2,54.0,79.7,2691.46,2,0,182.7,0,0
C04699,67,one-year,dsl,mailed-check,0,1,27.0,44.34,2744.44,0,1,146.3,0,0
C04700,28,one-year,dsl,mailed-check,0,2,22.0,61.4,1855.0,0,0,61.7,0,0
C04701,71,month-to-month,dsl,credit-card,0,2,50.0,64.57,4692.06,0,0,51.4,0,0
C04702,72,month-to-month,none,bank-transfer,0,1,46.0,24.7,1785.95,0,0,0.0,0,0
C04703,6,one-year,dsl,bank-transfer,0,1,47.0,46.55,281.73,0,0,179.3,1,0
C04704,4,month-to-month,fiber,bank-transfer,1,2,70.0,61.83,246.21,0,1,237.3,0,0
C04705,9,two-year,dsl,credit-card,0,1,59.0,50.17,490.36,1,0,49.7,0,0
C04706,50,month-to-month,fiber,credit-card,0,2,42.0,67.58,3524.42,1,0,198.5,0,0
C04707,19,month-to-month,none,mailed-check,0,2,34.0,36.29,718.75,2,0,0.0,0,0
C04708,17,one-year,fiber,bank-transfer,1,2,55.0,58.44,909.59,3,1,408.5,0,0
C04709,40,one-year,dsl,electronic-check,0,2,52.0,44.77,1966.15,1,1,201.0,0,0
C04710,14,month-to-month,dsl,credit-card,0,1,42.0,52.61,736.43,0,1,119.9,0,0
C04711,26,one-year,fiber,mailed-check,0,3,18.0,88.95,2090.09,1,2,228.6,0,0
C04712,34,month-to-month,dsl,mailed-check,0,4,31.0,65.98,2375.32,1,1,51.9,1,1
C04713,10,month-to-month,fiber,electronic-check,1,3,58.0,85.43,890.92,0,1,329.7,1,1
C04714,8,month-to-month,fiber,bank-transfer,0,2,26.0,71.69,595.66,4,0,356.8,1,1
C04715,23,one-year,fiber,credit-card,0,3,54.0,88.9,2000.26,1,0,126.0,0,0
C04716,25,one-year,none,electronic-check,0,3,52.0,32.26,809.58,0,0,0.0,0,0
C04717,38,month-to-month,none,electronic-check,0,2,30.0,29.47,1167.4,1,0,0.0,0,0
C04718,9,one-year,fiber,mailed-check,0,2,58.0,72.06,,2,0,209.8,1,1
C04719,12,one-year,none,credit-card,0,4,44.0,33.31,383.63,0,0,0.0,1,0
C04720,72,month-to-month,none,bank-transfer,0,1,43.0,23.86,1843.27,0,0,0.0,0,0
C04721,45,month-to-month,fiber,bank-transfer,1,2,28.0,72.47,3048.63,0,0,256.6,0,0
C04722,20,month-to-month,none,bank-transfer,0,6,64.0,49.09,953.07,1,0,0.0,0,0
C04723,50,month-to-month,fiber,electronic-check,0,2,27.0,52.53,2407.95,4,0,446.0,1,1
C04724,9,two-year,none,bank-transfer,0,3,27.0,23.51,201.59,0,0,0.0,0,0
C04725,18,two-year,dsl,mailed-check,0,2,47.0,46.3,826.2,0,0,41.1,0,0
C04726,25,month-to-month,none,credit-card,0,3,30.0,18.52,498.21,3,0,0.0,0,0
C04727,17,month-to-month,fiber,bank-transfer,1,2,76.0,62.98,1109.84,2,1,162.5,0,0
C04728,17,month-to-month,fiber,bank-transfer,0,1,30.0,71.1,1226.15,2,0,389.3,0,0
C04729,37,month-to-month,none,electronic-check,0,5,57.0,42.96,1669.5,1,1,0.0,0,0
C04730,45,month-to-month,dsl,electronic-check,1,2,70.0,58.25,2664.25,1,0,120.8,0,0
C04731,15,month-to-month,dsl,mailed-check,0,3,56.0,62.7,862.98,0,0,101.8,0,0
C04732,6,month-to-month,dsl,bank-transfer,0,1,34.0,53.33,325.63,1,0,54.6,1,1
C04733,5,month-to-month,dsl,credit-card,0,2,50.0,50.75,268.26,0,1,92.5,0,0
C04734,3,month-to-month,fiber,electronic-check,1,2,65.0,81.2,258.02,3,0,543.5,0,0
C04735,66,month-to-month,fiber,mailed-check,0,2,23.0,65.86,4073.12,3,0,660.0,1,1
C04736,37,month-to-month,fiber,credit-card,0,2,61.0,80.79,3069.19,1,0,215.9,0,0
C04737,31,month-to-month,fiber,credit-card,0,4,52.0,87.49,2544.1,1,1,418.4,0,0
C04738,14,month-to-month,none,credit-card,0,2,73.0,30.61,393.62,2,0,0.0,0,0
C04739,14,month-to-month,fiber,electronic-check,0,5,51.0,85.24,1090.89,0,0,488.7,1,1
C04740,46,two-year,dsl,bank-transfer,1,3,47.0,49.95,2311.98,0,0,150.3,0,0
C04741,4,month-to-month,fiber,credit-card,0,3,55.0,75.37,275.43,1,0,579.5,0,0
C04742,16,one-year,none,credit-card,0,5,26.0,28.21,407.1,1,0,0.0,0,0
C04743,51,month-to-month,fiber,electronic-check,0,1,33.0,73.67,3753.55,3,0,192.9,1,1
C04744,16,month-to-month,fiber,bank-transfer,0,1,46.0,61.52,1057.72,2,0,450.5,0,0
C04745,36,month-to-month,none,credit-card,0,1,37.0,17.01,654.16,1,0,0.0,0,0
C04746,21,one-year,fiber,electronic-check,0,4,36.0,65.73,1368.14,1,2,253.0,0,0
C04747,1,two-year,dsl,credit-card,0,3,76.0,46.93,43.21,1,0,136.1,0,0
C04748,20,month-to-month,fiber,credit-card,0,1,,86.29,1736.93,1,0,353.7,1,1
C04749,23,month-to-month,dsl,credit-card,1,2,18.0,45.16,966.48,0,0,92.6,0,0
C04750,19,one-year,fiber,credit-card,1,3,46.0,83.46,1467.5,0,1,407.2,0,0
C04751,8,month-to-month,fiber,credit-card,1,1,27.0,54.93,407.62,2,0,318.9,0,0
C04752,19,month-to-month,dsl,credit-card,1,2,62.0,39.41,756.04,3,0,90.2,0,0
C04753,3,two-year,dsl,credit-card,0,2,48.0,49.92,141.31,0,0,44.1,0,0
C04754,16,month-to-month,none,electronic-check,0,1,67.0,20.59,324.25,0,1,0.0,0,0
C04755,38,one-year,fiber,electronic-check,0,3,32.0,70.25,2673.79,0,1,289.5,0,0
C04756,64,month-to-month,dsl,credit-card,1,1,31.0,45.03,3152.4,0,1,43.5,0,0
C04757,57,month-to-month,fiber,electronic-check,1,2,42.0,63.86,3341.96,1,0,130.0,0,0
C04758,9,two-year,dsl,credit-card,0,1,36.0,54.78,478.8,2,0,44.2,0,0
C04759,5,month-to-month,none,mailed-check,0,4,44.0,51.15,276.7,1,0,0.0,0,0
C04760,25,month-to-month,fiber,credit-card,0,5,63.0,93.43,2287.64,1,1,240.3,0,0
C04761,22,month-to-month,fiber,credit-card,0,1,52.0,54.14,,1,0,129.0,1,1
C04762,34,month-to-month,dsl,bank-transfer,0,4,41.0,63.63,2297.91,2,0,54.8,0,0
C04763,13,month-to-month,none,credit-card,0,2,46.0,20.41,278.0,2,0,0.0,0,0
C04764,23,month-to-month,dsl,credit-card,1,3,21.0,50.4,1200.44,1,0,120.1,0,0
C04765,22,month-to-month,dsl,bank-transfer,0,1,18.0,50.73,1050.17,0,1,118.3,1,1
C04766,16,month-to-month,dsl,electronic-check,0,2,63.0,50.91,841.25,1,1,46.5,0,0
C04767,4,one-year,fiber,credit-card,0,2,34.0,70.96,299.92,1,0,316.5,0,0
C04768,37,month-to-month,none,credit-card,0,1,67.0,20.42,741.76,1,0,0.0,0,0
C04769,25,two-year,none,mailed-check,0,2,40.0,17.84,481.61,2,0,0.0,0,0
C04770,39,month-to-month,none,credit-card,0,2,47.0,16.9,667.76,1,0,0.0,0,0
C04771,46,month-to-month,none,credit-card,0,5,57.0,37.77,1836.85,0,1,0.0,0,0
C04772,20,two-year,none,bank-transfer,0,4,59.0,33.47,617.04,1,1,0.0,0,0
C04773,38,two-year,fiber,credit-card,0,2,37.0,73.33,2610.28,2,0,909.3,0,0
C04774,65,month-to-month,none,electronic-check,0,3,46.0,37.11,2587.37,0,1,0.0,0,0
C04775,72,month-to-month,fiber,credit-card,1,1,45.0,63.6,4163.58,2,0,,0,0
C04776,28,two-year,fiber,credit-card,0,2,51.0,71.42,1824.63,0,1,287.5,0,0
C04777,29,month-to-month,fiber,electronic-check,0,2,48.0,77.36,2443.99,2,1,364.5,0,0
C04778,27,month-to-month,fiber,electronic-check,0,2,34.0,68.0,1666.66,2,1,346.0,1,1
C04779,33,month-to-month,fiber,electronic-check,0,4,47.0,83.46,2805.93,1,0,418.8,0,0
C04780,45,two-year,dsl,credit-card,0,2,23.0,51.74,2344.24,0,1,86.6,0,0
C04781,27,one-year,fiber,bank-transfer,1,1,45.0,62.45,1706.37,0,1,297.7,0,0
C04782,72,month-to-month,fiber,mailed-check,1,2,47.0,59.84,4432.42,0,0,294.5,0,0
C04783,69,two-year,fiber,bank-transfer,0,3,30.0,67.43,4259.92,2,0,330.0,0,0
C04784,23,month-to-month,dsl,mailed-check,0,2,41.0,58.32,1427.63,2,0,97.6,0,0
C04785,23,one-year,dsl,electronic-check,0,1,37.0,32.07,755.18,0,0,155.0,1,1
C04786,15,month-to-month,dsl,electronic-check,1,1,38.0,59.21,924.66,1,1,48.4,1,1
C04787,34,one-year,dsl,credit-card,0,1,56.0,39.59,1396.99,1,1,125.5,0,0
C04788,17,month-to-month,dsl,mailed-check,1,2,52.0,35.85,605.79,4,0,71.2,1,1
C04789,15,month-to-month,fiber,mailed-check,0,1,59.0,60.67,833.23,1,0,257.9,0,0
C04790,34,month-to-month,dsl,electronic-check,1,2,76.0,31.97,1078.92,1,4,277.7,0,0
C04791,8,two-year,dsl,mailed-check,0,2,61.0,36.35,299.67,0,1,172.9,0,0
C04792,45,month-to-month,fiber,electronic-check,0,3,22.0,75.8,3407.77,2,0,109.0,1,1
C04793,35,month-to-month,none,electronic-check,0,3,35.0,17.48,551.27,0,1,0.0,0,0
C04794,67,month-to-month,fiber,electronic-check,1,1,65.0,52.88,3856.14,2,0,174.1,1,1
C04795,28,one-year,none,electronic-check,0,3,39.0,30.43,768.1,1,0,0.0,0,0
C04796,39,one-year,fiber,electronic-check,0,2,38.0,70.58,2591.95,0,1,455.1,1,1
C04797,42,month-to-month,dsl,electronic-check,0,3,50.0,58.98,2673.55,2,0,54.4,1,1
C04798,54,month-to-month,fiber,electronic-check,1,2,41.0,71.84,3562.65,2,2,222.6,1,1
C04799,26,one-year,none,mailed-check,0,3,71.0,29.54,795.86,1,0,0.0,0,0
C04800,15,month-to-month,none,credit-card,0,2,43.0,29.56,449.92,0,0,0.0,0,0
C04801,29,month-to-month,fiber,electronic-check,0,5,81.0,92.26,2443.23,1,1,265.4,0,0
C04802,45,month-to-month,fiber,electronic-check,1,4,37.0,80.5,3641.53,1,1,370.3,1,1
C04803,49,month-to-month,dsl,electronic-check,1,2,35.0,54.05,2644.69,3,1,115.7,0,0
C04804,4,two-year,fiber,credit-card,0,3,32.0,54.07,230.03,2,0,192.3,0,0
C04805,72,one-year,fiber,bank-transfer,0,2,33.0,66.48,4364.13,0,0,543.7,0,0
C04806,15,month-to-month,none,credit-card,0,3,56.0,41.49,603.43,2,0,0.0,0,0
C04807,39,two-year,dsl,electronic-check,0,5,25.0,60.49,2483.75,0,1,30.8,0,0
C04808,58,month-to-month,fiber,electronic-check,0,1,30.0,69.01,4191.4,3,0,198.2,0,0
C04809,22,two-year,dsl,electronic-check,0,2,53.0,51.85,1150.87,1,0,106.1,0,0
C04810,51,month-to-month,fiber,electronic-check,0,3,,69.95,3857.53,2,0,147.1,0,0
C04811,4,two-year,none,bank-transfer,0,3,23.0,33.6,147.43,0,0,0.0,0,0
C04812,52,two-year,fiber,electronic-check,0,4,44.0,76.33,3801.92,1,3,270.3,0,0
C04813,48,two-year,fiber,mailed-check,1,2,51.0,66.05,2989.31,1,0,230.4,0,0
C04814,31,month-to-month,fiber,electronic-check,0,2,40.0,65.96,1978.66,3,5,412.7,1,1
C04815,45,two-year,none,credit-card,0,2,52.0,18.03,891.69,1,0,0.0,0,0
C04816,70,one-year,fiber,bank-transfer,0,3,32.0,66.96,4309.15,0,0,512.4,0,0
C04817,59,month-to-month,dsl,electronic-check,0,7,68.0,71.07,4233.87,1,1,49.5,0,0
C04818,23,month-to-month,dsl,bank-transfer,0,2,59.0,50.51,1055.48,1,1,47.5,0,0
C04819,28,one-year,none,electronic-check,0,3,33.0,26.95,695.99,0,1,0.0,0,0
C04820,20,two-year,fiber,mailed-check,0,2,42.0,66.42,1347.95,1,0,190.3,0,0
C04821,18,one-year,none,mailed-check,0,2,18.0,45.52,852.8,1,0,0.0,0,0
C04822,42,month-to-month,none,credit-card,0,3,59.0,35.77,1620.98,0,0,0.0,0,0
C04823,20,one-year,fiber,bank-transfer,0,3,26.0,61.78,1234.33,3,1,390.0,1,1
C04824,42,month-to-month,fiber,electronic-check,1,1,37.0,67.0,2885.94,2,2,343.2,1,1
C04825,22,month-to-month,none,mailed-check,0,2,41.0,27.32,645.15,1,0,0.0,0,0
C04826,24,one-year,fiber,credit-card,0,3,24.0,103.07,2277.26,3,0,252.4,0,0
C04827,11,one-year,none,credit-card,0,2,33.0,27.7,322.09,2,0,0.0,0,0
C04828,41,one-year,none,electronic-check,0,5,51.0,56.85,2117.94,1,1,0.0,0,0
C04829,4,month-to-month,fiber,bank-transfer,0,3,38.0,71.78,265.25,5,0,255.5,1,1
C04830,53,month-to-month,fiber,credit-card,0,3,58.0,68.78,3365.34,1,1,377.2,0,0
C04831,72,one-year,fiber,mailed-check,1,4,56.0,70.75,5134.45,2,0,271.4,0,0
C04832,25,month-to-month,dsl,bank-transfer,0,4,32.0,67.06,1807.66,2,0,65.5,0,0
C04833,24,two-year,dsl,credit-card,1,1,38.0,37.67,832.32,0,0,130.7,0,0
C04834,5,two-year,dsl,credit-card,0,4,38.0,54.82,283.09,0,0,71.1,0,0
C04835,15,two-year,dsl,credit-card,0,1,39.0,49.11,787.07,2,0,186.5,0,0
C04836,46,two-year,none,credit-card,0,3,,27.39,1230.05,0,0,0.0,0,0
C04837,50,month-to-month,fiber,bank-transfer,1,1,48.0,66.21,3035.32,4,0,501.1,0,0
C04838,27,month-to-month,fiber,credit-card,1,2,20.0,59.94,1604.31,1,0,247.9,0,0
C04839,44,two-year,fiber,electronic-check,0,4,35.0,60.93,2476.02,0,1,346.6,0,0
C04840,12,month-to-month,fiber,bank-transfer,1,5,38.0,95.28,1136.64,1,0,245.4,0,0
C04841,32,two-year,fiber,electronic-check,0,2,51.0,79.27,2696.68,2,1,186.0,0,0
C04842,63,month-to-month,none,mailed-check,0,2,72.0,23.03,1566.05,1,1,0.0,0,0
C04843,37,two-year,fiber,mailed-check,0,2,57.0,70.84,2682.57,2,0,187.5,0,0
C04844,69,month-to-month,fiber,bank-transfer,0,1,43.0,57.48,3866.89,1,0,186.3,0,0
C04845,71,two-year,dsl,bank-transfer,0,4,32.0,57.91,4073.19,0,0,38.2,0,0
C04846,34,month-to-month,dsl,electronic-check,1,4,66.0,79.38,2580.06,0,1,176.0,0,0
C04847,1,one-year,dsl,bank-transfer,0,2,41.0,64.34,58.27,1,1,74.8,0,0
C04848,49,two-year,fiber,electronic-check,0,3,24.0,77.25,3985.6,1,1,203.9,0,0
C04849,8,month-to-month,fiber,electronic-check,1,2,50.0,54.78,420.3,0,0,188.5,1,1
C04850,1,month-to-month,fiber,credit-card,1,2,26.0,74.19,71.84,0,0,205.6,1,1
C04851,3,month-to-month,fiber,bank-transfer,0,1,55.0,62.89,192.54,2,0,176.0,0,0
C04852,52,one-year,fiber,mailed-check,1,2,39.0,66.7,3553.38,0,0,142.7,0,0
C04853,34,one-year,dsl,electronic-check,1,1,40.0,44.95,1477.62,0,2,122.1,0,0
C04854,28,one-year,none,electronic-check,0,1,18.0,35.43,931.89,1,1,0.0,1,1
C04855,36,month-to-month,fiber,electronic-check,0,3,61.0,76.19,2527.04,0,0,410.0,0,0
C04856,3,month-to-month,fiber,bank-transfer,0,1,27.0,72.98,236.4,2,0,262.9,0,0
C04857,20,two-year,none,credit-card,0,3,34.0,33.43,606.02,1,0,0.0,0,0
C04858,13,one-year,dsl,electronic-check,1,2,48.0,53.18,755.44,0,1,122.0,0,0
C04859,26,month-to-month,dsl,credit-card,0,2,43.0,55.35,1370.26,0,0,90.6,0,0
C04860,27,month-to-month,none,electronic-check,0,2,79.0,21.69,566.73,1,1,0.0,1,1
C04861,35,month-to-month,dsl,credit-card,0,2,19.0,39.18,1369.59,1,0,126.7,1,1
C04862,39,two-year,dsl,mailed-check,0,5,39.0,77.8,3147.95,0,0,59.6,0,0
C04863,4,one-year,fiber,electronic-check,0,1,57.0,52.84,194.07,0,3,472.6,0,0
C04864,20,one-year,none,credit-card,0,5,38.0,42.34,899.97,0,0,0.0,0,0
C04865,24,one-year,dsl,electronic-check,0,4,45.0,74.55,1870.57,0,1,206.5,0,0
C04866,7,two-year,fiber,electronic-check,1,2,84.0,72.8,511.48,1,1,137.8,0,0
C04867,7,month-to-month,dsl,electronic-check,1,3,46.0,59.85,421.68,1,1,53.7,0,0
C04868,6,month-to-month,fiber,bank-transfer,0,4,66.0,84.85,459.98,3,0,274.7,0,0
C04869,44,month-to-month,dsl,bank-transfer,1,1,55.0,54.36,2370.52,2,0,108.3,0,0
C04870,4,two-year,fiber,electronic-check,1,3,56.0,85.9,331.91,1,1,240.3,1,1
C04871,5,one-year,dsl,bank-transfer,1,2,,38.57,188.79,0,0,97.0,0,0
C04872,26,month-to-month,dsl,electronic-check,0,2,21.0,60.54,1718.63,1,2,143.3,0,0
C04873,32,two-year,dsl,credit-card,0,4,61.0,59.52,2044.77,1,0,78.3,0,0
C04874,23,month-to-month,dsl,mailed-check,1,1,53.0,38.96,904.95,2,0,52.5,0,0
C04875,9,month-to-month,fiber,mailed-check,0,1,53.0,56.41,483.58,2,0,500.7,1,1
C04876,7,one-year,fiber,bank-transfer,0,2,43.0,72.07,482.52,0,0,446.7,0,0
C04877,25,two-year,dsl,bank-transfer,0,4,35.0,55.54,1450.16,2,0,149.6,0,0
C04878,21,month-to-month,dsl,credit-card,1,1,65.0,45.62,1037.93,0,0,48.9,0,0
C04879,17,month-to-month,none,mailed-check,0,2,50.0,24.99,390.1,0,0,0.0,0,0
C04880,42,two-year,fiber,credit-card,0,2,18.0,72.35,3286.45,4,1,323.7,0,0
C04881,20,one-year,dsl,electronic-check,0,4,44.0,66.38,1334.99,0,0,220.4,0,0
C04882,6,one-year,none,electronic-check,0,2,40.0,34.43,186.74,0,1,0.0,0,0
C04883,17,month-to-month,dsl,bank-transfer,1,3,18.0,64.26,997.16,0,0,82.9,0,0
C04884,35,month-to-month,fiber,electronic-check,0,3,34.0,87.15,3216.71,0,0,165.6,0,0
C04885,19,month-to-month,fiber,bank-transfer,1,3,84.0,72.92,1407.45,1,0,146.5,0,0
C04886,35,month-to-month,none,bank-transfer,0,3,18.0,24.15,814.21,0,0,0.0,0,0
C04887,40,two-year,fiber,mailed-check,0,1,28.0,64.32,2662.45,1,0,991.8,0,0
C04888,20,one-year,fiber,bank-transfer,1,1,18.0,61.09,1271.99,0,0,149.0,0,0
C04889,23,two-year,dsl,credit-card,0,2,21.0,39.5,995.15,1,1,90.3,0,0
C04890,18,month-to-month,fiber,electronic-check,0,2,18.0,67.95,1184.11,1,2,168.2,1,1
C04891,35,month-to-month,dsl,electronic-check,0,2,27.0,55.5,2020.94,1,0,103.5,0,0
C04892,18,one-year,none,electronic-check,0,2,71.0,34.68,632.94,0,1,0.0,1,1
C04893,33,month-to-month,none,bank-transfer,0,2,59.0,24.25,842.7,1,1,0.0,0,0
C04894,27,month-to-month,dsl,electronic-check,0,1,41.0,53.65,1579.73,1,0,54.9,0,0
C04895,3,month-to-month,none,credit-card,0,2,70.0,25.05,68.13,2,0,0.0,1,1
C04896,34,month-to-month,none,bank-transfer,0,1,38.0,15.0,502.42,1,0,0.0,0,0
C04897,26,month-to-month,none,credit-card,0,2,31.0,15.0,367.0,0,0,0.0,0,0
C04898,55,month-to-month,none,electronic-check,0,2,39.0,28.26,1587.44,0,1,0.0,0,0
C04899,8,two-year,none,electronic-check,0,1,21.0,15.0,127.12,1,0,0.0,0,0
C04900,28,month-to-month,fiber,credit-card,0,2,18.0,59.32,1791.89,1,0,167.5,1,1
C04901,16,one-year,fiber,credit-card,0,4,55.0,67.8,1148.15,0,0,317.7,0,0
C04902,4,one-year,fiber,electronic-check,0,1,50.0,63.32,262.52,2,1,411.5,1,1
C04903,2,month-to-month,dsl,bank-transfer,0,1,26.0,46.89,88.95,0,1,49.4,0,1
C04904,63,month-to-month,none,bank-transfer,0,2,52.0,15.0,989.82,0,0,0.0,0,0
C04905,28,month-to-month,none,electronic-check,0,4,53.0,41.04,1116.79,0,1,0.0,1,1
C04906,20,month-to-month,none,bank-transfer,0,2,36.0,25.07,497.05,1,0,0.0,1,1
C04907,5,month-to-month,none,credit-card,0,2,31.0,15.0,80.09,0,0,0.0,1,1
C04908,60,two-year,dsl,electronic-check,0,1,57.0,45.3,2756.67,0,0,96.0,0,0
C04909,12,month-to-month,dsl,credit-card,0,3,52.0,48.94,606.68,0,0,75.0,0,0
C04910,29,month-to-month,dsl,electronic-check,0,1,71.0,38.82,1215.64,0,2,118.4,0,0
C04911,25,two-year,fiber,electronic-check,1,3,52.0,64.85,1567.57,0,0,212.6,0,0
C04912,72,one-year,dsl,credit-card,0,3,18.0,54.84,3715.96,0,0,40.4,0,0
C04913,23,one-year,dsl,electronic-check,1,5,22.0,62.98,1517.84,1,0,117.9,0,0
C04914,15,month-to-month,fiber,electronic-check,0,3,42.0,72.9,1106.92,1,0,161.4,0,0
C04915,28,two-year,dsl,mailed-check,0,2,57.0,48.97,1414.63,2,0,71.1,0,0
C04916,30,one-year,dsl,electronic-check,0,6,,71.87,2360.09,0,2,131.6,0,0
C04917,72,one-year,dsl,bank-transfer,0,2,36.0,48.38,3795.08,0,0,108.5,0,0
C04918,22,one-year,none,electronic-check,0,1,20.0,15.0,313.32,2,3,0.0,0,0
C04919,7,month-to-month,fiber,electronic-check,1,1,67.0,64.6,449.79,3,1,,1,1
C04920,17,two-year,none,electronic-check,0,2,66.0,17.24,288.99,2,2,,1,1
C04921,28,two-year,fiber,bank-transfer,0,4,24.0,88.97,2661.15,2,0,128.5,0,0
C04922,32,one-year,fiber,electronic-check,0,1,55.0,68.4,2074.46,3,2,58.5,0,0
C04923,4,month-to-month,dsl,credit-card,0,1,49.0,52.89,193.46,2,1,88.0,0,1
C04924,15,one-year,none,mailed-check,0,2,55.0,20.61,325.26,2,0,0.0,0,0
C04925,72,month-to-month,none,bank-transfer,0,1,,27.12,2127.38,0,0,0.0,0,0
C04926,10,one-year,fiber,credit-card,0,1,66.0,56.02,516.38,1,1,504.9,0,0
C04927,43,month-to-month,dsl,credit-card,1,3,53.0,54.82,2128.91,0,1,195.7,0,0
C04928,17,two-year,none,mailed-check,0,1,41.0,15.0,269.99,1,0,0.0,0,0
C04929,23,two-year,none,electronic-check,0,2,41.0,29.75,736.56,0,0,0.0,0,0
C04930,5,month-to-month,fiber,bank-transfer,0,2,42.0,83.76,415.52,0,0,519.2,1,1
C04931,19,one-year,fiber,mailed-check,1,1,86.0,67.79,1304.49,0,0,108.6,0,0
C04932,28,two-year,dsl,credit-card,0,2,46.0,38.03,1065.02,2,0,24.3,0,0
C04933,23,month-to-month,none,credit-card,0,4,57.0,29.58,708.2,1,0,0.0,0,0
C04934,20,month-to-month,fiber,credit-card,0,3,51.0,99.46,2062.97,2,2,260.7,1,1
C04935,35,month-to-month,dsl,bank-transfer,0,1,30.0,51.55,1644.7,0,0,110.0,0,0
C04936,7,two-year,none,bank-transfer,0,4,52.0,28.81,200.47,0,0,,0,0
C04937,29,month-to-month,dsl,credit-card,0,2,35.0,57.35,1578.69,1,0,85.5,0,0
C04938,2,month-to-month,dsl,credit-card,1,2,31.0,50.98,98.47,1,0,97.5,0,0
C04939,51,month-to-month,none,bank-transfer,0,3,54.0,51.0,2590.33,1,0,0.0,0,0
C04940,20,month-to-month,fiber,credit-card,1,1,26.0,65.56,1265.73,2,1,143.7,1,1
C04941,41,month-to-month,fiber,electronic-check,0,2,58.0,67.95,2592.24,5,1,266.2,0,0
C04942,1,one-year,fiber,bank-transfer,0,1,54.0,64.42,62.3,0,0,523.6,0,0
C04943,37,month-to-month,dsl,credit-card,0,2,64.0,46.89,1830.89,1,1,81.8,0,0
C04944,12,one-year,fiber,credit-card,0,3,52.0,69.28,851.81,0,0,127.3,0,0
C04945,23,one-year,fiber,electronic-check,1,2,31.0,61.0,1337.97,5,1,597.0,1,1
C04946,37,two-year,fiber,electronic-check,1,1,62.0,61.16,2416.41,5,1,259.6,0,0
C04947,22,month-to-month,dsl,bank-transfer,0,1,62.0,51.15,1219.78,0,0,79.1,0,0
C04948,34,one-year,none,electronic-check,0,1,58.0,17.95,581.12,0,3,0.0,0,0
C04949,18,one-year,dsl,mailed-check,1,5,56.0,60.39,1144.65,0,1,,0,0
C04950,54,month-to-month,dsl,electronic-check,0,1,23.0,34.39,1684.05,0,0,104.7,0,0
C04951,20,month-to-month,none,bank-transfer,0,1,58.0,25.64,559.25,1,0,0.0,0,0
C04952,21,month-to-month,dsl,mailed-check,1,2,26.0,62.87,1205.57,0,0,62.2,0,0
C04953,21,one-year,dsl,bank-transfer,0,3,36.0,48.22,1090.51,0,0,43.2,0,0
C04954,23,month-to-month,fiber,bank-transfer,1,1,33.0,59.9,1388.28,2,0,229.3,1,1
C04955,7,two-year,fiber,electronic-check,0,4,21.0,72.63,490.99,1,1,323.9,0,0
C04956,10,two-year,fiber,bank-transfer,1,1,48.0,71.55,784.62,1,0,228.1,0,0
C04957,45,one-year,dsl,mailed-check,0,2,45.0,58.33,2768.42,1,0,118.2,0,0
C04958,41,two-year,none,credit-card,0,3,65.0,31.23,1340.51,0,1,0.0,0,0
C04959,39,one-year,fiber,bank-transfer,1,2,63.0,60.49,2447.53,1,0,150.2,0,0
C04960,32,month-to-month,fiber,credit-card,0,2,48.0,73.12,2413.08,3,1,401.4,1,1
C04961,15,month-to-month,none,electronic-check,0,2,57.0,26.87,413.64,0,0,0.0,0,0
C04962,14,two-year,none,credit-card,0,4,43.0,37.67,560.39,0,0,0.0,0,0
C04963,22,month-to-month,dsl,bank-transfer,0,3,43.0,46.64,968.42,1,0,65.9,0,0
C04964,50,two-year,fiber,mailed-check,0,1,47.0,56.1,2589.95,2,1,112.2,0,0
C04965,27,month-to-month,dsl,credit-card,1,2,43.0,37.01,1005.73,0,0,91.5,0,0
C04966,9,month-to-month,fiber,credit-card,0,1,48.0,74.22,721.18,1,0,398.8,0,0
C04967,6,one-year,dsl,electronic-check,0,2,55.0,59.48,364.08,0,0,72.0,0,0
C04968,42,two-year,dsl,bank-transfer,0,1,27.0,32.05,1376.09,0,0,64.5,0,0
C04969,61,two-year,none,credit-card,0,1,39.0,15.0,965.41,0,0,0.0,0,0
C04970,4,month-to-month,fiber,credit-card,0,4,57.0,73.66,305.56,2,0,106.0,1,1
C04971,43,month-to-month,none,credit-card,0,2,37.0,32.27,1291.23,1,0,0.0,0,0
C04972,31,one-year,fiber,credit-card,1,2,37.0,70.69,,0,1,361.0,0,0
C04973,11,two-year,fiber,electronic-check,0,3,60.0,87.34,930.94,1,1,268.5,1,1
C04974,27,month-to-month,none,bank-transfer,0,4,34.0,32.67,943.78,2,0,0.0,0,0
C04975,8,one-year,dsl,bank-transfer,0,2,52.0,39.28,326.06,0,0,95.5,0,0
C04976,19,month-to-month,dsl,credit-card,0,1,47.0,39.11,774.07,1,0,43.5,0,0
C04977,23,one-year,fiber,mailed-check,0,2,58.0,62.72,1375.09,2,0,173.6,0,0
C04978,54,month-to-month,fiber,electronic-check,0,1,,73.41,4094.02,1,0,210.7,0,0
C04979,18,two-year,fiber,bank-transfer,0,2,33.0,85.38,1587.26,0,0,321.0,0,0
C04980,13,month-to-month,dsl,electronic-check,1,3,35.0,58.92,808.34,0,1,70.3,0,0
C04981,30,one-year,fiber,bank-transfer,0,3,70.0,69.42,2275.64,1,3,314.7,0,0
C04982,35,one-year,none,credit-card,0,1,37.0,22.05,830.53,0,1,0.0,0,0
C04983,12,month-to-month,dsl,bank-transfer,1,3,36.0,41.95,519.5,1,0,188.9,0,0
C04984,9,month-to-month,none,electronic-check,0,1,38.0,18.4,168.17,0,2,0.0,0,0
C04985,10,one-year,none,bank-transfer,0,4,41.0,21.61,235.55,0,0,0.0,0,0
C04986,54,one-year,dsl,bank-transfer,1,2,39.0,53.85,2838.38,1,1,115.0,0,0
C04987,34,one-year,dsl,electronic-check,0,2,53.0,48.67,1638.99,0,1,25.6,0,0
C04988,17,one-year,none,mailed-check,0,1,47.0,26.56,427.55,1,0,0.0,1,1
C04989,48,month-to-month,fiber,mailed-check,0,3,36.0,80.94,4078.44,1,1,236.7,0,0
C04990,12,two-year,fiber,electronic-check,0,1,56.0,60.56,733.23,1,1,212.4,1,1
C04991,22,month-to-month,dsl,electronic-check,0,1,49.0,53.12,1152.99,1,2,107.5,1,1
C04992,8,one-year,fiber,bank-transfer,0,2,65.0,60.53,458.02,0,0,196.7,0,0
C04993,47,two-year,dsl,bank-transfer,0,2,50.0,71.08,3313.64,1,0,171.9,0,0
C04994,11,two-year,none,electronic-check,0,2,43.0,15.0,168.83,0,2,0.0,0,0
C04995,12,month-to-month,dsl,credit-card,0,1,42.0,50.96,636.02,0,0,97.2,0,0
C04996,30,month-to-month,fiber,mailed-check,1,4,47.0,89.95,2917.34,2,0,366.5,0,0
C04997,2,one-year,fiber,credit-card,0,4,51.0,81.44,159.79,2,0,208.5,0,0
C04998,6,month-to-month,fiber,credit-card,0,1,45.0,56.74,327.31,0,1,142.1,0,0
C04999,38,one-year,fiber,credit-card,0,1,38.0,58.81,2346.78,1,0,303.7,0,0
C05000,10,month-to-month,dsl,electronic-check,1,3,54.0,46.82,459.7,1,1,,1,1
C05001,72,month-to-month,dsl,credit-card,0,1,51.0,44.96,3312.16,1,0,63.5,0,0
C05002,26,month-to-month,dsl,electronic-check,0,1,45.0,51.34,1377.44,0,1,88.8,0,0
C05003,4,one-year,dsl,bank-transfer,0,2,55.0,53.87,195.47,2,0,84.6,0,0
C05004,63,one-year,fiber,electronic-check,0,2,44.0,70.44,4661.25,0,1,243.3,0,0
C05005,26,month-to-month,fiber,electronic-check,0,2,45.0,58.83,1657.42,3,0,431.1,0,0
C05006,20,month-to-month,dsl,mailed-check,1,4,54.0,73.61,1376.77,0,2,147.1,0,0
C05007,26,month-to-month,fiber,bank-transfer,0,5,57.0,83.6,2248.98,1,0,405.4,0,0
C05008,4,one-year,fiber,bank-transfer,1,4,55.0,76.96,313.08,2,0,273.6,0,0
C05009,22,one-year,dsl,credit-card,0,5,34.0,66.85,1395.19,0,1,47.6,0,0
C05010,10,two-year,fiber,bank-transfer,0,1,51.0,51.73,481.26,2,0,212.5,0,0
C05011,21,two-year,fiber,electronic-check,1,1,46.0,64.54,1258.28,3,1,181.0,0,0
C05012,15,month-to-month,dsl,credit-card,1,1,51.0,43.33,585.69,1,0,95.7,0,0
C05013,25,two-year,fiber,mailed-check,0,3,72.0,73.63,1799.1,1,0,437.0,0,0
C05014,17,month-to-month,dsl,credit-card,0,2,42.0,59.76,1003.13,1,0,106.8,1,1
C05015,15,one-year,fiber,electronic-check,0,1,45.0,55.0,827.92,1,1,232.3,1,1
C05016,9,month-to-month,none,electronic-check,0,1,37.0,19.69,194.74,1,0,0.0,0,0
C05017,4,one-year,dsl,mailed-check,0,3,42.0,50.07,186.37,0,0,86.7,0,0
C05018,3,one-year,fiber,bank-transfer,1,2,35.0,68.27,215.24,1,1,229.1,0,0
C05019,6,month-to-month,fiber,electronic-check,1,2,29.0,76.65,501.38,3,2,354.7,1,1
C05020,36,two-year,none,credit-card,0,3,18.0,28.97,1109.89,1,0,0.0,0,0
C05021,9,two-year,dsl,bank-transfer,0,3,35.0,52.8,459.98,1,0,64.7,0,0
C05022,13,two-year,dsl,electronic-check,0,3,36.0,36.21,463.7,4,3,44.1,0,0
C05023,13,month-to-month,none,credit-card,0,1,44.0,26.28,343.04,0,1,0.0,0,0
C05024,16,two-year,fiber,electronic-check,0,3,37.0,62.01,1049.89,1,1,210.8,0,0
C05025,32,one-year,dsl,bank-transfer,1,2,60.0,46.23,1387.91,2,1,72.1,0,0
C05026,17,one-year,dsl,bank-transfer,1,1,48.0,38.15,632.03,1,0,69.2,0,0
C05027,41,month-to-month,none,electronic-check,0,1,56.0,15.0,608.22,3,1,,0,0
C05028,7,two-year,fiber,credit-card,0,2,60.0,71.11,508.62,1,0,254.7,1,1
C05029,38,one-year,none,electronic-check,0,3,66.0,26.63,1052.17,0,2,0.0,0,0
C05030,58,one-year,dsl,mailed-check,0,1,60.0,49.11,2825.88,2,0,59.5,0,0
C05031,22,two-year,none,credit-card,0,2,32.0,29.36,671.9,0,1,0.0,0,0
C05032,8,month-to-month,fiber,credit-card,0,2,58.0,74.92,545.3,1,0,253.9,1,1
C05033,32,one-year,dsl,credit-card,0,2,50.0,54.06,1734.72,2,0,130.0,0,0
C05034,22,month-to-month,fiber,bank-transfer,1,3,65.0,78.94,1809.82,0,0,267.0,0,0
C05035,28,month-to-month,none,electronic-check,0,1,45.0,27.64,712.16,1,0,0.0,0,0
C05036,42,month-to-month,fiber,mailed-check,0,3,62.0,77.87,3402.52,1,0,162.5,0,0
C05037,16,month-to-month,dsl,bank-transfer,1,1,46.0,46.72,779.54,0,0,53.1,0,0
C05038,14,month-to-month,fiber,credit-card,1,2,47.0,68.66,998.12,0,0,158.8,0,0
C05039,72,month-to-month,fiber,credit-card,0,2,55.0,72.06,5682.5,2,0,172.6,0,0
C05040,32,month-to-month,fiber,bank-transfer,1,2,40.0,74.16,2564.36,2,0,179.6,0,0
C05041,47,one-year,dsl,bank-transfer,1,2,53.0,53.93,2714.95,0,0,281.7,0,0
C05042,40,month-to-month,fiber,mailed-check,0,1,22.0,63.56,2327.3,0,0,188.6,0,0
C05043,47,month-to-month,none,credit-card,0,1,,36.98,1898.95,0,0,0.0,0,0
C05044,29,month-to-month,dsl,electronic-check,0,4,26.0,72.25,2255.17,1,1,148.5,0,0
C05045,44,month-to-month,none,bank-transfer,0,3,53.0,23.44,1046.6,0,2,,0,0
C05046,13,month-to-month,dsl,mailed-check,0,4,18.0,59.93,823.44,0,0,137.1,0,0
C05047,4,two-year,dsl,mailed-check,1,3,18.0,67.89,287.11,1,0,86.2,0,0
C05048,10,one-year,dsl,mailed-check,0,2,46.0,42.91,454.93,0,0,174.8,0,0
C05049,20,month-to-month,fiber,bank-transfer,0,2,46.0,60.11,1248.46,2,0,270.2,0,0
C05050,18,month-to-month,dsl,bank-transfer,0,1,41.0,66.41,1224.06,0,0,145.0,0,0
C05051,22,month-to-month,none,credit-card,0,1,56.0,16.11,358.93,0,0,0.0,0,0
C05052,12,one-year,fiber,credit-card,0,2,59.0,53.84,677.57,1,0,207.0,1,1
C05053,2,two-year,fiber,electronic-check,0,3,83.0,68.41,145.9,1,0,275.2,0,0
C05054,16,month-to-month,dsl,mailed-check,0,2,46.0,46.57,745.3,0,0,160.8,0,0
C05055,6,month-to-month,none,electronic-check,0,4,61.0,41.47,247.21,0,0,0.0,0,0
C05056,22,one-year,fiber,bank-transfer,1,2,33.0,70.26,1664.42,0,0,414.2,0,0
C05057,30,month-to-month,none,credit-card,0,2,37.0,15.0,431.62,0,0,0.0,0,0
C05058,16,month-to-month,fiber,electronic-check,0,1,33.0,41.49,600.94,3,1,195.3,0,1
C05059,8,one-year,dsl,credit-card,0,3,43.0,58.9,433.62,0,2,76.5,0,0
C05060,23,one-year,none,credit-card,0,1,48.0,20.47,467.05,0,1,,0,0
C05061,72,month-to-month,fiber,credit-card,0,1,61.0,74.64,4950.52,0,1,147.3,1,1
C05062,32,two-year,dsl,mailed-check,0,4,50.0,54.89,1930.57,1,0,62.9,0,0
C05063,34,month-to-month,none,bank-transfer,0,2,65.0,22.81,820.26,2,1,,0,0
C05064,14,month-to-month,fiber,mailed-check,0,2,65.0,65.65,879.67,2,0,221.6,1,1
C05065,11,one-year,fiber,bank-transfer,1,3,46.0,70.06,745.18,3,1,187.7,0,0
C05066,48,one-year,none,electronic-check,0,3,43.0,33.03,1557.27,1,2,0.0,0,0
C05067,1,one-year,dsl,electronic-check,0,1,22.0,41.3,37.82,1,0,67.3,0,0
C05068,12,one-year,none,mailed-check,0,1,37.0,15.0,170.23,1,1,0.0,0,0
C05069,67,one-year,none,credit-card,0,1,33.0,30.45,1836.93,1,0,0.0,0,0
C05070,21,two-year,dsl,credit-card,0,2,34.0,51.71,1131.33,1,0,178.4,0,0
C05071,5,one-year,dsl,credit-card,0,2,39.0,55.22,251.2,1,0,79.4,0,0
C05072,31,month-to-month,dsl,bank-transfer,1,2,53.0,60.44,1763.89,0,0,66.7,0,0
C05073,16,one-year,fiber,credit-card,0,3,49.0,73.28,1239.97,1,1,220.0,0,0
C05074,3,month-to-month,dsl,electronic-check,1,2,60.0,48.32,143.88,2,1,57.8,0,0
C05075,26,one-year,none,bank-transfer,0,2,51.0,16.32,430.04,2,0,0.0,0,0
C05076,23,month-to-month,none,mailed-check,0,1,36.0,26.82,,0,1,,0,0
C05077,22,month-to-month,none,electronic-check,0,2,56.0,15.0,362.96,1,3,0.0,0,0
C05078,32,one-year,none,electronic-check,0,1,24.0,21.56,656.46,0,0,0.0,0,0
C05079,7,one-year,fiber,electronic-check,0,1,60.0,69.13,477.56,2,1,169.0,0,0
C05080,28,month-to-month,dsl,credit-card,1,3,34.0,44.41,1274.16,1,1,31.1,0,0
C05081,25,month-to-month,fiber,credit-card,0,4,18.0,89.83,2287.09,1,0,233.3,0,0
C05082,47,two-year,dsl,bank-transfer,0,1,53.0,29.1,1233.58,0,0,81.5,0,0
C05083,11,two-year,none,mailed-check,0,1,40.0,15.0,148.53,2,1,0.0,0,0
C05084,53,month-to-month,none,credit-card,0,2,63.0,24.72,1353.51,1,0,0.0,0,0
C05085,40,month-to-month,none,bank-transfer,0,4,59.0,40.7,1497.17,0,1,,0,0
C05086,20,month-to-month,fiber,electronic-check,0,2,30.0,59.06,1215.05,2,0,378.6,1,1
C05087,22,month-to-month,dsl,bank-transfer,1,2,68.0,55.79,1269.64,0,0,67.0,0,0
C05088,1,month-to-month,fiber,mailed-check,1,4,18.0,86.54,93.12,1,0,277.0,0,0
C05089,22,two-year,dsl,mailed-check,0,1,,41.84,915.73,1,1,62.6,0,0
C05090,38,month-to-month,fiber,credit-card,0,1,66.0,66.05,2671.61,1,0,713.3,1,1
C05091,17,month-to-month,none,electronic-check,0,2,30.0,34.34,571.03,1,0,0.0,0,0
C05092,47,month-to-month,dsl,credit-card,1,2,77.0,62.21,3171.03,2,0,233.8,0,0
C05093,31,month-to-month,dsl,bank-transfer,0,2,47.0,45.87,1305.39,0,0,139.7,0,0
C05094,72,month-to-month,none,mailed-check,0,2,51.0,18.34,1325.66,2,0,0.0,0,0
C05095,12,month-to-month,fiber,credit-card,0,3,63.0,73.72,954.33,1,0,172.2,0,0
C05096,35,month-to-month,dsl,mailed-check,0,1,51.0,36.35,1274.02,2,0,126.0,0,0
C05097,6,one-year,none,mailed-check,0,1,25.0,30.01,191.16,1,0,0.0,0,0
C05098,19,month-to-month,none,electronic-check,0,2,18.0,28.91,544.84,0,1,0.0,0,0
C05099,32,one-year,fiber,bank-transfer,0,2,30.0,69.97,2196.33,1,0,226.7,0,0
C05100,37,two-year,dsl,credit-card,0,2,32.0,58.95,2223.57,0,0,134.5,0,0
C05101,16,month-to-month,fiber,bank-transfer,1,4,31.0,86.19,1491.38,0,0,666.9,0,0
C05102,50,month-to-month,fiber,credit-card,0,1,36.0,72.79,3930.3,1,0,128.7,0,0
C05103,58,two-year,fiber,credit-card,1,2,18.0,74.44,4509.87,2,0,111.4,0,0
C05104,12,month-to-month,dsl,credit-card,1,2,27.0,61.32,740.79,1,1,78.4,0,0
C05105,19,month-to-month,fiber,electronic-check,0,4,53.0,69.04,1310.06,1,1,242.9,0,1
C05106,18,two-year,dsl,credit-card,1,3,61.0,59.18,1048.66,2,1,69.0,0,0
C05107,14,one-year,fiber,bank-transfer,1,3,34.0,87.57,1333.13,0,0,302.6,0,0
C05108,56,two-year,fiber,electronic-check,1,3,55.0,72.46,4267.33,1,0,211.0,0,0
C05109,55,month-to-month,dsl,credit-card,0,2,18.0,45.43,2381.85,0,0,60.2,0,0
C05110,18,month-to-month,fiber,bank-transfer,0,3,49.0,72.05,1402.07,1,0,285.6,0,0
C05111,35,month-to-month,fiber,credit-card,0,1,63.0,65.02,2083.04,1,0,370.7,0,0
C05112,46,month-to-month,fiber,credit-card,0,2,53.0,78.65,3342.25,2,1,278.0,1,1
C05113,27,month-to-month,fiber,credit-card,1,1,45.0,65.05,1808.04,0,1,646.9,0,0
C05114,17,month-to-month,dsl,credit-card,0,3,18.0,64.06,1088.64,1,1,76.0,0,0
C05115,12,month-to-month,none,bank-transfer,0,3,73.0,33.86,392.21,1,0,0.0,0,0
C05116,37,month-to-month,dsl,credit-card,1,1,74.0,52.5,1929.94,0,1,,0,0
C05117,6,month-to-month,fiber,bank-transfer,0,2,56.0,70.39,420.44,2,0,103.4,1,1
C05118,17,month-to-month,fiber,electronic-check,0,1,65.0,63.06,1112.23,3,2,671.7,0,0
C05119,15,one-year,none,electronic-check,0,1,45.0,15.0,211.75,1,0,0.0,0,0
C05120,6,month-to-month,fiber,bank-transfer,0,2,56.0,50.55,316.96,3,1,485.7,0,0
C05121,21,one-year,fiber,mailed-check,0,3,58.0,71.86,1540.92,1,1,78.8,0,0
C05122,19,month-to-month,fiber,electronic-check,0,5,44.0,64.79,1109.92,1,1,202.7,0,0
C05123,9,month-to-month,dsl,electronic-check,0,1,,44.25,398.83,0,0,88.4,0,0
C05124,54,two-year,dsl,bank-transfer,1,2,58.0,55.29,2734.56,0,2,93.9,0,0
C05125,38,two-year,fiber,credit-card,1,3,73.0,75.19,2853.1,1,0,350.6,0,0
C05126,23,month-to-month,fiber,bank-transfer,1,1,64.0,42.39,935.16,2,0,424.9,0,0
C05127,42,month-to-month,dsl,bank-transfer,0,2,50.0,46.6,1965.86,1,0,202.9,0,0
C05128,49,two-year,fiber,mailed-check,0,2,49.0,74.17,3557.18,2,0,364.0,0,0
C05129,56,month-to-month,dsl,mailed-check,1,2,50.0,59.99,3302.33,0,0,83.9,0,0
C05130,12,month-to-month,none,credit-card,0,1,18.0,24.02,281.02,4,0,0.0,1,1
C05131,42,month-to-month,fiber,mailed-check,0,2,43.0,69.79,3094.34,1,0,360.0,0,0
C05132,19,month-to-month,fiber,electronic-check,0,5,42.0,88.58,1645.81,1,1,137.6,1,1
C05133,26,one-year,dsl,electronic-check,0,3,27.0,69.58,1791.23,1,0,82.7,0,0
C05134,13,one-year,dsl,mailed-check,1,3,61.0,55.04,752.96,0,0,203.4,0,0
C05135,22,month-to-month,dsl,bank-transfer,0,4,49.0,47.93,1085.56,0,0,125.5,0,0
C05136,42,month-to-month,fiber,bank-transfer,0,3,18.0,71.07,2794.17,0,2,425.7,1,1
C05137,66,month-to-month,fiber,mailed-check,0,2,49.0,63.85,4463.14,2,0,290.3,0,0
C05138,20,one-year,dsl,credit-card,0,1,64.0,35.51,732.02,1,0,148.0,0,0
C05139,10,two-year,fiber,electronic-check,0,1,36.0,59.12,593.03,0,0,324.5,0,0
C05140,72,month-to-month,fiber,electronic-check,0,1,30.0,86.89,6352.71,2,1,638.4,0,0
C05141,12,one-year,fiber,mailed-check,0,2,26.0,61.64,752.09,0,0,202.6,0,0
C05142,4,month-to-month,dsl,credit-card,0,3,46.0,50.77,202.11,0,1,62.4,0,0
C05143,14,one-year,fiber,electronic-check,0,2,34.0,92.13,1204.29,0,0,105.0,0,0
C05144,47,month-to-month,dsl,credit-card,1,2,23.0,54.34,2518.52,0,0,88.9,0,0
C05145,11,month-to-month,dsl,mailed-check,0,4,69.0,62.5,642.16,1,1,142.5,0,0
C05146,8,month-to-month,none,bank-transfer,0,2,48.0,29.02,249.78,0,1,0.0,0,0
C05147,24,two-year,dsl,electronic-check,0,1,37.0,46.23,1217.3,0,0,92.0,0,0
C05148,66,month-to-month,dsl,mailed-check,0,1,70.0,40.98,2877.82,2,0,179.1,0,0
C05149,31,month-to-month,fiber,bank-transfer,1,3,49.0,77.28,2545.67,0,0,291.3,0,0
C05150,6,two-year,dsl,bank-transfer,0,3,43.0,59.09,331.13,1,0,50.4,0,0
C05151,72,one-year,dsl,bank-transfer,0,1,48.0,31.17,2148.9,1,0,141.5,0,0
C05152,29,month-to-month,none,electronic-check,0,2,37.0,21.03,593.92,1,1,0.0,1,1
C05153,44,month-to-month,none,electronic-check,0,2,43.0,15.0,663.77,0,1,0.0,0,0
C05154,5,two-year,fiber,electronic-check,0,1,54.0,57.48,295.2,0,1,481.8,0,0
C05155,72,month-to-month,none,credit-card,0,1,70.0,23.85,1631.84,0,0,0.0,0,0
C05156,16,month-to-month,dsl,bank-transfer,0,2,37.0,46.23,748.25,1,0,111.5,1,1
C05157,4,month-to-month,dsl,bank-transfer,0,2,54.0,47.76,199.65,0,0,62.3,0,0
C05158,26,month-to-month,dsl,credit-card,0,1,23.0,22.89,561.8,1,0,52.4,0,0
C05159,44,one-year,fiber,electronic-check,1,3,53.0,63.87,3036.6,0,3,319.7,0,0
C05160,35,two-year,none,bank-transfer,0,5,72.0,30.37,1057.32,0,0,0.0,0,0
C05161,34,month-to-month,fiber,credit-card,1,1,45.0,50.94,1838.24,0,0,212.2,0,0
C05162,33,two-year,dsl,electronic-check,0,2,36.0,51.2,1657.06,0,0,117.4,0,0
C05163,25,one-year,fiber,bank-transfer,1,3,37.0,75.34,1870.04,0,1,269.0,0,0
C05164,5,one-year,fiber,electronic-check,0,4,52.0,86.41,460.27,1,0,192.3,0,0
C05165,19,month-to-month,dsl,credit-card,0,3,46.0,65.16,1182.67,0,1,52.9,1,1
C05166,17,month-to-month,dsl,credit-card,0,3,39.0,65.98,1040.13,0,1,88.0,0,0
C05167,56,one-year,none,credit-card,0,3,55.0,32.83,2002.13,2,0,0.0,0,0
C05168,47,one-year,dsl,bank-transfer,0,2,32.0,51.52,2450.96,1,1,76.0,0,0
C05169,15,month-to-month,dsl,electronic-check,1,3,58.0,57.25,830.57,2,0,86.3,1,0
C05170,39,month-to-month,none,electronic-check,0,1,40.0,15.0,585.23,0,0,0.0,0,0
C05171,21,month-to-month,dsl,credit-card,0,3,55.0,57.17,1210.01,2,0,68.9,0,0
C05172,4,month-to-month,dsl,electronic-check,0,4,,55.88,233.62,1,1,123.6,0,0
C05173,1,month-to-month,none,bank-transfer,0,1,18.0,15.0,16.09,0,0,,0,0
C05174,36,month-to-month,dsl,electronic-check,0,1,44.0,30.62,1062.19,0,1,106.0,0,0
C05175,8,month-to-month,dsl,credit-card,1,3,22.0,35.61,283.39,1,0,58.4,0,0
C05176,8,two-year,dsl,electronic-check,0,3,19.0,52.95,389.89,0,1,70.3,1,1
C05177,12,two-year,dsl,electronic-check,0,3,41.0,49.54,629.81,1,1,117.7,0,0
C05178,36,month-to-month,dsl,electronic-check,1,3,50.0,48.99,1722.97,0,1,45.9,0,0
C05179,48,month-to-month,dsl,bank-transfer,0,3,22.0,45.74,2094.44,0,0,170.5,0,0
C05180,47,month-to-month,dsl,credit-card,0,1,49.0,40.49,1978.58,0,0,120.0,0,0
C05181,3,month-to-month,fiber,credit-card,0,2,32.0,61.21,189.74,0,0,255.3,0,0
C05182,12,two-year,fiber,electronic-check,0,2,46.0,70.74,764.74,1,1,323.7,1,1
C05183,10,month-to-month,dsl,electronic-check,1,3,83.0,60.89,647.84,2,1,49.3,0,0
C05184,36,two-year,fiber,electronic-check,0,1,,61.09,2113.27,2,1,299.1,0,0
C05185,12,month-to-month,fiber,bank-transfer,0,3,28.0,83.71,1058.13,3,0,107.1,1,1
C05186,20,two-year,fiber,credit-card,0,2,45.0,63.78,1264.77,1,0,397.0,0,0
C05187,39,one-year,fiber,bank-transfer,0,1,42.0,49.55,1838.51,1,0,158.2,0,0
C05188,23,one-year,none,electronic-check,0,3,40.0,40.9,1020.47,0,0,0.0,0,0
C05189,29,two-year,dsl,credit-card,0,2,46.0,33.64,948.44,0,0,55.3,0,0
C05190,19,month-to-month,dsl,mailed-check,0,2,42.0,45.52,941.34,0,0,92.0,1,0
C05191,44,month-to-month,fiber,credit-card,0,5,26.0,91.27,4292.73,0,0,260.7,0,0
C05192,48,month-to-month,fiber,electronic-check,1,2,57.0,79.91,3762.32,1,3,256.6,0,0
C05193,33,two-year,fiber,bank-transfer,0,2,65.0,68.7,2380.55,2,1,334.9,0,0
C05194,48,two-year,fiber,mailed-check,1,2,39.0,65.41,3269.69,0,0,147.2,0,0
C05195,72,month-to-month,fiber,electronic-check,1,2,50.0,86.8,5816.03,0,1,99.5,0,0
C05196,38,one-year,dsl,bank-transfer,0,2,18.0,57.35,2185.1,5,0,63.0,0,0
C05197,22,month-to-month,fiber,bank-transfer,0,5,45.0,93.61,2059.8,3,1,425.8,0,0
C05198,29,month-to-month,dsl,mailed-check,0,2,74.0,53.79,1465.88,1,0,74.2,0,0
C05199,51,one-year,dsl,electronic-check,0,3,57.0,59.83,3257.15,0,1,65.6,0,0
C05200,16,month-to-month,fiber,credit-card,1,3,47.0,77.06,1188.93,2,1,617.7,0,0
C05201,15,month-to-month,none,electronic-check,0,2,44.0,23.94,393.11,1,1,0.0,1,1
C05202,29,one-year,dsl,bank-transfer,0,2,41.0,35.17,996.91,0,0,142.8,0,0
C05203,21,month-to-month,fiber,credit-card,1,1,51.0,54.28,1038.23,1,0,,0,0
C05204,10,month-to-month,dsl,electronic-check,0,3,60.0,60.41,614.98,2,0,53.2,0,0
C05205,25,month-to-month,dsl,mailed-check,1,2,37.0,59.61,1576.21,2,0,138.4,0,0
C05206,58,month-to-month,dsl,credit-card,0,3,56.0,56.44,3347.53,3,1,124.3,0,0
C05207,32,one-year,none,bank-transfer,0,2,33.0,16.18,472.1,1,0,0.0,0,0
C05208,8,two-year,fiber,credit-card,0,2,38.0,71.6,607.1,4,0,89.1,0,0
C05209,36,month-to-month,fiber,mailed-check,0,2,28.0,73.02,2755.67,6,1,232.9,1,1
C05210,18,two-year,none,mailed-check,0,1,47.0,15.0,253.88,1,0,0.0,0,0
C05211,72,one-year,dsl,mailed-check,0,1,46.0,57.0,4310.68,0,0,235.9,0,0
C05212,34,two-year,none,credit-card,0,2,,31.89,986.59,2,0,0.0,0,0
C05213,14,one-year,dsl,credit-card,0,2,50.0,41.5,607.82,0,0,79.7,0,0
C05214,38,month-to-month,dsl,electronic-check,1,1,56.0,44.32,1640.17,0,0,85.2,0,0
C05215,27,one-year,dsl,credit-card,0,2,76.0,47.33,1289.22,1,0,86.8,0,0
C05216,55,month-to-month,fiber,credit-card,0,2,56.0,80.3,4273.96,1,1,182.7,0,0
C05217,15,month-to-month,fiber,credit-card,0,3,18.0,70.45,1055.13,1,0,193.7,0,0
C05218,34,month-to-month,fiber,electronic-check,0,3,41.0,65.41,2328.21,1,1,229.4,0,0
C05219,5,month-to-month,fiber,electronic-check,1,1,44.0,64.04,290.05,1,0,290.9,0,0
C05220,25,month-to-month,dsl,electronic-check,1,1,21.0,36.62,988.74,2,1,,0,0
C05221,8,two-year,dsl,credit-card,1,2,57.0,57.7,458.06,0,0,104.9,0,0
C05222,26,month-to-month,none,electronic-check,0,2,72.0,24.22,623.46,0,3,0.0,0,0
C05223,31,month-to-month,fiber,bank-transfer,0,1,32.0,55.46,1690.9,1,0,435.2,0,0
C05224,33,two-year,dsl,bank-transfer,1,2,64.0,44.09,1592.09,4,0,104.7,0,0
C05225,15,month-to-month,fiber,electronic-check,1,1,61.0,61.21,964.13,1,1,287.5,0,0
C05226,25,month-to-month,dsl,electronic-check,1,3,49.0,52.4,1399.47,0,2,,0,0
C05227,50,two-year,fiber,credit-card,0,2,,56.76,2732.33,1,0,450.9,0,0
C05228,70,two-year,dsl,electronic-check,0,1,34.0,35.56,2698.91,0,1,93.3,0,0
C05229,26,one-year,dsl,electronic-check,1,3,62.0,57.02,1490.6,0,1,139.4,0,0
C05230,51,month-to-month,fiber,electronic-check,0,1,64.0,75.1,4174.52,2,0,205.4,0,0
C05231,11,month-to-month,dsl,mailed-check,1,3,52.0,50.72,523.5,0,0,61.8,0,0
C05232,17,two-year,fiber,electronic-check,0,2,50.0,70.59,1301.6,0,2,116.5,0,0
C05233,28,two-year,fiber,electronic-check,0,1,,83.52,2146.61,2,0,262.6,0,0
C05234,21,month-to-month,none,bank-transfer,0,1,59.0,21.77,453.75,1,1,,0,0
C05235,20,two-year,fiber,bank-transfer,0,2,45.0,54.25,1005.55,1,0,151.7,0,0
C05236,47,one-year,fiber,electronic-check,0,5,43.0,89.34,4441.56,1,0,386.3,0,0
C05237,9,month-to-month,none,mailed-check,0,3,59.0,31.57,268.74,0,0,0.0,1,0
C05238,10,month-to-month,fiber,electronic-check,1,3,41.0,71.36,696.43,1,0,161.2,0,0
C05239,7,month-to-month,fiber,electronic-check,1,3,34.0,65.77,437.35,2,2,64.2,1,1
C05240,29,two-year,dsl,electronic-check,1,2,61.0,56.4,1765.33,1,1,,0,0
C05241,18,month-to-month,dsl,electronic-check,1,3,22.0,33.11,632.7,1,0,259.2,0,0
C05242,44,one-year,dsl,credit-card,0,2,56.0,46.42,2068.49,0,1,95.4,0,0
C05243,27,month-to-month,dsl,bank-transfer,1,3,27.0,51.98,1477.99,0,0,62.6,1,1
C05244,14,one-year,none,electronic-check,0,2,18.0,19.18,253.7,4,0,0.0,0,0
C05245,13,month-to-month,fiber,bank-transfer,0,2,55.0,68.98,911.88,1,1,175.8,1,1
C05246,20,two-year,dsl,electronic-check,0,2,50.0,39.87,787.81,1,0,54.3,0,0
C05247,8,month-to-month,none,mailed-check,0,2,36.0,29.28,229.0,3,0,0.0,0,0
C05248,48,one-year,fiber,mailed-check,0,1,28.0,88.22,4229.8,1,1,261.7,0,0
C05249,17,one-year,none,electronic-check,0,2,50.0,17.63,279.9,0,0,0.0,0,0
C05250,5,month-to-month,none,electronic-check,0,1,38.0,23.18,107.48,1,0,0.0,1,1
C05251,55,two-year,none,electronic-check,0,2,57.0,26.15,1491.2,2,2,0.0,0,0
C05252,21,month-to-month,fiber,electronic-check,1,2,36.0,71.56,1452.39,1,0,292.8,0,0
C05253,35,two-year,dsl,credit-card,1,2,39.0,46.2,1467.34,0,0,83.1,0,0
C05254,15,month-to-month,none,mailed-check,0,2,62.0,25.02,382.32,1,0,0.0,0,0
C05255,56,one-year,fiber,credit-card,0,1,30.0,66.65,3643.05,2,0,135.1,0,0
C05256,11,two-year,dsl,electronic-check,1,2,23.0,56.37,582.17,1,0,104.7,0,0
C05257,18,two-year,fiber,credit-card,0,4,31.0,85.81,1668.0,0,0,182.6,0,0
C05258,4,month-to-month,fiber,bank-transfer,0,5,49.0,95.24,395.22,1,0,357.0,1,1
C05259,55,month-to-month,none,bank-transfer,0,2,74.0,19.09,1147.91,0,0,0.0,0,0
C05260,13,two-year,none,electronic-check,0,2,47.0,26.44,376.44,2,0,0.0,0,0
C05261,29,month-to-month,fiber,mailed-check,0,2,32.0,68.74,1808.37,0,0,390.3,1,1
C05262,32,two-year,fiber,credit-card,1,1,33.0,71.82,2478.48,3,0,271.4,0,0
C05263,49,month-to-month,dsl,credit-card,0,3,51.0,42.46,2102.0,0,1,199.5,1,1
C05264,28,month-to-month,fiber,mailed-check,1,3,19.0,83.74,2263.19,1,0,195.0,1,1
C05265,22,one-year,dsl,credit-card,1,3,18.0,57.53,1386.3,0,0,181.1,0,0
C05266,46,month-to-month,dsl,electronic-check,0,1,48.0,54.6,2760.8,0,1,127.7,0,0
C05267,32,month-to-month,fiber,electronic-check,1,1,58.0,65.37,2108.12,1,0,226.7,1,1
C05268,19,month-to-month,dsl,electronic-check,0,4,59.0,58.54,1076.33,0,0,199.9,0,0
C05269,57,two-year,fiber,credit-card,0,3,50.0,69.71,3823.66,2,0,297.5,0,0
C05270,34,one-year,fiber,electronic-check,0,4,63.0,76.74,2629.78,1,0,216.3,0,0
C05271,7,two-year,none,mailed-check,0,2,42.0,15.0,106.69,2,0,0.0,0,0
C05272,64,month-to-month,fiber,bank-transfer,1,4,39.0,78.69,4986.74,0,1,207.3,0,0
C05273,14,month-to-month,fiber,electronic-check,1,1,44.0,60.76,858.41,3,0,144.0,0,0
C05274,49,month-to-month,dsl,credit-card,0,1,49.0,45.71,2169.81,1,0,107.8,0,0
C05275,6,month-to-month,fiber,mailed-check,0,4,90.0,74.36,477.01,3,0,290.6,0,0
C05276,46,month-to-month,dsl,credit-card,0,1,42.0,47.78,2222.37,2,0,93.7,1,0
C05277,8,month-to-month,none,bank-transfer,0,3,48.0,28.9,225.02,0,0,0.0,0,0
C05278,27,month-to-month,fiber,credit-card,0,2,71.0,55.35,1598.59,1,0,194.4,0,0
C05279,33,one-year,fiber,mailed-check,1,1,53.0,65.35,2265.49,1,0,,0,0
C05280,19,month-to-month,fiber,electronic-check,0,2,20.0,76.55,1521.19,4,2,,1,1
C05281,24,month-to-month,dsl,credit-card,0,3,71.0,62.13,1364.7,2,0,97.7,1,1
C05282,9,month-to-month,fiber,credit-card,0,2,50.0,62.84,540.24,2,0,261.4,0,0
C05283,42,month-to-month,none,mailed-check,0,3,18.0,17.91,743.79,0,0,0.0,0,0
C05284,28,one-year,fiber,credit-card,1,1,39.0,73.69,1903.38,2,0,370.3,1,1
C05285,11,two-year,dsl,electronic-check,0,1,34.0,48.28,480.98,2,0,64.1,0,0
C05286,29,two-year,none,electronic-check,0,1,38.0,15.0,414.25,0,0,0.0,0,0
C05287,30,month-to-month,dsl,electronic-check,1,2,44.0,43.29,1287.54,1,0,120.3,1,1
C05288,25,month-to-month,dsl,electronic-check,1,1,56.0,45.21,1100.28,0,0,63.0,0,0
C05289,2,two-year,fiber,electronic-check,0,2,64.0,76.84,164.77,1,2,249.5,0,0
C05290,17,two-year,fiber,credit-card,0,2,65.0,67.28,1206.56,2,0,264.9,1,1
C05291,42,month-to-month,fiber,bank-transfer,0,4,69.0,68.03,3025.6,2,0,276.8,1,1
C05292,34,month-to-month,fiber,credit-card,1,1,42.0,49.71,1575.31,1,0,269.2,1,1
C05293,34,one-year,dsl,bank-transfer,0,3,18.0,48.42,1765.84,0,0,105.3,0,0
C05294,28,two-year,dsl,electronic-check,0,2,18.0,43.28,1327.77,1,3,143.9,0,0
C05295,45,month-to-month,dsl,electronic-check,0,1,57.0,36.02,1593.45,1,1,103.2,0,0
C05296,14,month-to-month,none,mailed-check,0,4,44.0,46.27,649.9,0,0,0.0,0,0
C05297,12,two-year,dsl,mailed-check,1,2,67.0,37.43,442.73,2,0,,0,0
C05298,72,one-year,fiber,bank-transfer,0,1,52.0,59.03,4004.12,1,1,252.3,0,0
C05299,13,month-to-month,fiber,electronic-check,0,1,19.0,82.13,1004.02,2,1,777.3,0,0
C05300,7,month-to-month,dsl,electronic-check,0,1,36.0,38.55,260.5,2,0,62.9,1,1
C05301,19,one-year,fiber,mailed-check,1,7,51.0,94.85,1750.77,0,0,188.5,0,0
C05302,25,one-year,fiber,credit-card,0,1,28.0,76.28,1753.31,2,0,212.2,0,0
C05303,45,one-year,dsl,electronic-check,0,1,68.0,44.03,1826.67,0,1,205.0,0,0
C05304,17,month-to-month,dsl,bank-transfer,0,3,38.0,58.07,1011.36,0,0,117.8,0,0
C05305,17,month-to-month,fiber,bank-transfer,0,3,40.0,69.62,1212.24,2,0,384.8,0,0
C05306,23,one-year,fiber,electronic-check,0,3,21.0,68.03,1462.56,1,0,219.9,0,0
C05307,15,month-to-month,fiber,credit-card,1,1,76.0,52.1,741.79,1,0,164.6,0,0
C05308,6,month-to-month,fiber,credit-card,1,3,42.0,73.26,442.05,1,0,154.7,0,0
C05309,8,month-to-month,fiber,electronic-check,0,1,49.0,68.0,562.28,3,1,215.3,0,0
C05310,54,month-to-month,dsl,credit-card,0,2,33.0,65.49,3851.41,2,0,151.4,0,0
C05311,39,one-year,dsl,bank-transfer,0,4,39.0,55.66,2349.8,0,0,83.7,0,0
C05312,23,month-to-month,fiber,electronic-check,0,3,50.0,84.55,1869.42,1,0,305.5,0,0
C05313,34,one-year,none,electronic-check,0,2,52.0,32.47,1058.44,0,1,0.0,1,1
C05314,40,one-year,dsl,electronic-check,0,3,54.0,49.08,1916.18,2,2,75.0,1,1
C05315,14,month-to-month,fiber,mailed-check,1,2,60.0,70.23,1057.8,2,0,181.6,1,1
C05316,9,two-year,none,bank-transfer,0,2,55.0,25.33,214.53,0,0,0.0,0,0
C05317,50,month-to-month,dsl,credit-card,0,3,53.0,43.91,2309.09,2,1,210.1,0,0
C05318,2,two-year,dsl,credit-card,0,2,35.0,47.98,91.95,0,0,149.0,0,0
C05319,35,month-to-month,fiber,bank-transfer,0,2,42.0,63.26,2223.74,1,0,,0,0
C05320,27,two-year,none,bank-transfer,0,3,27.0,28.15,753.97,0,0,0.0,0,0
C05321,47,month-to-month,fiber,mailed-check,0,3,38.0,73.69,3625.82,3,0,309.4,0,0
C05322,36,one-year,fiber,bank-transfer,0,1,51.0,64.58,2405.88,1,0,270.0,0,0
C05323,34,month-to-month,none,bank-transfer,0,4,51.0,30.16,1030.91,1,0,0.0,1,1
C05324,10,month-to-month,none,mailed-check,0,3,55.0,21.51,218.81,0,1,0.0,0,0
C05325,41,month-to-month,dsl,electronic-check,0,2,67.0,35.83,1504.51,2,1,129.6,0,0
C05326,32,month-to-month,fiber,electronic-check,1,3,25.0,82.43,2809.29,1,1,222.9,0,0
C05327,12,month-to-month,fiber,bank-transfer,0,3,18.0,75.16,864.15,1,1,132.5,1,1
C05328,27,month-to-month,none,credit-card,0,1,41.0,28.16,750.99,1,0,0.0,0,0
C05329,8,one-year,dsl,electronic-check,0,3,67.0,53.72,440.96,2,3,104.6,0,0
C05330,20,month-to-month,none,credit-card,0,2,67.0,24.82,543.15,0,2,0.0,0,1
C05331,72,month-to-month,fiber,bank-transfer,0,3,48.0,72.78,5520.94,1,0,,0,0
C05332,10,two-year,none,mailed-check,0,3,41.0,27.02,285.31,2,0,0.0,0,0
C05333,6,one-year,fiber,bank-transfer,1,1,49.0,66.86,373.81,4,0,783.9,1,1
C05334,8,month-to-month,fiber,credit-card,0,4,62.0,77.53,645.8,1,0,370.8,1,1
C05335,20,month-to-month,none,credit-card,0,1,33.0,27.66,508.64,0,0,0.0,1,1
C05336,37,month-to-month,fiber,mailed-check,0,2,36.0,81.06,2726.68,4,0,152.1,0,0
C05337,24,one-year,dsl,credit-card,0,4,46.0,70.38,1670.29,2,0,78.1,1,0
C05338,6,two-year,dsl,bank-transfer,1,2,62.0,62.32,394.54,2,0,43.6,0,0
C05339,37,one-year,none,electronic-check,0,4,58.0,25.81,1004.95,1,2,0.0,0,0
C05340,3,two-year,fiber,credit-card,0,3,18.0,84.6,238.63,2,0,480.6,0,0
C05341,7,one-year,fiber,electronic-check,0,2,58.0,70.7,468.63,0,1,380.6,0,0
C05342,14,two-year,dsl,credit-card,0,3,45.0,55.8,834.2,0,2,135.4,0,0
C05343,49,one-year,none,electronic-check,0,4,55.0,29.24,1493.54,0,1,0.0,0,0
C05344,25,one-year,none,credit-card,0,2,42.0,21.98,572.6,1,0,0.0,0,0
C05345,25,one-year,fiber,credit-card,0,3,52.0,57.36,1338.7,1,0,216.2,1,0
C05346,7,one-year,dsl,credit-card,0,1,46.0,49.45,375.14,0,0,147.8,0,0
C05347,16,month-to-month,fiber,mailed-check,0,2,37.0,68.36,1178.93,0,0,229.8,0,0
C05348,44,month-to-month,fiber,bank-transfer,1,2,34.0,65.85,2805.63,0,0,366.8,0,0
C05349,30,month-to-month,fiber,electronic-check,0,2,42.0,80.68,2506.71,0,0,570.2,0,0
C05350,38,month-to-month,fiber,electronic-check,1,3,26.0,75.08,3066.57,2,1,213.8,0,0
C05351,23,two-year,fiber,electronic-check,0,1,38.0,57.61,1394.94,0,2,141.3,0,0
C05352,45,one-year,fiber,electronic-check,1,3,40.0,74.86,3383.05,4,1,621.4,0,0
C05353,7,month-to-month,fiber,bank-transfer,1,2,61.0,83.7,546.29,4,0,323.2,1,1
C05354,20,month-to-month,none,electronic-check,0,3,55.0,28.95,545.62,1,1,0.0,0,0
C05355,34,month-to-month,fiber,credit-card,1,3,75.0,81.46,2638.78,1,0,170.5,0,0
C05356,5,two-year,none,mailed-check,0,2,20.0,19.23,89.93,0,0,0.0,0,0
C05357,1,two-year,none,mailed-check,0,1,41.0,23.96,24.92,0,0,0.0,0,0
C05358,72,month-to-month,dsl,credit-card,0,1,63.0,46.65,3161.95,0,0,53.0,0,0
C05359,25,month-to-month,dsl,mailed-check,0,3,49.0,55.01,1287.74,1,0,50.4,0,0
C05360,4,two-year,fiber,credit-card,0,4,42.0,76.09,296.6,0,1,360.6,0,0
C05361,25,one-year,fiber,electronic-check,0,2,31.0,67.74,1543.49,2,2,333.6,0,0
C05362,7,two-year,dsl,electronic-check,0,4,55.0,44.91,332.09,0,2,206.2,0,0
C05363,10,month-to-month,dsl,credit-card,0,1,48.0,32.09,339.95,0,0,25.5,0,0
C05364,50,month-to-month,dsl,credit-card,0,1,40.0,32.54,,0,1,94.8,0,0
C05365,15,one-year,none,electronic-check,0,1,60.0,15.0,202.7,0,1,0.0,1,1
C05366,15,month-to-month,dsl,bank-transfer,1,2,79.0,47.72,668.01,1,0,43.8,0,0
C05367,7,two-year,fiber,bank-transfer,1,1,32.0,60.96,466.17,0,1,230.8,0,0
C05368,17,one-year,fiber,electronic-check,1,2,54.0,61.55,1068.52,1,1,300.7,0,0
C05369,26,month-to-month,none,credit-card,0,2,47.0,34.59,880.57,0,0,0.0,0,0
C05370,15,month-to-month,none,credit-card,0,4,55.0,32.81,508.16,1,0,0.0,0,0
C05371,72,one-year,dsl,mailed-check,1,3,65.0,62.09,4081.01,0,0,54.2,0,0
C05372,9,two-year,dsl,electronic-check,0,2,66.0,38.16,354.04,1,0,102.3,0,0
C05373,9,month-to-month,dsl,electronic-check,0,1,38.0,48.32,477.04,1,2,69.8,1,1
C05374,17,one-year,fiber,bank-transfer,0,2,20.0,77.84,1234.96,1,0,130.2,0,0
C05375,72,month-to-month,none,mailed-check,0,2,44.0,28.15,1991.95,1,2,0.0,0,0
C05376,39,two-year,dsl,credit-card,1,1,44.0,41.4,1558.0,2,0,149.9,0,0
C05377,14,one-year,dsl,credit-card,0,1,18.0,42.68,562.9,0,0,107.7,0,0
C05378,14,month-to-month,dsl,bank-transfer,1,1,60.0,47.67,669.85,2,1,117.1,0,0
C05379,9,one-year,dsl,electronic-check,0,2,37.0,50.41,494.92,0,0,74.4,1,1
C05380,16,one-year,fiber,credit-card,0,5,44.0,93.69,1504.41,2,0,297.8,0,0
C05381,19,one-year,dsl,bank-transfer,0,3,36.0,47.43,814.92,1,0,98.1,0,0
C05382,37,month-to-month,fiber,bank-transfer,0,2,42.0,77.66,3036.27,3,1,222.2,0,0
C05383,32,one-year,fiber,electronic-check,1,3,64.0,77.32,2590.63,0,0,365.2,0,0
C05384,16,two-year,fiber,credit-card,1,4,46.0,81.55,1367.98,3,1,186.3,0,0
C05385,62,month-to-month,fiber,electronic-check,0,1,77.0,63.51,4307.6,0,0,421.1,0,0
C05386,13,month-to-month,none,bank-transfer,0,4,54.0,43.45,607.11,1,0,0.0,0,0
C05387,5,two-year,fiber,bank-transfer,1,1,56.0,57.87,288.82,1,0,335.6,0,0
C05388,27,one-year,fiber,credit-card,0,2,42.0,60.76,1634.8,0,1,269.5,0,0
C05389,48,month-to-month,dsl,mailed-check,0,3,44.0,55.16,2413.46,2,0,80.4,0,0
C05390,22,two-year,none,electronic-check,0,1,60.0,15.0,339.53,0,1,0.0,0,0
C05391,7,month-to-month,dsl,credit-card,0,5,63.0,67.3,458.66,0,0,107.4,0,0
C05392,26,two-year,none,bank-transfer,0,2,49.0,40.14,1094.03,1,0,0.0,0,0
C05393,28,month-to-month,dsl,credit-card,0,1,53.0,45.58,1296.86,0,0,55.4,1,1
C05394,30,month-to-month,dsl,bank-transfer,1,2,43.0,51.55,1528.53,0,0,56.5,0,0
C05395,26,two-year,fiber,electronic-check,0,2,48.0,82.61,2181.26,2,0,205.6,1,1
C05396,52,one-year,fiber,credit-card,0,4,46.0,83.03,4130.77,1,0,159.6,0,0
C05397,8,month-to-month,dsl,mailed-check,0,1,46.0,53.43,419.57,1,0,50.0,1,1
C05398,1,two-year,dsl,bank-transfer,0,1,60.0,42.79,41.17,1,1,62.7,0,0
C05399,3,two-year,dsl,credit-card,0,2,44.0,49.5,158.11,0,1,85.5,0,0
C05400,7,two-year,dsl,credit-card,1,3,36.0,49.6,321.36,1,0,77.7,0,0
C05401,42,month-to-month,dsl,credit-card,0,2,41.0,53.59,2326.48,0,0,101.0,0,0
C05402,17,month-to-month,dsl,electronic-check,0,3,41.0,58.79,924.99,0,2,148.9,1,1
C05403,65,one-year,fiber,bank-transfer,1,2,52.0,75.65,4859.73,4,1,286.6,0,0
C05404,8,two-year,fiber,electronic-check,0,5,37.0,88.38,675.16,1,0,144.3,0,0
C05405,64,month-to-month,dsl,credit-card,0,3,62.0,53.83,3735.25,1,0,149.8,0,0
C05406,10,month-to-month,fiber,bank-transfer,0,2,41.0,74.35,756.8,1,0,236.6,1,1
C05407,19,month-to-month,none,bank-transfer,0,2,69.0,36.74,708.43,2,0,0.0,0,0
C05408,4,month-to-month,fiber,bank-transfer,0,1,45.0,65.99,274.67,1,0,301.4,0,0
C05409,59,one-year,fiber,credit-card,1,2,53.0,59.33,3588.81,3,0,279.6,0,0
C05410,22,month-to-month,dsl,credit-card,0,3,60.0,47.08,949.71,1,0,221.2,0,1
C05411,72,one-year,fiber,mailed-check,1,3,63.0,76.9,5642.62,3,0,233.5,1,1
C05412,49,one-year,dsl,electronic-check,0,2,54.0,43.08,2237.69,0,0,147.2,0,0
C05413,19,month-to-month,fiber,credit-card,0,2,84.0,65.97,1365.49,2,0,253.3,0,0
C05414,12,two-year,fiber,electronic-check,0,1,45.0,60.75,675.45,1,2,261.9,0,0
C05415,43,month-to-month,dsl,bank-transfer,0,2,22.0,53.16,2105.52,0,1,77.1,0,0
C05416,23,month-to-month,fiber,electronic-check,0,3,44.0,87.68,2156.6,4,1,117.7,1,1
C05417,11,month-to-month,dsl,mailed-check,1,2,57.0,38.07,391.34,0,1,121.3,0,0
C05418,25,month-to-month,fiber,credit-card,0,1,52.0,73.18,1668.81,2,1,357.0,1,1
C05419,3,month-to-month,dsl,mailed-check,0,3,30.0,62.84,192.98,0,1,22.6,0,0
C05420,31,two-year,fiber,credit-card,0,2,40.0,72.13,2161.67,1,0,245.2,0,0
C05421,35,month-to-month,fiber,credit-card,1,2,33.0,68.34,2597.1,0,1,263.4,0,0
C05422,8,month-to-month,dsl,electronic-check,0,3,35.0,61.09,441.88,1,0,89.4,0,0
C05423,53,two-year,dsl,electronic-check,0,3,44.0,55.45,2920.49,1,0,112.5,1,0
C05424,45,two-year,none,credit-card,0,4,52.0,33.71,1395.66,0,0,0.0,0,0
C05425,29,month-to-month,none,credit-card,0,2,,15.0,456.6,0,0,0.0,0,0
C05426,10,month-to-month,dsl,credit-card,0,3,35.0,58.67,644.1,1,0,215.1,0,0
C05427,37,month-to-month,fiber,bank-transfer,1,3,56.0,86.16,3343.45,2,0,109.0,0,0
C05428,17,month-to-month,dsl,bank-transfer,1,1,32.0,33.83,546.99,0,0,116.6,0,0
C05429,26,month-to-month,dsl,credit-card,0,3,31.0,47.92,1134.9,1,0,76.3,0,0
C05430,39,one-year,none,mailed-check,0,3,78.0,26.23,927.5,0,0,0.0,0,0
C05431,6,month-to-month,dsl,electronic-check,1,3,37.0,52.76,329.02,1,0,173.2,0,0
C05432,4,month-to-month,fiber,mailed-check,0,2,18.0,64.25,264.69,0,0,259.1,1,1
C05433,15,one-year,none,credit-card,0,4,26.0,45.13,700.83,1,0,0.0,0,0
C05434,72,month-to-month,dsl,credit-card,0,1,18.0,60.95,4743.83,1,0,96.3,0,0
C05435,72,month-to-month,fiber,bank-transfer,0,1,70.0,66.75,4440.39,2,0,143.5,0,0
C05436,30,two-year,dsl,electronic-check,0,3,44.0,49.67,1582.08,1,2,169.1,0,0
C05437,46,month-to-month,dsl,electronic-check,1,1,29.0,46.27,2201.33,2,1,,0,0
C05438,22,month-to-month,dsl,credit-card,0,1,53.0,36.01,785.28,2,0,65.0,0,0
C05439,25,month-to-month,none,electronic-check,0,2,,23.28,531.56,1,1,0.0,0,0
C05440,19,one-year,fiber,bank-transfer,0,2,,74.35,1391.08,0,0,257.4,0,0
C05441,50,one-year,fiber,bank-transfer,1,3,69.0,80.21,3798.98,1,0,,1,1
C05442,66,month-to-month,fiber,bank-transfer,1,3,40.0,79.43,5567.41,2,0,159.5,0,0
C05443,24,month-to-month,none,credit-card,0,1,,16.22,403.81,4,0,0.0,0,0
C05444,25,month-to-month,fiber,credit-card,0,4,72.0,81.02,2002.82,1,1,330.6,1,1
C05445,20,month-to-month,dsl,mailed-check,0,3,34.0,52.16,1093.71,0,0,68.0,0,0
C05446,67,two-year,dsl,electronic-check,0,1,37.0,52.0,3394.31,1,1,75.6,0,0
C05447,42,two-year,none,credit-card,0,2,61.0,28.3,1193.31,1,0,0.0,0,0
C05448,9,month-to-month,fiber,credit-card,0,1,46.0,78.24,654.32,2,0,,1,1
C05449,72,month-to-month,fiber,credit-card,0,1,43.0,67.6,4901.91,2,0,381.5,0,0
C05450,1,one-year,none,mailed-check,0,2,41.0,18.13,19.77,0,0,0.0,0,0
C05451,62,month-to-month,dsl,electronic-check,1,2,35.0,40.29,2705.67,0,1,237.5,0,0
C05452,48,month-to-month,fiber,bank-transfer,1,2,48.0,71.25,3396.61,1,0,632.9,0,0
C05453,24,two-year,fiber,mailed-check,1,1,52.0,46.33,1107.27,1,0,504.9,0,0
C05454,24,month-to-month,none,bank-transfer,0,2,42.0,21.73,494.91,0,0,0.0,0,0
C05455,21,month-to-month,none,mailed-check,0,2,53.0,20.3,453.84,1,1,0.0,0,0
C05456,10,month-to-month,dsl,bank-transfer,0,3,51.0,48.55,445.93,0,0,79.9,0,0
C05457,72,one-year,fiber,electronic-check,0,2,51.0,71.09,5626.81,1,0,381.4,0,0
C05458,23,one-year,dsl,mailed-check,1,3,41.0,46.68,1109.01,0,1,135.5,0,0
C05459,10,month-to-month,fiber,bank-transfer,1,3,39.0,62.32,604.5,1,0,229.2,0,0
C05460,72,one-year,none,credit-card,0,3,51.0,33.88,2511.56,0,1,0.0,0,0
C05461,33,month-to-month,fiber,credit-card,1,1,27.0,62.02,2202.57,1,0,269.3,0,0
C05462,34,two-year,fiber,credit-card,0,2,88.0,72.63,2602.72,0,0,115.2,0,0
C05463,72,month-to-month,fiber,credit-card,1,3,,76.34,5122.69,2,1,286.5,0,0
C05464,38,month-to-month,fiber,bank-transfer,0,4,37.0,84.19,3202.39,1,1,247.9,0,0
C05465,14,one-year,fiber,bank-transfer,0,2,53.0,71.66,1011.22,3,0,149.8,0,0
C05466,38,month-to-month,dsl,credit-card,1,3,56.0,59.61,2270.12,0,0,219.3,0,0
C05467,11,one-year,dsl,mailed-check,0,2,32.0,63.5,639.85,2,0,93.9,0,0
C05468,16,month-to-month,dsl,credit-card,0,1,35.0,47.61,696.97,0,0,128.2,0,0
C05469,29,month-to-month,fiber,credit-card,1,2,46.0,74.43,2316.52,2,0,424.8,0,0
C05470,46,month-to-month,fiber,credit-card,0,1,25.0,65.84,2824.21,1,0,170.8,0,0
C05471,14,month-to-month,dsl,mailed-check,0,2,27.0,34.82,459.55,0,0,102.7,0,0
C05472,20,month-to-month,dsl,bank-transfer,0,1,58.0,43.88,856.68,0,1,43.9,0,0
C05473,20,month-to-month,fiber,credit-card,1,1,57.0,75.71,1610.48,1,0,236.2,0,0
C05474,52,month-to-month,none,credit-card,0,2,45.0,28.85,1447.77,1,1,0.0,0,0
C05475,24,two-year,fiber,bank-transfer,0,3,57.0,71.1,1614.87,4,1,238.4,0,0
C05476,72,one-year,fiber,mailed-check,0,3,46.0,77.95,6168.27,2,0,232.1,0,0
C05477,16,month-to-month,fiber,bank-transfer,1,2,33.0,61.08,1050.89,2,1,168.5,1,1
C05478,15,month-to-month,dsl,bank-transfer,1,2,28.0,55.5,750.9,3,0,142.9,0,0
C05479,62,month-to-month,fiber,bank-transfer,0,1,54.0,61.09,3801.39,1,0,322.0,0,0
C05480,36,month-to-month,fiber,credit-card,0,2,35.0,71.35,2588.01,0,1,236.3,0,0
C05481,60,month-to-month,dsl,bank-transfer,0,3,57.0,46.84,2794.48,0,0,322.7,0,0
C05482,7,month-to-month,fiber,bank-transfer,0,3,40.0,76.71,517.87,2,0,142.2,1,1
C05483,23,two-year,fiber,electronic-check,0,1,64.0,45.77,1096.86,4,1,133.4,0,0
C05484,29,one-year,dsl,credit-card,0,1,31.0,41.53,1175.07,0,0,187.1,0,0
C05485,28,month-to-month,dsl,credit-card,0,3,28.0,48.86,1441.24,0,0,142.0,0,0
C05486,21,month-to-month,fiber,electronic-check,0,2,48.0,64.15,1224.72,2,0,443.5,1,1
C05487,27,month-to-month,fiber,electronic-check,0,2,40.0,42.46,1091.76,1,0,515.7,0,0
C05488,29,month-to-month,fiber,bank-transfer,1,3,47.0,69.46,1945.9,6,1,502.5,0,0
C05489,15,month-to-month,none,electronic-check,0,2,44.0,27.06,367.15,1,1,0.0,0,0
C05490,50,month-to-month,dsl,electronic-check,1,1,37.0,37.82,1790.68,1,2,84.2,0,0
C05491,72,month-to-month,fiber,mailed-check,0,5,41.0,88.66,6611.28,2,0,357.5,0,0
C05492,40,month-to-month,none,bank-transfer,0,2,18.0,32.15,1201.68,1,0,0.0,0,0
C05493,32,one-year,dsl,mailed-check,0,4,,62.31,2093.17,2,0,63.6,0,0
C05494,22,month-to-month,fiber,electronic-check,0,4,35.0,83.03,2002.61,0,1,613.3,0,0
C05495,29,two-year,none,electronic-check,0,3,52.0,32.09,931.39,1,2,0.0,0,0
C05496,32,month-to-month,dsl,electronic-check,1,1,18.0,49.31,,0,1,116.2,0,0
C05497,10,month-to-month,dsl,credit-card,0,2,32.0,44.56,453.77,0,0,92.9,0,0
C05498,48,month-to-month,dsl,electronic-check,0,3,49.0,48.07,2233.9,0,0,113.7,0,0
C05499,17,month-to-month,none,electronic-check,0,1,72.0,15.0,230.96,0,0,0.0,1,1
C05500,64,month-to-month,fiber,mailed-check,1,1,52.0,70.31,4505.05,0,1,321.7,0,0
C05501,27,month-to-month,fiber,bank-transfer,0,4,53.0,73.16,2020.38,3,1,107.6,1,1
C05502,49,month-to-month,fiber,mailed-check,0,4,38.0,77.55,3492.89,3,0,212.6,0,0
C05503,40,month-to-month,none,credit-card,0,5,45.0,36.48,1427.85,0,0,0.0,0,0
C05504,7,month-to-month,fiber,mailed-check,0,2,42.0,71.31,505.77,0,0,282.0,1,1
C05505,60,one-year,fiber,electronic-check,0,1,49.0,69.89,4053.03,0,1,460.4,0,0
C05506,12,one-year,fiber,electronic-check,1,2,63.0,74.89,941.82,1,2,162.4,0,0
C05507,16,one-year,fiber,electronic-check,0,4,40.0,65.59,948.4,2,1,396.9,0,0
C05508,17,two-year,dsl,mailed-check,0,3,45.0,57.66,975.33,0,1,183.6,0,0
C05509,5,month-to-month,fiber,credit-card,0,3,39.0,74.52,405.99,3,0,173.7,0,0
C05510,28,two-year,none,bank-transfer,0,4,41.0,36.28,1083.63,1,0,0.0,0,0
C05511,51,month-to-month,dsl,mailed-check,0,3,62.0,52.2,2839.71,3,1,76.6,0,0
C05512,63,month-to-month,dsl,credit-card,0,2,52.0,43.49,2536.52,0,0,161.3,0,0
C05513,21,one-year,none,electronic-check,0,2,50.0,32.63,634.45,2,1,0.0,1,1
C05514,24,month-to-month,fiber,bank-transfer,1,3,43.0,73.26,1834.57,0,0,175.1,1,1
C05515,42,month-to-month,dsl,electronic-check,1,1,32.0,54.65,2411.63,0,0,97.5,0,0
C05516,21,month-to-month,dsl,mailed-check,0,3,55.0,54.63,1081.0,1,0,130.3,0,0
C05517,54,month-to-month,fiber,credit-card,0,3,57.0,74.84,3866.23,3,1,414.1,0,0
C05518,23,month-to-month,fiber,electronic-check,1,2,58.0,64.35,1559.49,1,0,362.8,0,0
C05519,11,one-year,dsl,bank-transfer,0,3,45.0,54.77,587.82,1,0,183.7,0,1
C05520,28,month-to-month,dsl,electronic-check,1,3,33.0,62.29,1812.4,1,1,134.4,0,0
C05521,6,month-to-month,dsl,credit-card,0,1,54.0,43.88,261.05,0,0,88.5,1,1
C05522,28,month-to-month,fiber,credit-card,1,1,61.0,66.59,2024.19,4,1,286.1,1,1
C05523,32,two-year,fiber,bank-transfer,1,2,,82.94,2790.91,0,0,281.2,0,0
C05524,13,two-year,none,credit-card,0,5,33.0,30.35,405.84,2,0,0.0,0,0
C05525,31,one-year,fiber,electronic-check,0,1,51.0,57.48,1610.0,0,0,123.2,0,0
C05526,19,month-to-month,none,credit-card,0,2,18.0,27.39,564.98,1,0,0.0,0,0
C05527,12,month-to-month,dsl,mailed-check,1,3,65.0,41.28,502.07,1,1,107.8,0,0
C05528,5,month-to-month,dsl,mailed-check,0,2,47.0,54.08,251.81,0,1,140.0,1,1
C05529,7,one-year,fiber,electronic-check,0,2,48.0,63.58,454.64,1,0,402.0,0,0
C05530,68,month-to-month,none,mailed-check,0,3,68.0,26.37,1878.34,0,0,0.0,0,0
C05531,19,one-year,none,mailed-check,0,1,36.0,26.76,553.81,0,0,0.0,0,0
C05532,32,month-to-month,dsl,electronic-check,0,2,47.0,39.94,1229.82,0,1,97.1,0,0
C05533,21,two-year,dsl,electronic-check,1,1,32.0,29.04,591.69,0,2,42.4,0,0
C05534,69,month-to-month,dsl,bank-transfer,0,1,23.0,28.04,2029.53,0,1,64.4,0,0
C05535,12,month-to-month,fiber,electronic-check,0,3,49.0,77.25,1008.51,1,0,112.1,0,0
C05536,25,month-to-month,none,electronic-check,0,4,48.0,41.71,1142.05,1,0,0.0,0,0
C05537,16,one-year,fiber,bank-transfer,0,2,18.0,61.39,991.67,1,0,206.9,0,0
C05538,49,two-year,dsl,bank-transfer,0,5,56.0,73.48,3447.44,1,0,70.5,0,0
C05539,31,month-to-month,fiber,credit-card,0,2,44.0,69.44,2019.16,1,0,777.5,0,0
C05540,25,two-year,dsl,electronic-check,0,1,56.0,45.26,1020.0,0,0,120.1,0,0
C05541,8,month-to-month,dsl,mailed-check,0,2,49.0,57.33,492.4,0,0,150.3,1,1
C05542,72,month-to-month,dsl,credit-card,0,6,61.0,55.67,4379.32,0,0,80.5,0,0
C05543,21,month-to-month,fiber,credit-card,0,2,62.0,75.08,1658.28,1,0,256.4,1,1
C05544,10,month-to-month,fiber,mailed-check,1,4,48.0,65.15,688.02,0,0,242.0,1,1
C05545,5,two-year,fiber,credit-card,0,2,59.0,56.86,291.58,3,0,406.1,0,0
C05546,6,month-to-month,none,electronic-check,0,3,58.0,18.13,117.2,1,3,0.0,0,0
C05547,24,month-to-month,fiber,bank-transfer,1,2,27.0,74.49,1730.84,0,0,267.3,1,1
C05548,49,month-to-month,none,bank-transfer,0,2,32.0,29.95,1471.63,0,0,0.0,0,0
C05549,30,one-year,fiber,credit-card,1,2,30.0,76.66,2126.55,1,0,498.4,0,0
C05550,5,two-year,none,credit-card,0,2,55.0,24.25,127.43,1,0,0.0,0,0
C05551,24,two-year,dsl,electronic-check,0,1,34.0,41.53,1074.61,2,1,36.6,0,0
C05552,60,month-to-month,none,bank-transfer,0,1,18.0,23.52,1291.72,0,0,0.0,0,0
C05553,18,month-to-month,dsl,electronic-check,0,2,30.0,48.32,825.1,1,1,108.9,0,0
C05554,30,month-to-month,dsl,mailed-check,0,4,39.0,61.13,1921.77,1,0,94.9,0,0
C05555,19,two-year,dsl,electronic-check,1,2,52.0,48.87,864.24,0,1,35.8,0,0
C05556,35,month-to-month,fiber,bank-transfer,1,2,64.0,69.01,2329.85,2,0,377.8,0,0
C05557,12,two-year,none,bank-transfer,0,2,59.0,40.72,443.26,1,1,0.0,0,0
C05558,1,two-year,dsl,credit-card,0,1,48.0,51.68,50.41,2,0,222.6,0,0
C05559,8,one-year,fiber,electronic-check,0,4,33.0,83.28,728.11,1,1,82.1,1,1
C05560,16,one-year,fiber,bank-transfer,0,2,18.0,66.39,1046.54,3,0,382.3,0,0
C05561,22,month-to-month,dsl,mailed-check,1,3,38.0,54.94,1186.13,0,0,193.6,0,1
C05562,17,month-to-month,none,electronic-check,0,1,41.0,27.31,508.31,0,2,0.0,0,0
C05563,17,month-to-month,dsl,credit-card,0,1,47.0,45.92,798.94,1,0,96.4,1,0
C05564,49,month-to-month,fiber,bank-transfer,0,6,58.0,86.25,3881.48,2,0,293.1,0,0
C05565,9,one-year,dsl,electronic-check,0,4,55.0,46.13,452.37,1,1,37.5,0,0
C05566,24,month-to-month,fiber,mailed-check,1,3,46.0,71.51,1774.96,1,0,190.5,1,0
C05567,6,two-year,fiber,bank-transfer,1,2,39.0,74.94,465.74,2,0,289.9,0,0
C05568,40,two-year,none,electronic-check,0,1,22.0,15.0,626.96,1,0,0.0,0,0
C05569,29,month-to-month,fiber,credit-card,0,2,33.0,81.18,2255.65,2,0,389.6,0,0
C05570,72,month-to-month,fiber,mailed-check,0,4,31.0,81.43,6429.73,1,0,151.5,0,0
C05571,9,month-to-month,fiber,electronic-check,1,2,84.0,80.68,768.1,0,0,369.9,0,0
C05572,72,month-to-month,fiber,electronic-check,0,1,75.0,63.82,4277.47,3,0,357.7,0,0
C05573,10,one-year,fiber,bank-transfer,0,1,26.0,46.85,469.4,0,0,90.2,0,0
C05574,18,one-year,fiber,mailed-check,0,1,51.0,61.26,1004.32,1,0,116.1,0,0
C05575,7,one-year,dsl,electronic-check,0,1,25.0,39.09,246.7,1,2,144.1,0,0
C05576,72,month-to-month,none,credit-card,0,2,48.0,17.53,1305.94,1,0,0.0,0,0
C05577,33,two-year,fiber,electronic-check,0,4,38.0,83.2,2641.65,0,1,442.7,0,0
C05578,33,one-year,none,credit-card,0,3,43.0,22.09,708.54,0,0,0.0,0,0
C05579,11,two-year,dsl,electronic-check,1,2,61.0,37.81,438.36,3,2,171.3,0,0
C05580,2,two-year,fiber,electronic-check,1,3,51.0,69.26,135.85,1,0,195.6,0,0
C05581,17,one-year,fiber,bank-transfer,1,2,58.0,75.96,1345.94,1,0,203.6,0,0
C05582,15,month-to-month,fiber,bank-transfer,0,3,53.0,72.16,1130.12,1,0,239.1,1,1
C05583,3,two-year,dsl,mailed-check,0,3,34.0,47.02,147.03,0,0,121.1,0,0
C05584,18,month-to-month,dsl,mailed-check,1,2,25.0,45.98,812.13,2,0,166.2,0,0
C05585,24,month-to-month,fiber,bank-transfer,0,1,41.0,72.95,1743.0,0,0,107.0,1,1
C05586,34,month-to-month,fiber,electronic-check,0,1,40.0,68.09,2277.6,3,0,268.6,1,1
C05587,2,month-to-month,fiber,credit-card,0,2,37.0,73.46,140.81,1,0,,1,1
C05588,7,month-to-month,dsl,bank-transfer,1,4,34.0,62.97,397.78,0,0,172.0,0,0
C05589,12,month-to-month,fiber,mailed-check,0,2,46.0,55.97,617.32,0,1,476.3,0,0
C05590,51,two-year,dsl,electronic-check,0,3,65.0,53.19,2472.26,0,0,38.5,0,0
C05591,50,one-year,dsl,credit-card,0,2,18.0,57.22,2744.55,1,1,38.0,1,1
C05592,31,two-year,dsl,bank-transfer,0,1,26.0,26.65,832.67,0,0,115.8,1,1
C05593,18,two-year,fiber,bank-transfer,1,4,49.0,63.59,1177.55,3,0,603.2,0,0
C05594,53,month-to-month,dsl,credit-card,0,2,18.0,40.51,2029.59,1,0,103.8,0,0
C05595,28,one-year,dsl,mailed-check,0,2,23.0,43.15,1162.45,1,0,89.8,0,0
C05596,51,one-year,none,credit-card,0,2,77.0,24.44,1357.42,0,1,0.0,0,0
C05597,32,month-to-month,dsl,bank-transfer,0,2,53.0,38.74,1230.61,2,0,63.7,0,0
C05598,4,two-year,fiber,electronic-check,1,2,85.0,73.13,289.19,1,1,158.7,0,0
C05599,2,two-year,fiber,credit-card,0,3,19.0,91.97,190.78,2,0,221.3,1,1
C05600,17,month-to-month,dsl,bank-transfer,0,2,76.0,44.55,796.55,1,0,66.1,0,0
C05601,44,two-year,dsl,electronic-check,0,2,25.0,37.84,1607.51,1,0,122.1,0,0
C05602,15,month-to-month,dsl,bank-transfer,0,3,58.0,50.68,750.09,1,0,171.6,0,0
C05603,60,two-year,dsl,bank-transfer,0,1,18.0,48.46,2778.24,0,0,78.6,0,0
C05604,41,one-year,none,electronic-check,0,1,49.0,20.33,855.86,1,0,,0,0
C05605,57,month-to-month,none,mailed-check,0,3,50.0,35.02,,0,0,0.0,0,0
C05606,17,two-year,fiber,mailed-check,1,3,38.0,71.89,1149.94,4,0,,1,1
C05607,10,month-to-month,fiber,credit-card,0,1,24.0,66.74,731.9,2,0,144.3,0,0
C05608,8,month-to-month,none,electronic-check,0,4,41.0,54.65,456.93,0,2,0.0,1,1
C05609,35,one-year,dsl,electronic-check,0,4,49.0,55.93,2120.36,1,1,51.6,0,0
C05610,5,one-year,none,bank-transfer,0,1,28.0,19.04,96.73,2,0,0.0,0,0
C05611,5,month-to-month,dsl,credit-card,0,2,42.0,52.73,271.28,2,1,73.2,0,0
C05612,14,one-year,none,electronic-check,0,1,44.0,39.12,576.15,1,0,0.0,0,0
C05613,28,month-to-month,fiber,bank-transfer,0,2,52.0,75.98,2113.25,0,1,158.9,0,0
C05614,12,month-to-month,dsl,mailed-check,0,2,21.0,49.97,635.35,0,1,54.9,0,0
C05615,50,one-year,dsl,credit-card,1,1,36.0,40.45,2091.18,0,0,49.1,0,0
C05616,57,month-to-month,fiber,credit-card,0,4,48.0,89.91,5339.12,2,0,218.9,0,0
C05617,1,month-to-month,fiber,mailed-check,1,2,39.0,68.44,69.41,3,0,228.2,1,1
C05618,33,two-year,fiber,mailed-check,0,2,29.0,81.33,2576.7,0,0,515.3,0,0
C05619,15,two-year,fiber,bank-transfer,0,2,59.0,67.03,1086.93,4,0,388.9,0,0
C05620,45,one-year,none,electronic-check,0,2,60.0,19.36,950.08,2,0,0.0,0,0
C05621,34,one-year,none,electronic-check,0,3,56.0,17.48,544.59,1,1,0.0,1,1
C05622,27,two-year,none,credit-card,0,1,40.0,23.24,601.76,0,1,0.0,0,0
C05623,21,two-year,none,electronic-check,0,2,42.0,15.0,289.18,0,1,0.0,0,0
C05624,5,month-to-month,none,electronic-check,0,2,64.0,34.16,160.97,0,0,0.0,1,0
C05625,72,month-to-month,none,bank-transfer,0,4,57.0,22.63,1474.85,1,0,0.0,0,0
C05626,7,month-to-month,fiber,mailed-check,0,4,64.0,64.55,430.71,1,0,105.1,0,0
C05627,72,month-to-month,fiber,mailed-check,0,3,46.0,73.76,5599.76,1,1,351.0,0,0
C05628,38,month-to-month,none,bank-transfer,0,1,54.0,26.77,931.83,0,1,0.0,0,0
C05629,15,one-year,dsl,credit-card,0,3,55.0,53.18,849.27,1,0,106.2,0,0
C05630,13,one-year,dsl,mailed-check,1,3,67.0,60.24,789.03,1,1,87.3,0,0
C05631,5,two-year,dsl,bank-transfer,0,1,18.0,46.69,236.39,0,1,61.4,0,0
C05632,24,month-to-month,fiber,credit-card,1,1,47.0,69.6,1512.16,0,0,158.3,1,1
C05633,4,month-to-month,fiber,electronic-check,0,4,,91.74,361.0,3,0,311.9,1,1
C05634,52,month-to-month,dsl,electronic-check,1,1,63.0,38.49,2101.35,2,0,57.3,0,0
C05635,29,month-to-month,dsl,credit-card,0,1,38.0,45.37,1314.23,0,0,106.5,0,0
C05636,23,month-to-month,fiber,credit-card,0,2,51.0,53.52,1257.71,2,1,166.8,1,1
C05637,25,two-year,dsl,mailed-check,1,2,56.0,60.08,1436.75,1,0,143.9,0,0
C05638,30,month-to-month,fiber,mailed-check,0,1,64.0,61.42,1759.57,4,0,204.0,1,1
C05639,18,one-year,dsl,bank-transfer,1,2,50.0,49.59,840.69,0,1,85.2,0,0
C05640,20,month-to-month,dsl,credit-card,1,1,49.0,41.55,754.42,0,0,112.8,1,1
C05641,72,month-to-month,dsl,bank-transfer,0,2,41.0,43.71,3085.64,0,0,163.1,0,0
C05642,49,two-year,none,bank-transfer,0,1,62.0,25.18,1314.23,1,0,0.0,0,0
C05643,37,two-year,dsl,bank-transfer,1,1,64.0,48.68,1944.81,0,0,94.4,0,0
C05644,15,month-to-month,none,electronic-check,0,2,61.0,19.72,297.51,2,3,0.0,1,1
C05645,3,two-year,none,credit-card,0,2,56.0,38.01,115.15,0,0,0.0,0,0
C05646,34,month-to-month,none,electronic-check,0,3,49.0,35.98,1151.76,0,0,0.0,0,0
C05647,25,two-year,dsl,electronic-check,0,2,36.0,62.04,1578.01,0,2,185.1,0,0
C05648,19,month-to-month,dsl,electronic-check,0,3,34.0,39.21,747.03,2,0,96.0,0,0
C05649,22,month-to-month,dsl,bank-transfer,0,1,60.0,39.12,870.97,0,0,61.9,1,1
C05650,8,one-year,dsl,electronic-check,0,2,62.0,56.93,466.6,1,0,131.9,1,1
C05651,10,two-year,fiber,bank-transfer,1,2,49.0,59.37,651.03,5,1,274.0,0,0
C05652,49,two-year,fiber,bank-transfer,0,3,49.0,70.86,3436.9,3,2,96.5,0,0
C05653,2,month-to-month,fiber,electronic-check,0,2,48.0,60.94,122.29,1,1,162.9,1,1
C05654,44,two-year,dsl,electronic-check,0,2,63.0,52.38,,2,1,49.4,0,0
C05655,62,month-to-month,fiber,electronic-check,0,3,56.0,71.46,4420.1,0,0,149.0,0,0
C05656,34,month-to-month,dsl,credit-card,0,1,39.0,36.11,1311.34,0,0,65.0,0,0
C05657,32,month-to-month,fiber,electronic-check,1,3,53.0,88.09,2657.97,0,1,342.6,1,1
C05658,10,month-to-month,fiber,credit-card,0,1,21.0,69.43,756.63,2,0,154.4,0,0
C05659,12,month-to-month,dsl,electronic-check,1,2,36.0,54.27,614.76,1,0,,0,0
C05660,16,one-year,none,bank-transfer,0,6,19.0,45.83,794.14,3,0,0.0,0,0
C05661,6,month-to-month,fiber,electronic-check,0,1,32.0,71.09,417.83,1,0,234.9,0,0
C05662,11,one-year,none,mailed-check,0,4,34.0,38.7,388.19,3,0,0.0,1,0
C05663,25,month-to-month,fiber,credit-card,1,1,18.0,49.72,1287.73,1,0,266.8,0,0
C05664,16,one-year,dsl,mailed-check,1,2,63.0,64.92,1120.57,0,0,578.3,0,0
C05665,27,month-to-month,fiber,electronic-check,1,4,37.0,93.6,2629.8,3,1,231.1,0,1
C05666,49,month-to-month,fiber,electronic-check,0,4,40.0,75.95,3435.4,1,2,164.3,1,1
C05667,27,one-year,fiber,bank-transfer,0,1,32.0,51.31,1342.43,1,0,282.7,0,0
C05668,33,two-year,fiber,bank-transfer,1,1,53.0,55.93,,0,1,212.4,0,0
C05669,4,two-year,dsl,credit-card,0,2,66.0,41.19,181.16,1,0,106.3,0,0
C05670,48,month-to-month,dsl,credit-card,0,2,53.0,52.04,2341.24,0,0,76.8,0,0
C05671,4,two-year,fiber,electronic-check,0,2,50.0,66.39,284.75,2,4,456.7,0,0
C05672,15,one-year,none,credit-card,0,2,18.0,19.8,272.89,0,1,0.0,0,0
C05673,8,two-year,dsl,bank-transfer,1,3,43.0,59.71,433.57,0,0,66.7,0,0
C05674,3,month-to-month,fiber,mailed-check,1,2,55.0,68.82,220.15,0,0,356.8,1,1
C05675,26,month-to-month,fiber,electronic-check,1,3,63.0,82.39,2116.9,1,0,390.3,1,1
C05676,35,month-to-month,fiber,credit-card,1,1,54.0,64.33,2266.09,0,1,421.5,1,1
C05677,63,two-year,none,electronic-check,0,1,76.0,33.33,2166.02,0,1,0.0,0,0
C05678,28,month-to-month,dsl,credit-card,0,2,34.0,67.73,1768.95,1,2,111.0,0,0
C05679,11,month-to-month,fiber,electronic-check,1,3,34.0,76.72,832.6,0,1,148.5,0,0
C05680,15,one-year,fiber,credit-card,0,1,51.0,62.28,866.66,1,0,193.7,1,1
C05681,3,two-year,fiber,credit-card,0,1,64.0,64.3,183.17,0,0,262.2,0,0
C05682,17,one-year,fiber,mailed-check,1,4,67.0,88.3,1572.94,1,0,183.4,0,0
C05683,23,one-year,dsl,credit-card,1,4,18.0,66.81,1565.23,1,0,90.6,0,0
C05684,34,month-to-month,none,credit-card,0,1,47.0,15.0,473.37,0,1,0.0,1,0
C05685,41,two-year,fiber,credit-card,0,3,59.0,79.28,3225.76,0,0,291.2,0,0
C05686,33,month-to-month,fiber,bank-transfer,0,1,59.0,61.72,1882.08,0,0,197.8,0,0
C05687,10,month-to-month,fiber,electronic-check,1,2,53.0,72.04,721.57,0,2,273.5,0,0
C05688,7,month-to-month,fiber,credit-card,1,1,44.0,64.81,445.28,1,0,278.5,0,0
C05689,39,month-to-month,dsl,credit-card,1,5,18.0,61.63,2187.83,0,1,119.9,0,0
C05690,3,one-year,none,mailed-check,0,1,76.0,15.0,45.66,0,0,0.0,0,0
C05691,72,one-year,dsl,credit-card,0,2,54.0,37.13,2443.29,1,0,78.4,0,0
C05692,12,month-to-month,fiber,credit-card,0,3,32.0,72.59,811.69,2,0,252.2,0,0
C05693,53,month-to-month,none,credit-card,0,2,40.0,23.73,1254.69,1,0,0.0,1,1
C05694,14,month-to-month,none,mailed-check,0,1,49.0,19.31,243.47,0,0,0.0,0,0
C05695,35,month-to-month,fiber,bank-transfer,1,2,52.0,71.93,2731.62,0,0,286.6,0,0
C05696,7,two-year,none,electronic-check,0,1,24.0,15.0,100.14,1,0,0.0,0,0
C05697,24,one-year,dsl,electronic-check,0,3,30.0,43.65,985.19,1,3,54.0,1,1
C05698,4,month-to-month,dsl,bank-transfer,0,1,53.0,52.73,229.26,2,0,110.4,0,0
C05699,30,month-to-month,dsl,electronic-check,0,4,36.0,64.31,1803.82,0,1,67.4,0,0
C05700,7,two-year,fiber,mailed-check,0,4,18.0,74.22,482.3,0,0,411.5,0,0
C05701,9,two-year,dsl,electronic-check,0,3,33.0,61.81,592.51,0,0,60.2,0,0
C05702,16,two-year,dsl,electronic-check,0,2,45.0,41.8,605.65,1,1,85.9,0,0
C05703,19,month-to-month,none,credit-card,0,2,20.0,26.65,456.51,0,0,0.0,1,1
C05704,34,month-to-month,fiber,bank-transfer,0,3,70.0,76.75,2727.94,2,0,249.1,0,0
C05705,31,month-to-month,fiber,electronic-check,1,2,63.0,64.78,2154.92,2,0,123.7,0,0
C05706,26,one-year,dsl,credit-card,1,1,59.0,48.83,1218.51,3,2,46.4,0,0
C05707,44,month-to-month,dsl,credit-card,0,1,46.0,34.48,1549.63,1,1,114.9,0,0
C05708,31,one-year,fiber,credit-card,0,4,26.0,79.66,2653.84,2,0,467.4,0,0
C05709,32,month-to-month,dsl,credit-card,1,2,32.0,49.68,1592.63,0,1,48.2,0,0
C05710,8,one-year,dsl,electronic-check,0,1,65.0,36.04,313.78,0,1,27.7,1,0
C05711,46,month-to-month,dsl,credit-card,0,2,33.0,54.97,2311.9,1,0,,0,0
C05712,42,two-year,fiber,electronic-check,0,2,45.0,78.89,3135.6,2,1,,1,1
C05713,27,month-to-month,dsl,credit-card,1,1,41.0,44.41,1223.64,2,0,136.1,1,1
C05714,41,one-year,dsl,electronic-check,0,2,43.0,50.56,1905.38,1,2,109.6,0,0
C05715,22,month-to-month,dsl,credit-card,0,3,43.0,52.66,1048.96,0,0,127.1,0,0
C05716,66,one-year,dsl,credit-card,1,4,41.0,59.15,3526.01,0,0,238.7,0,0
C05717,25,one-year,dsl,bank-transfer,1,3,38.0,50.8,1363.36,0,1,65.5,0,0
C05718,22,month-to-month,fiber,credit-card,0,1,40.0,64.95,1426.93,1,0,447.4,0,0
C05719,31,month-to-month,fiber,bank-transfer,0,1,42.0,62.8,2127.89,1,0,626.0,0,0
C05720,72,month-to-month,fiber,electronic-check,1,2,31.0,82.94,5616.38,0,1,263.5,0,0
C05721,14,month-to-month,dsl,mailed-check,1,2,24.0,48.03,664.95,0,0,81.1,0,0
C05722,29,one-year,dsl,electronic-check,1,1,39.0,37.18,972.32,1,2,67.2,0,0
C05723,15,month-to-month,none,bank-transfer,0,4,32.0,20.95,304.09,1,0,0.0,0,0
C05724,22,month-to-month,dsl,electronic-check,0,1,44.0,52.82,1233.08,0,1,19.5,0,0
C05725,11,month-to-month,dsl,bank-transfer,1,2,29.0,61.3,704.55,2,0,159.2,0,0
C05726,32,month-to-month,dsl,electronic-check,0,1,18.0,35.38,1200.12,2,0,71.6,1,1
C05727,23,month-to-month,fiber,electronic-check,0,2,,74.64,1866.16,1,3,230.5,1,1
C05728,41,one-year,dsl,bank-transfer,1,3,36.0,58.98,2462.7,3,0,54.9,0,0
C05729,49,month-to-month,fiber,electronic-check,0,2,18.0,69.86,3701.62,1,1,231.1,0,0
C05730,54,two-year,dsl,bank-transfer,0,3,56.0,45.8,2346.03,2,0,155.4,0,0
C05731,16,one-year,none,credit-card,0,1,38.0,23.79,383.4,0,0,0.0,0,0
C05732,31,month-to-month,dsl,electronic-check,1,3,44.0,65.28,2081.04,0,1,231.3,1,1
C05733,57,two-year,fiber,electronic-check,1,2,47.0,80.99,4612.6,0,2,224.3,0,0
C05734,11,one-year,dsl,electronic-check,0,1,59.0,48.9,551.97,1,1,95.1,0,0
C05735,25,one-year,none,credit-card,0,2,48.0,31.72,794.53,2,0,0.0,0,0
C05736,11,month-to-month,fiber,electronic-check,1,1,23.0,50.24,602.58,1,2,387.3,1,1
C05737,72,one-year,none,mailed-check,0,1,26.0,24.62,1869.1,0,0,0.0,0,0
C05738,56,month-to-month,none,credit-card,0,2,22.0,29.74,1701.56,0,1,0.0,0,0
C05739,35,month-to-month,dsl,bank-transfer,1,5,36.0,62.18,2115.17,0,0,139.0,0,0
C05740,35,month-to-month,fiber,bank-transfer,0,1,49.0,65.52,2168.87,2,0,270.3,0,0
C05741,12,month-to-month,fiber,electronic-check,0,3,,70.59,854.39,2,0,388.7,1,0
C05742,61,one-year,fiber,bank-transfer,1,2,33.0,57.4,3419.91,0,0,166.0,0,0
C05743,18,month-to-month,fiber,electronic-check,0,4,33.0,84.74,1662.58,3,0,275.8,0,0
C05744,13,month-to-month,dsl,credit-card,0,3,35.0,69.95,904.89,0,0,273.5,0,0
C05745,51,two-year,none,credit-card,0,2,54.0,17.86,964.14,0,0,0.0,0,0
C05746,17,month-to-month,fiber,credit-card,0,5,39.0,85.45,1431.45,1,0,363.9,1,1
C05747,14,month-to-month,dsl,credit-card,0,3,60.0,44.23,613.47,1,0,67.9,0,0
C05748,42,month-to-month,dsl,electronic-check,0,3,36.0,56.68,2147.15,2,2,58.6,1,1
C05749,8,two-year,fiber,credit-card,0,2,44.0,64.77,569.59,0,0,,0,0
C05750,35,one-year,dsl,credit-card,0,1,41.0,43.74,1459.39,1,0,211.0,0,1
C05751,25,one-year,none,mailed-check,0,6,48.0,52.81,1321.03,0,1,0.0,0,0
C05752,40,two-year,fiber,bank-transfer,0,1,52.0,67.24,2945.07,1,0,220.0,0,0
C05753,32,one-year,fiber,electronic-check,0,3,44.0,73.95,2275.79,1,0,219.8,0,0
C05754,72,two-year,dsl,credit-card,0,3,84.0,47.46,3090.73,1,0,80.0,0,0
C05755,27,one-year,fiber,mailed-check,0,2,67.0,75.47,1888.41,2,0,268.7,0,0
C05756,17,two-year,none,bank-transfer,0,2,36.0,16.01,282.32,2,0,0.0,0,0
C05757,23,one-year,none,credit-card,0,3,64.0,40.56,947.38,0,0,0.0,0,0
C05758,32,month-to-month,fiber,electronic-check,0,4,,80.84,2542.46,1,0,428.5,1,1
C05759,72,month-to-month,dsl,bank-transfer,0,1,25.0,36.71,2896.64,1,0,85.9,0,0
C05760,37,month-to-month,dsl,bank-transfer,0,3,18.0,42.87,1735.3,0,0,46.6,1,1
C05761,12,month-to-month,dsl,bank-transfer,0,3,48.0,52.34,589.19,1,0,102.4,0,0
C05762,72,two-year,dsl,bank-transfer,1,2,43.0,47.11,3438.79,3,0,48.5,0,0
C05763,48,one-year,none,electronic-check,0,2,18.0,28.64,1417.74,0,0,0.0,0,0
C05764,11,one-year,fiber,credit-card,1,2,47.0,61.78,623.68,2,0,356.9,0,0
C05765,9,one-year,dsl,electronic-check,0,3,45.0,61.29,528.21,0,2,27.7,1,1
C05766,7,two-year,fiber,credit-card,0,3,35.0,54.73,357.5,0,0,271.2,0,0
C05767,22,one-year,fiber,electronic-check,1,2,68.0,70.65,1574.04,1,0,385.6,0,0
C05768,23,month-to-month,none,credit-card,0,3,41.0,24.21,583.06,0,1,0.0,0,0
C05769,13,month-to-month,dsl,bank-transfer,0,2,39.0,50.74,689.42,0,0,38.8,0,0
C05770,6,month-to-month,dsl,electronic-check,1,1,45.0,54.64,300.17,1,2,74.9,0,0
C05771,9,month-to-month,fiber,electronic-check,0,3,24.0,82.23,697.19,0,0,166.7,0,0
C05772,37,month-to-month,none,electronic-check,0,2,31.0,27.67,1065.19,0,0,0.0,0,0
C05773,18,month-to-month,fiber,bank-transfer,0,2,18.0,80.63,1375.9,2,0,152.4,0,0
C05774,10,month-to-month,dsl,mailed-check,0,2,50.0,60.95,650.9,1,0,273.1,0,0
C05775,25,month-to-month,fiber,mailed-check,0,1,58.0,77.29,1955.41,2,0,154.0,0,0
C05776,29,two-year,dsl,mailed-check,0,2,49.0,45.13,1198.59,1,0,94.5,0,0
C05777,32,month-to-month,dsl,bank-transfer,0,1,48.0,50.96,1606.47,2,0,123.1,0,0
C05778,25,two-year,fiber,credit-card,0,2,43.0,76.13,,0,0,327.9,0,0
C05779,22,month-to-month,dsl,electronic-check,0,2,67.0,50.07,1155.02,0,0,80.0,0,0
C05780,54,two-year,fiber,credit-card,1,2,42.0,78.26,4318.98,1,1,108.4,0,0
C05781,9,one-year,dsl,electronic-check,0,3,58.0,55.29,474.26,0,1,78.9,1,1
C05782,19,two-year,dsl,credit-card,1,4,56.0,48.08,988.22,1,0,41.1,1,0
C05783,3,month-to-month,none,electronic-check,0,2,24.0,35.16,96.1,0,3,0.0,0,0
C05784,17,one-year,fiber,credit-card,0,2,54.0,65.1,1063.63,1,0,291.4,0,0
C05785,27,month-to-month,fiber,mailed-check,0,2,28.0,55.96,1526.0,0,1,192.8,0,0
C05786,42,month-to-month,fiber,electronic-check,1,3,36.0,100.52,4091.65,1,0,199.6,0,0
C05787,3,one-year,fiber,credit-card,1,1,42.0,56.34,179.4,0,1,141.7,0,0
C05788,26,month-to-month,dsl,bank-transfer,0,2,63.0,55.11,1470.57,0,0,341.0,0,0
C05789,72,month-to-month,fiber,bank-transfer,0,3,34.0,66.53,4577.25,0,0,330.7,0,0
C05790,33,two-year,fiber,mailed-check,0,2,49.0,66.61,2190.64,2,0,135.7,0,0
C05791,8,month-to-month,fiber,bank-transfer,0,2,21.0,64.41,486.53,0,0,145.8,1,1
C05792,17,one-year,dsl,electronic-check,1,2,42.0,42.03,693.43,0,0,113.1,0,0
C05793,34,month-to-month,dsl,bank-transfer,0,2,37.0,56.94,2040.07,1,1,34.0,0,0
C05794,14,month-to-month,fiber,electronic-check,1,1,63.0,83.17,1139.67,2,0,166.5,1,1
C05795,28,month-to-month,none,credit-card,0,1,33.0,20.05,571.76,0,2,0.0,0,0
C05796,27,month-to-month,fiber,mailed-check,0,1,21.0,50.79,1396.66,2,0,405.0,0,0
C05797,22,two-year,dsl,electronic-check,0,2,38.0,41.64,974.51,0,0,103.8,0,0
C05798,7,two-year,fiber,electronic-check,0,3,35.0,68.32,460.12,1,1,248.2,0,0
C05799,12,month-to-month,none,electronic-check,0,3,48.0,30.81,346.99,1,1,0.0,0,0
C05800,72,month-to-month,fiber,credit-card,1,3,64.0,71.67,5639.9,1,1,143.3,0,0
C05801,17,two-year,none,credit-card,0,4,39.0,51.92,870.43,0,0,0.0,0,0
C05802,18,month-to-month,dsl,credit-card,0,4,50.0,59.22,969.34,2,1,208.4,0,0
C05803,18,month-to-month,dsl,credit-card,1,5,43.0,71.46,1368.25,1,1,85.5,0,0
C05804,41,month-to-month,dsl,credit-card,0,2,52.0,48.63,1807.77,2,0,116.9,0,0
C05805,19,one-year,fiber,electronic-check,0,4,30.0,79.67,1549.9,1,1,264.3,0,0
C05806,22,month-to-month,fiber,bank-transfer,0,3,44.0,72.13,1555.13,1,0,1016.4,0,0
C05807,26,month-to-month,none,electronic-check,0,3,59.0,29.96,828.95,0,1,0.0,0,0
C05808,45,two-year,dsl,bank-transfer,0,2,33.0,46.03,2253.68,0,0,146.8,0,0
C05809,23,two-year,fiber,credit-card,0,2,42.0,70.3,1482.51,1,0,103.5,0,0
C05810,24,one-year,fiber,bank-transfer,0,2,43.0,65.55,1471.86,2,1,288.4,0,0
C05811,14,one-year,fiber,credit-card,0,3,22.0,93.15,1358.71,1,1,447.7,1,1
C05812,29,two-year,dsl,mailed-check,0,4,55.0,63.14,1885.0,1,0,141.0,0,0
C05813,35,one-year,dsl,electronic-check,1,2,36.0,54.63,1736.92,1,2,117.8,0,0
C05814,37,one-year,dsl,credit-card,0,2,44.0,48.64,1734.48,0,0,134.8,0,0
C05815,72,month-to-month,fiber,electronic-check,0,4,54.0,68.2,4808.43,1,1,180.6,0,0
C05816,12,month-to-month,none,bank-transfer,0,3,55.0,19.2,216.61,0,0,0.0,0,0
C05817,23,two-year,fiber,credit-card,0,2,27.0,68.61,1605.4,1,0,677.5,0,0
C05818,19,one-year,fiber,credit-card,0,2,51.0,68.34,1266.03,1,1,182.3,0,0
C05819,67,month-to-month,none,credit-card,0,1,59.0,23.13,1439.0,1,0,0.0,0,0
C05820,38,one-year,dsl,electronic-check,0,3,35.0,56.48,2320.62,2,2,96.5,0,0
C05821,5,two-year,dsl,electronic-check,0,2,56.0,46.24,222.34,0,1,111.5,0,0
C05822,13,month-to-month,none,electronic-check,0,2,51.0,46.2,544.42,2,2,0.0,0,0
C05823,17,one-year,fiber,credit-card,0,2,52.0,72.78,1314.35,2,0,136.9,1,0
C05824,6,month-to-month,fiber,bank-transfer,0,1,57.0,61.47,392.63,2,0,245.4,0,0
C05825,25,one-year,fiber,bank-transfer,0,1,31.0,61.99,1700.85,1,0,449.7,1,1
C05826,15,two-year,fiber,credit-card,1,2,30.0,75.77,1058.46,3,0,191.6,0,0
C05827,72,two-year,dsl,electronic-check,1,1,62.0,43.2,3326.96,1,2,62.7,0,0
C05828,29,two-year,dsl,credit-card,0,2,40.0,57.62,1652.38,0,0,70.7,0,0
C05829,17,one-year,fiber,credit-card,0,1,,64.31,1051.32,0,0,706.1,0,0
C05830,10,month-to-month,dsl,electronic-check,0,3,42.0,51.92,495.96,2,0,150.9,1,1
C05831,22,one-year,fiber,credit-card,0,2,43.0,58.5,1172.41,0,0,222.9,0,0
C05832,63,month-to-month,fiber,electronic-check,0,2,48.0,78.31,4685.66,4,0,252.1,0,0
C05833,19,one-year,fiber,electronic-check,0,1,39.0,56.31,1099.44,1,0,84.2,0,0
C05834,22,month-to-month,dsl,electronic-check,0,1,71.0,51.0,1016.35,2,0,54.6,0,0
C05835,49,month-to-month,dsl,mailed-check,0,1,31.0,40.22,1884.27,0,0,54.9,0,0
C05836,28,month-to-month,none,electronic-check,0,3,18.0,36.88,937.45,1,0,0.0,1,1
C05837,41,month-to-month,none,electronic-check,0,2,23.0,35.27,1439.42,1,0,0.0,0,0
C05838,30,month-to-month,dsl,electronic-check,1,3,34.0,48.97,1588.1,1,0,77.0,0,0
C05839,29,month-to-month,dsl,electronic-check,0,2,52.0,43.28,1293.97,0,1,50.7,0,0
C05840,5,month-to-month,dsl,bank-transfer,0,3,42.0,72.75,335.95,0,0,73.9,0,0
C05841,8,month-to-month,none,bank-transfer,0,2,50.0,28.67,241.65,2,0,0.0,0,0
C05842,26,two-year,dsl,bank-transfer,0,2,,55.78,1469.35,0,1,82.2,0,0
C05843,11,month-to-month,fiber,electronic-check,1,3,51.0,64.18,704.17,1,0,239.1,0,0
C05844,22,two-year,fiber,bank-transfer,1,2,21.0,61.86,1480.92,0,0,319.5,0,0
C05845,8,month-to-month,none,mailed-check,0,3,47.0,31.69,230.37,0,0,0.0,0,0
C05846,49,two-year,fiber,electronic-check,0,1,54.0,61.96,2774.26,1,0,514.2,0,0
C05847,12,one-year,dsl,bank-transfer,1,1,31.0,36.96,467.05,0,1,58.7,0,0
C05848,10,two-year,none,bank-transfer,0,4,70.0,37.23,397.68,0,0,0.0,1,0
C05849,6,two-year,fiber,electronic-check,1,3,18.0,61.33,375.75,2,1,147.3,0,0
C05850,37,one-year,fiber,electronic-check,0,3,55.0,77.43,2749.61,1,2,150.8,1,1
C05851,22,month-to-month,fiber,electronic-check,1,3,57.0,67.8,1468.27,3,1,438.8,1,1
C05852,48,month-to-month,dsl,credit-card,0,1,32.0,50.67,2530.06,0,0,133.4,0,0
C05853,14,month-to-month,dsl,mailed-check,1,2,49.0,50.81,758.23,1,0,165.2,0,0
C05854,8,two-year,fiber,mailed-check,0,2,32.0,74.22,647.1,0,0,423.9,0,0
C05855,21,two-year,dsl,mailed-check,0,3,49.0,65.72,1492.5,2,0,33.8,0,0
C05856,55,month-to-month,dsl,electronic-check,1,2,41.0,44.66,2582.22,1,1,118.6,0,0
C05857,4,one-year,fiber,credit-card,1,6,45.0,82.17,349.92,1,0,272.0,0,0
C05858,28,month-to-month,fiber,mailed-check,1,1,36.0,74.61,2122.09,2,0,147.5,0,0
C05859,30,one-year,fiber,credit-card,1,1,36.0,78.54,2589.87,2,0,173.5,1,1
C05860,61,one-year,none,credit-card,0,1,33.0,30.25,1708.04,1,0,0.0,0,0
C05861,11,month-to-month,fiber,electronic-check,0,2,54.0,51.35,544.5,1,1,320.0,1,1
C05862,4,two-year,fiber,bank-transfer,0,2,70.0,74.82,314.91,1,0,417.2,1,1
C05863,16,month-to-month,fiber,electronic-check,0,2,79.0,62.53,953.41,1,0,253.5,0,0
C05864,40,one-year,dsl,electronic-check,0,2,59.0,57.17,2108.59,1,0,35.7,0,0
C05865,23,one-year,dsl,credit-card,1,2,45.0,47.98,1144.15,1,0,81.4,0,0
C05866,32,month-to-month,fiber,electronic-check,0,2,60.0,67.31,1974.69,1,0,112.3,0,0
C05867,9,month-to-month,dsl,mailed-check,0,2,50.0,46.86,422.77,3,0,283.8,0,0
C05868,18,month-to-month,dsl,mailed-check,1,2,40.0,45.2,754.13,2,0,151.9,0,0
C05869,24,one-year,none,credit-card,0,1,74.0,15.0,368.27,0,0,0.0,0,0
C05870,5,two-year,dsl,bank-transfer,1,4,59.0,56.94,258.96,0,0,42.4,0,0
C05871,23,month-to-month,dsl,credit-card,0,2,34.0,51.05,1086.97,0,0,147.4,0,0
C05872,17,month-to-month,fiber,electronic-check,0,3,59.0,86.96,1553.61,3,0,282.9,1,1
C05873,72,month-to-month,fiber,electronic-check,0,2,53.0,74.1,5004.67,2,0,225.4,1,1
C05874,22,month-to-month,none,bank-transfer,0,1,31.0,17.68,395.34,0,0,0.0,0,0
C05875,63,month-to-month,fiber,credit-card,1,2,46.0,67.09,4246.68,2,0,80.8,0,0
C05876,32,one-year,fiber,electronic-check,0,3,44.0,51.11,1630.82,2,1,269.0,0,0
C05877,20,month-to-month,dsl,electronic-check,0,6,18.0,66.86,1340.41,0,1,,1,1
C05878,57,two-year,none,bank-transfer,0,2,24.0,26.07,1363.82,1,0,0.0,0,0
C05879,8,month-to-month,fiber,credit-card,1,2,61.0,65.11,537.98,1,1,157.9,0,0
C05880,15,one-year,none,bank-transfer,0,1,34.0,15.79,225.78,1,0,0.0,0,0
C05881,42,month-to-month,fiber,mailed-check,0,2,54.0,50.14,2227.47,3,0,209.6,1,1
C05882,2,month-to-month,none,electronic-check,0,4,64.0,23.88,47.25,0,0,0.0,0,0
C05883,22,month-to-month,none,electronic-check,0,1,18.0,15.0,332.85,3,0,0.0,0,0
C05884,21,one-year,dsl,credit-card,0,2,69.0,44.21,998.85,1,0,20.9,0,0
C05885,27,two-year,none,bank-transfer,0,3,42.0,15.0,384.89,0,1,0.0,0,0
C05886,19,month-to-month,none,credit-card,0,1,51.0,18.48,318.96,2,0,0.0,0,0
C05887,41,month-to-month,none,bank-transfer,0,2,74.0,24.28,1085.34,0,0,0.0,0,0
C05888,11,one-year,dsl,credit-card,0,1,59.0,48.29,506.38,0,0,219.5,0,0
C05889,45,month-to-month,dsl,bank-transfer,1,1,42.0,41.56,1930.75,1,2,56.2,0,0
C05890,8,two-year,fiber,bank-transfer,1,3,37.0,81.6,704.56,3,0,120.4,0,0
C05891,29,month-to-month,fiber,electronic-check,0,4,38.0,94.28,2996.83,4,0,388.9,1,1
C05892,52,two-year,dsl,bank-transfer,0,1,37.0,33.74,,1,0,96.2,0,0
C05893,11,one-year,fiber,credit-card,0,4,64.0,70.02,816.28,1,0,398.1,0,0
C05894,13,month-to-month,none,credit-card,0,1,53.0,22.68,297.98,1,0,,1,1
C05895,46,one-year,fiber,credit-card,0,2,48.0,74.69,3517.56,3,2,179.4,0,0
C05896,26,month-to-month,fiber,electronic-check,0,2,42.0,60.25,1569.37,4,0,327.1,1,1
C05897,4,one-year,fiber,electronic-check,1,4,56.0,93.49,406.94,3,1,179.8,1,1
C05898,26,two-year,fiber,electronic-check,1,5,18.0,77.46,2194.39,2,1,491.0,0,0
C05899,36,one-year,fiber,mailed-check,0,1,73.0,63.04,2360.31,1,1,146.0,0,0
C05900,47,month-to-month,dsl,credit-card,1,1,41.0,50.34,2425.16,1,0,229.3,0,0
C05901,28,month-to-month,fiber,bank-transfer,0,3,31.0,86.48,2197.78,2,0,203.1,0,0
C05902,33,month-to-month,none,credit-card,0,1,62.0,15.0,458.02,0,1,0.0,0,0
C05903,68,one-year,fiber,credit-card,0,3,62.0,80.93,5420.58,2,0,158.2,0,0
C05904,43,one-year,dsl,bank-transfer,1,3,44.0,54.12,2098.73,2,0,74.5,0,0
C05905,18,month-to-month,dsl,electronic-check,1,3,65.0,43.26,720.73,0,1,215.6,0,0
C05906,20,one-year,fiber,electronic-check,1,5,60.0,80.1,1526.5,1,0,176.8,1,0
C05907,51,one-year,fiber,bank-transfer,1,3,51.0,65.36,3183.62,1,0,244.8,0,0
C05908,28,one-year,none,bank-transfer,0,2,20.0,30.46,838.43,2,1,0.0,0,0
C05909,25,month-to-month,dsl,mailed-check,0,2,47.0,38.61,896.55,1,1,58.6,0,0
C05910,18,month-to-month,fiber,electronic-check,0,3,45.0,78.49,1488.08,1,2,382.8,0,0
C05911,50,month-to-month,dsl,electronic-check,0,2,41.0,49.87,2666.79,0,1,77.0,0,0
C05912,11,two-year,fiber,bank-transfer,0,2,39.0,72.65,861.14,3,0,112.2,1,1
C05913,15,two-year,fiber,bank-transfer,0,1,56.0,64.95,931.67,3,0,395.0,0,0
C05914,50,two-year,fiber,electronic-check,1,4,26.0,72.94,3310.15,0,2,866.0,0,0
C05915,49,month-to-month,dsl,credit-card,0,1,63.0,48.01,2252.33,0,0,166.1,0,0
C05916,72,one-year,fiber,bank-transfer,0,2,44.0,70.99,5140.05,1,0,295.8,0,0
C05917,22,two-year,dsl,credit-card,1,1,32.0,40.83,957.49,0,0,67.8,0,0
C05918,18,month-to-month,fiber,electronic-check,0,3,41.0,95.45,1848.68,2,0,286.5,1,1
C05919,19,month-to-month,fiber,electronic-check,0,2,48.0,60.49,1234.31,2,0,383.4,0,0
C05920,5,month-to-month,fiber,credit-card,1,1,67.0,69.0,317.99,0,0,134.3,0,0
C05921,2,one-year,dsl,bank-transfer,0,1,56.0,49.7,94.43,2,0,27.9,1,1
C05922,28,month-to-month,none,credit-card,0,2,63.0,22.65,670.21,0,1,0.0,0,0
C05923,17,month-to-month,dsl,electronic-check,0,2,44.0,51.95,911.37,0,1,61.8,0,0
C05924,12,month-to-month,fiber,mailed-check,1,2,42.0,73.53,864.26,3,1,208.2,0,0
C05925,24,one-year,fiber,bank-transfer,1,1,73.0,64.37,1699.27,5,1,196.6,0,0
C05926,29,two-year,fiber,credit-card,1,3,43.0,70.5,1979.74,1,0,239.8,0,0
C05927,20,one-year,none,mailed-check,0,3,37.0,29.33,625.24,1,0,0.0,0,0
C05928,21,two-year,dsl,electronic-check,1,2,35.0,45.12,953.87,2,0,,0,0
C05929,17,one-year,none,electronic-check,0,2,49.0,35.94,606.51,1,2,0.0,0,0
C05930,38,two-year,fiber,bank-transfer,1,3,29.0,81.97,2894.5,1,0,187.1,0,0
C05931,15,month-to-month,dsl,credit-card,1,2,48.0,50.58,827.65,0,0,88.9,0,0
C05932,10,two-year,dsl,mailed-check,0,1,47.0,39.02,394.03,0,0,65.6,0,0
C05933,16,two-year,dsl,bank-transfer,0,4,54.0,57.43,937.25,2,0,182.6,0,0
C05934,27,one-year,dsl,bank-transfer,0,1,19.0,40.25,1146.48,1,1,69.8,0,0
C05935,40,month-to-month,fiber,electronic-check,0,2,18.0,69.18,2643.48,1,1,234.2,1,1
C05936,72,month-to-month,fiber,electronic-check,0,2,38.0,57.12,3774.29,1,2,539.3,0,0
C05937,24,month-to-month,none,credit-card,0,1,43.0,15.5,343.95,1,0,0.0,0,0
C05938,64,month-to-month,fiber,mailed-check,1,2,28.0,61.18,4040.78,0,1,401.6,0,0
C05939,13,month-to-month,dsl,electronic-check,1,1,24.0,39.34,531.12,1,1,69.8,0,0
C05940,11,month-to-month,none,credit-card,0,2,51.0,39.59,420.92,1,0,0.0,0,0
C05941,32,month-to-month,dsl,credit-card,1,2,40.0,47.37,1384.8,1,0,70.4,0,0
C05942,35,two-year,dsl,electronic-check,0,3,57.0,56.51,1848.3,0,1,50.4,0,0
C05943,26,one-year,fiber,electronic-check,1,1,24.0,63.17,1791.57,0,0,437.7,1,1
C05944,72,two-year,dsl,credit-card,0,2,43.0,54.99,4262.45,0,0,274.4,0,0
C05945,14,month-to-month,none,bank-transfer,0,2,70.0,21.85,305.85,1,0,0.0,0,0
C05946,56,month-to-month,none,bank-transfer,0,3,41.0,25.57,1327.29,1,0,0.0,0,0
C05947,12,month-to-month,fiber,bank-transfer,0,3,36.0,69.49,886.47,2,0,125.7,0,0
C05948,37,two-year,none,mailed-check,0,3,59.0,24.04,890.66,3,0,0.0,0,0
C05949,24,month-to-month,fiber,credit-card,0,4,63.0,92.01,2182.32,1,1,595.0,0,0
C05950,28,one-year,dsl,mailed-check,0,2,35.0,53.04,1518.94,1,1,126.9,0,0
C05951,32,month-to-month,fiber,bank-transfer,1,3,37.0,70.06,2319.29,0,0,212.6,0,0
C05952,24,month-to-month,fiber,credit-card,0,2,58.0,76.71,1757.46,2,0,202.6,0,0
C05953,21,month-to-month,dsl,credit-card,0,2,50.0,59.18,1267.52,0,0,105.1,1,1
C05954,4,month-to-month,dsl,mailed-check,0,2,50.0,44.29,165.0,0,0,54.9,0,0
C05955,44,month-to-month,none,credit-card,0,2,49.0,22.65,1095.94,1,0,0.0,0,0
C05956,7,two-year,fiber,credit-card,0,2,44.0,70.06,493.26,1,0,429.9,0,0
C05957,17,month-to-month,none,bank-transfer,0,3,60.0,23.84,409.61,2,0,0.0,0,0
C05958,29,month-to-month,dsl,electronic-check,0,1,66.0,41.04,1305.02,1,0,96.9,0,0
C05959,8,month-to-month,fiber,bank-transfer,1,3,30.0,71.05,572.6,2,0,146.2,0,0
C05960,21,two-year,fiber,credit-card,1,4,58.0,78.82,1665.73,0,0,314.3,1,0
C05961,41,one-year,dsl,bank-transfer,1,2,44.0,74.48,3153.38,0,0,56.7,0,0
C05962,17,one-year,none,mailed-check,0,1,26.0,15.0,259.38,1,0,0.0,0,0
C05963,21,month-to-month,fiber,mailed-check,0,2,31.0,58.23,1242.5,1,1,371.1,1,1
C05964,10,two-year,fiber,mailed-check,1,1,39.0,72.83,657.36,1,1,124.3,0,0
C05965,18,month-to-month,dsl,bank-transfer,0,2,61.0,51.47,962.87,2,0,58.1,0,0
C05966,7,one-year,dsl,credit-card,0,2,29.0,47.54,331.59,3,0,82.3,0,0
C05967,27,two-year,dsl,credit-card,0,1,18.0,51.93,1280.83,2,0,65.6,0,0
C05968,6,month-to-month,none,mailed-check,0,4,41.0,25.21,141.05,1,0,0.0,0,0
C05969,14,month-to-month,fiber,electronic-check,0,2,38.0,72.52,925.05,0,1,366.9,1,1
C05970,24,month-to-month,fiber,electronic-check,0,2,61.0,68.49,1583.75,4,1,349.1,1,1
C05971,20,month-to-month,fiber,bank-transfer,0,4,49.0,80.28,1523.59,2,0,357.8,0,0
C05972,31,month-to-month,none,bank-transfer,0,2,56.0,25.4,860.74,0,1,0.0,0,0
C05973,21,month-to-month,dsl,bank-transfer,1,2,39.0,69.07,1534.51,0,1,219.4,0,0
C05974,4,month-to-month,fiber,bank-transfer,0,1,27.0,60.97,233.28,2,1,222.7,1,1
C05975,8,one-year,dsl,bank-transfer,0,2,65.0,43.26,368.41,0,0,126.3,0,0
C05976,23,month-to-month,dsl,credit-card,0,4,36.0,64.29,1533.11,1,1,28.6,0,0
C05977,48,one-year,fiber,credit-card,0,2,55.0,78.17,3703.99,2,0,125.3,1,1
C05978,43,month-to-month,fiber,credit-card,0,1,39.0,54.19,2516.46,3,0,347.5,1,1
C05979,72,month-to-month,dsl,mailed-check,0,6,55.0,73.12,4774.51,0,1,92.2,0,0
C05980,15,month-to-month,dsl,mailed-check,1,2,50.0,40.66,619.49,4,0,89.4,1,1
C05981,40,two-year,fiber,electronic-check,0,1,,54.16,2243.35,3,0,231.5,0,0
C05982,38,month-to-month,fiber,electronic-check,0,1,51.0,63.22,2556.09,2,2,87.7,1,1
C05983,65,one-year,fiber,credit-card,0,1,41.0,59.69,3966.57,0,0,154.1,0,0
C05984,54,two-year,dsl,credit-card,0,2,19.0,39.69,2156.27,2,0,88.1,0,0
C05985,28,one-year,fiber,credit-card,1,1,49.0,58.19,1627.97,0,1,481.4,0,0
C05986,35,month-to-month,fiber,credit-card,0,1,62.0,60.84,2101.19,3,0,280.1,1,1
C05987,31,month-to-month,fiber,electronic-check,1,4,44.0,84.96,2689.55,1,0,229.8,0,0
C05988,22,one-year,none,credit-card,0,2,40.0,17.15,,2,0,0.0,1,1
C05989,33,one-year,dsl,mailed-check,0,3,49.0,55.58,1861.38,3,1,62.6,0,0
C05990,26,one-year,fiber,electronic-check,1,1,60.0,50.25,1288.71,6,1,523.9,0,0
C05991,25,one-year,dsl,credit-card,0,1,41.0,43.24,1125.73,2,0,79.1,0,0
C05992,68,month-to-month,dsl,electronic-check,0,1,23.0,50.87,3595.31,0,2,204.8,0,0
C05993,29,one-year,none,electronic-check,0,2,47.0,21.17,661.32,0,1,0.0,0,0
C05994,24,one-year,none,electronic-check,0,1,50.0,24.28,554.01,1,0,0.0,0,0
C05995,20,two-year,dsl,credit-card,1,3,48.0,39.66,762.59,0,0,85.0,0,0
C05996,19,one-year,dsl,bank-transfer,0,1,38.0,36.07,703.2,2,0,102.8,0,0
C05997,8,month-to-month,fiber,bank-transfer,0,1,50.0,69.5,517.52,2,0,123.6,0,0
C05998,22,one-year,dsl,electronic-check,0,1,42.0,50.05,1139.5,1,0,,0,0
C05999,50,one-year,dsl,credit-card,0,1,38.0,59.95,3011.43,1,0,65.7,0,0
C06000,15,month-to-month,fiber,mailed-check,1,3,41.0,80.64,1109.71,2,0,240.9,1,1
C06001,2,month-to-month,dsl,credit-card,0,1,48.0,54.27,111.39,0,0,74.3,0,0
C06002,33,month-to-month,fiber,mailed-check,0,1,49.0,57.33,1896.7,1,0,106.5,1,1
C06003,27,month-to-month,dsl,credit-card,0,1,37.0,44.96,1158.61,1,0,74.6,0,0
C06004,67,one-year,fiber,electronic-check,1,3,48.0,63.96,4176.69,0,0,393.3,0,0
C06005,13,month-to-month,fiber,credit-card,0,1,51.0,73.69,940.71,0,0,228.6,0,0
C06006,7,one-year,fiber,electronic-check,0,1,53.0,62.68,478.12,1,1,189.3,0,0
C06007,19,month-to-month,fiber,mailed-check,0,1,52.0,68.88,1418.67,3,0,87.2,1,1
C06008,17,two-year,fiber,bank-transfer,0,3,,56.62,890.14,3,0,203.4,0,0
C06009,5,one-year,dsl,credit-card,0,1,55.0,24.85,123.59,0,1,105.0,0,0
C06010,25,one-year,dsl,mailed-check,0,3,75.0,69.1,1629.01,1,1,168.2,1,1
C06011,16,month-to-month,dsl,mailed-check,1,3,60.0,82.65,1262.22,1,2,18.9,0,0
C06012,59,two-year,fiber,electronic-check,1,3,60.0,77.83,4690.79,1,0,478.3,1,0
C06013,25,month-to-month,none,bank-transfer,0,3,27.0,42.39,959.03,1,0,0.0,0,0
C06014,12,one-year,none,credit-card,0,2,56.0,19.11,245.15,0,0,0.0,0,0
C06015,23,month-to-month,dsl,bank-transfer,0,1,58.0,32.4,749.22,2,0,61.3,0,0
C06016,27,month-to-month,dsl,electronic-check,1,3,44.0,68.21,1944.72,0,1,142.1,0,0
C06017,35,one-year,dsl,credit-card,1,2,18.0,48.93,1594.8,0,0,96.0,0,0
C06018,24,month-to-month,dsl,credit-card,0,1,18.0,43.3,1084.76,0,0,42.4,0,0
C06019,72,month-to-month,fiber,mailed-check,0,3,41.0,88.31,6970.29,0,0,386.3,0,0
C06020,8,month-to-month,dsl,electronic-check,0,3,37.0,52.24,423.3,1,0,107.2,0,0
C06021,16,month-to-month,fiber,electronic-check,0,4,23.0,70.57,1191.11,0,1,509.4,1,1
C06022,12,two-year,none,mailed-check,0,1,51.0,15.0,189.01,2,0,0.0,0,0
C06023,18,one-year,dsl,bank-transfer,0,4,28.0,59.97,1092.32,2,0,210.9,0,0
C06024,29,month-to-month,none,bank-transfer,0,5,20.0,46.98,1426.93,1,0,0.0,0,0
C06025,27,one-year,fiber,mailed-check,1,4,76.0,77.7,2085.9,2,0,202.5,0,0
C06026,34,one-year,dsl,mailed-check,1,1,53.0,44.09,1560.07,0,1,182.6,0,0
C06027,25,one-year,dsl,credit-card,1,2,39.0,43.78,1008.66,0,0,57.1,0,0
C06028,26,one-year,none,bank-transfer,0,3,24.0,25.86,678.18,0,0,0.0,0,0
C06029,25,month-to-month,none,bank-transfer,0,1,32.0,32.57,825.05,0,0,0.0,0,0
C06030,16,month-to-month,fiber,credit-card,1,1,36.0,63.9,1013.46,2,0,533.2,0,0
C06031,15,one-year,none,credit-card,0,1,37.0,15.0,208.28,0,0,0.0,1,1
C06032,12,one-year,none,credit-card,0,1,40.0,33.15,392.06,1,0,0.0,0,0
C06033,36,one-year,none,electronic-check,0,4,27.0,32.74,1293.66,1,0,0.0,0,0
C06034,3,month-to-month,dsl,credit-card,1,2,32.0,48.58,140.43,1,0,54.4,0,0
C06035,26,two-year,none,mailed-check,0,2,19.0,22.92,654.97,0,1,0.0,0,0
C06036,40,month-to-month,fiber,electronic-check,0,3,,61.95,2609.02,3,2,277.2,1,1
C06037,48,one-year,fiber,bank-transfer,0,4,22.0,76.58,3552.6,1,1,280.8,0,0
C06038,2,month-to-month,fiber,electronic-check,1,2,36.0,71.59,147.04,1,1,251.2,1,1
C06039,17,one-year,dsl,electronic-check,1,1,40.0,41.51,662.97,0,1,39.1,0,0
C06040,12,two-year,none,electronic-check,0,3,52.0,37.78,418.22,0,0,0.0,0,0
C06041,16,month-to-month,dsl,mailed-check,1,2,51.0,41.9,709.84,0,1,79.3,0,0
C06042,55,one-year,dsl,electronic-check,0,2,54.0,52.17,3020.84,1,0,50.3,0,0
C06043,12,one-year,dsl,electronic-check,0,3,40.0,50.75,605.29,0,1,51.0,0,0
C06044,40,month-to-month,dsl,electronic-check,0,2,55.0,57.38,2390.27,0,2,109.8,1,1
C06045,26,month-to-month,dsl,bank-transfer,0,1,18.0,57.13,1480.21,1,0,40.9,0,0
C06046,15,one-year,dsl,electronic-check,0,3,54.0,64.66,997.62,1,1,45.9,0,0
C06047,14,month-to-month,dsl,electronic-check,1,1,44.0,45.47,584.23,1,1,64.0,0,0
C06048,28,month-to-month,dsl,mailed-check,0,1,59.0,44.61,1275.02,1,0,189.6,0,0
C06049,22,two-year,none,bank-transfer,0,2,18.0,24.07,577.41,0,1,0.0,0,0
C06050,4,one-year,dsl,credit-card,0,2,59.0,41.27,150.28,0,0,38.5,0,0
C06051,10,one-year,fiber,bank-transfer,0,1,21.0,72.08,777.39,1,0,195.5,0,0
C06052,28,one-year,dsl,bank-transfer,0,4,62.0,42.88,1167.85,0,0,138.5,0,0
C06053,8,month-to-month,none,bank-transfer,0,1,32.0,16.7,129.63,1,1,0.0,0,0
C06054,44,one-year,fiber,electronic-check,0,1,51.0,77.79,3555.97,0,1,161.3,0,0
C06055,6,month-to-month,none,mailed-check,0,2,44.0,15.0,97.17,1,1,0.0,1,1
C06056,19,month-to-month,dsl,credit-card,0,2,60.0,53.7,950.55,0,0,57.4,0,0
C06057,36,one-year,fiber,mailed-check,0,1,47.0,70.94,2519.22,1,0,406.3,1,1
C06058,9,two-year,dsl,electronic-check,0,2,69.0,45.29,375.95,0,4,73.1,1,1
C06059,7,month-to-month,fiber,credit-card,1,1,34.0,56.49,375.04,1,0,225.6,1,1
C06060,32,two-year,fiber,credit-card,0,3,29.0,61.39,1986.08,0,0,121.1,0,0
C06061,41,one-year,fiber,mailed-check,0,2,35.0,66.08,2964.74,0,1,380.2,1,0
C06062,20,month-to-month,dsl,electronic-check,0,2,54.0,43.55,843.17,0,1,109.3,1,1
C06063,16,month-to-month,dsl,credit-card,1,3,55.0,43.27,627.13,2,2,101.6,0,0
C06064,5,month-to-month,dsl,electronic-check,0,2,26.0,57.77,303.35,1,1,71.9,1,1
C06065,24,one-year,dsl,credit-card,1,3,,47.89,1037.26,1,0,69.6,0,0
C06066,4,month-to-month,fiber,electronic-check,0,1,49.0,68.46,262.32,1,0,330.8,1,1
C06067,55,month-to-month,none,credit-card,0,2,64.0,17.88,999.05,0,0,0.0,0,0
C06068,20,month-to-month,none,bank-transfer,0,3,34.0,34.1,620.01,0,0,0.0,1,1
C06069,10,two-year,dsl,bank-transfer,0,4,24.0,61.48,638.15,0,0,164.4,0,0
C06070,14,month-to-month,fiber,bank-transfer,0,1,60.0,73.11,987.31,1,0,201.3,0,0
C06071,26,month-to-month,none,credit-card,0,2,19.0,15.0,365.96,1,0,,1,1
C06072,16,month-to-month,none,electronic-check,0,3,53.0,23.71,346.65,1,1,0.0,0,0
C06073,22,month-to-month,fiber,electronic-check,0,1,18.0,72.2,1685.61,1,2,225.3,0,0
C06074,9,month-to-month,fiber,electronic-check,0,2,43.0,64.63,542.17,0,0,,0,0
C06075,48,one-year,fiber,mailed-check,0,1,40.0,61.7,3207.43,2,0,290.1,0,0
C06076,14,one-year,dsl,electronic-check,0,4,33.0,64.19,822.77,0,2,128.2,1,1
C06077,2,month-to-month,dsl,credit-card,1,1,67.0,42.44,81.73,1,0,107.3,0,0
C06078,17,two-year,fiber,credit-card,1,1,44.0,65.71,1211.37,1,0,432.8,0,0
C06079,12,month-to-month,fiber,electronic-check,0,2,42.0,68.86,818.98,0,0,253.4,0,0
C06080,46,two-year,dsl,electronic-check,1,2,41.0,47.12,1954.5,2,0,53.9,0,0
C06081,10,month-to-month,dsl,mailed-check,1,1,33.0,33.81,311.44,3,0,164.0,0,0
C06082,16,two-year,dsl,credit-card,0,4,72.0,56.09,880.55,0,0,50.7,0,0
C06083,26,two-year,fiber,credit-card,0,1,39.0,69.15,1957.51,2,0,158.9,0,0
C06084,34,two-year,dsl,electronic-check,1,3,73.0,52.27,1614.36,0,0,86.0,0,0
C06085,58,month-to-month,none,mailed-check,0,3,33.0,33.77,2117.8,1,0,0.0,0,0
C06086,11,month-to-month,fiber,bank-transfer,0,2,45.0,67.21,728.75,2,0,212.7,1,1
C06087,53,two-year,dsl,bank-transfer,1,2,38.0,53.7,2880.74,1,0,41.1,0,0
C06088,45,month-to-month,fiber,mailed-check,1,2,33.0,64.89,2872.2,0,0,189.4,0,0
C06089,12,month-to-month,fiber,bank-transfer,1,3,42.0,65.5,775.87,2,0,118.8,0,0
C06090,11,month-to-month,none,electronic-check,0,2,70.0,31.77,358.78,1,2,0.0,1,1
C06091,30,month-to-month,none,mailed-check,0,1,64.0,15.0,458.54,0,0,0.0,0,0
C06092,22,month-to-month,fiber,credit-card,1,2,45.0,64.28,1464.28,1,0,139.4,0,0
C06093,30,month-to-month,fiber,credit-card,0,3,24.0,74.9,2117.37,3,0,129.2,0,0
C06094,17,one-year,fiber,mailed-check,1,4,50.0,65.4,1192.15,3,0,188.4,0,0
C06095,24,month-to-month,dsl,bank-transfer,0,1,37.0,40.24,1022.13,0,0,76.5,0,0
C06096,20,month-to-month,fiber,credit-card,1,1,31.0,59.56,1089.54,2,0,364.9,1,1
C06097,30,month-to-month,dsl,bank-transfer,1,1,55.0,42.65,1249.21,1,0,44.2,0,0
C06098,11,two-year,fiber,electronic-check,0,1,26.0,62.91,661.02,2,0,402.1,0,0
C06099,25,one-year,dsl,credit-card,1,2,47.0,46.03,1064.34,0,0,70.8,0,0
C06100,57,one-year,none,electronic-check,0,2,52.0,23.43,1386.9,2,3,0.0,0,0
C06101,55,one-year,fiber,credit-card,0,2,55.0,81.5,4895.02,1,0,132.3,0,0
C06102,27,one-year,dsl,credit-card,0,3,26.0,73.59,1834.42,1,0,75.8,0,0
C06103,10,month-to-month,none,credit-card,0,1,70.0,23.84,223.11,1,0,0.0,0,0
C06104,72,one-year,fiber,bank-transfer,0,4,49.0,77.22,5609.91,5,0,255.1,0,0
C06105,30,month-to-month,none,mailed-check,0,2,45.0,17.59,566.76,0,0,0.0,0,0
C06106,71,one-year,dsl,bank-transfer,0,1,25.0,38.91,2991.53,0,1,259.0,0,0
C06107,31,month-to-month,dsl,electronic-check,0,3,32.0,52.92,1619.77,0,0,86.4,0,0
C06108,1,two-year,dsl,credit-card,0,1,39.0,53.87,51.31,0,0,100.8,0,0
C06109,72,month-to-month,fiber,bank-transfer,0,2,44.0,61.58,4409.0,0,1,279.2,0,0
C06110,41,month-to-month,fiber,bank-transfer,0,2,50.0,72.67,3144.88,1,1,598.5,0,0
C06111,23,one-year,fiber,electronic-check,0,2,39.0,65.62,1374.49,5,1,251.0,1,1
C06112,4,month-to-month,dsl,electronic-check,0,1,66.0,52.48,222.57,1,1,57.9,1,1
C06113,44,month-to-month,none,electronic-check,0,2,39.0,21.78,870.09,3,1,0.0,0,0
C06114,31,two-year,fiber,bank-transfer,0,3,47.0,68.71,2099.35,1,0,132.1,0,0
C06115,72,one-year,fiber,mailed-check,0,2,62.0,64.24,5071.5,1,0,582.0,0,0
C06116,66,one-year,fiber,electronic-check,0,2,36.0,83.66,5948.54,2,2,314.2,0,0
C06117,69,month-to-month,none,mailed-check,0,2,24.0,24.38,1552.18,0,0,0.0,0,0
C06118,27,month-to-month,fiber,credit-card,0,3,38.0,83.49,2376.06,2,0,173.9,1,1
C06119,26,month-to-month,none,credit-card,0,4,58.0,37.54,888.18,0,1,0.0,0,0
C06120,31,one-year,fiber,electronic-check,1,1,46.0,69.6,2338.33,0,0,234.6,0,0
C06121,13,one-year,fiber,bank-transfer,0,2,,66.74,852.94,2,1,99.9,0,0
C06122,24,month-to-month,fiber,electronic-check,0,3,25.0,73.84,1906.92,2,0,137.6,1,1
C06123,20,month-to-month,dsl,credit-card,0,2,20.0,41.26,769.64,1,0,105.1,0,0
C06124,52,month-to-month,fiber,electronic-check,0,4,53.0,71.68,3921.5,1,3,826.2,0,0
C06125,60,month-to-month,none,credit-card,0,3,50.0,27.83,1525.04,0,1,0.0,0,0
C06126,37,month-to-month,dsl,bank-transfer,1,2,31.0,47.0,1794.84,0,0,124.4,0,0
C06127,11,month-to-month,fiber,credit-card,0,1,,63.55,741.17,0,1,531.2,1,1
C06128,72,month-to-month,dsl,mailed-check,1,5,42.0,70.88,5054.38,2,0,66.6,0,0
C06129,44,month-to-month,fiber,credit-card,0,1,44.0,79.55,3764.15,0,1,334.8,0,0
C06130,29,month-to-month,dsl,electronic-check,0,1,26.0,36.78,1158.64,0,1,50.6,1,1
C06131,35,month-to-month,dsl,credit-card,0,1,44.0,47.73,1635.55,2,0,89.9,0,0
C06132,6,two-year,none,credit-card,0,1,23.0,15.0,96.48,0,1,0.0,0,0
C06133,20,month-to-month,dsl,bank-transfer,0,1,35.0,31.44,616.4,1,2,140.5,1,1
C06134,55,month-to-month,fiber,credit-card,0,3,25.0,93.57,5389.69,1,2,90.1,0,0
C06135,6,month-to-month,fiber,bank-transfer,1,2,43.0,69.11,447.75,1,0,152.3,0,0
C06136,6,month-to-month,fiber,credit-card,0,2,35.0,66.65,412.79,2,0,522.6,1,1
C06137,44,month-to-month,dsl,electronic-check,0,2,65.0,56.81,2364.25,1,0,146.6,0,0
C06138,33,month-to-month,fiber,mailed-check,1,3,49.0,93.93,2843.13,6,0,261.7,1,0
C06139,6,month-to-month,fiber,electronic-check,0,3,25.0,77.13,435.45,0,3,323.7,1,1
C06140,19,two-year,none,credit-card,0,3,58.0,50.0,904.33,1,0,0.0,0,0
C06141,29,two-year,none,bank-transfer,0,2,42.0,24.57,742.26,1,0,0.0,0,0
C06142,27,month-to-month,fiber,credit-card,0,1,56.0,72.86,2104.63,1,0,284.2,1,0
C06143,31,month-to-month,none,bank-transfer,0,3,25.0,23.25,661.22,0,0,0.0,0,0
C06144,18,two-year,dsl,electronic-check,1,4,54.0,53.35,1053.65,1,2,70.0,1,1
C06145,28,month-to-month,fiber,credit-card,0,3,75.0,77.22,,1,1,260.7,0,0
C06146,37,two-year,none,credit-card,0,1,53.0,30.36,1141.49,0,0,0.0,0,0
C06147,35,one-year,none,electronic-check,0,1,36.0,15.79,561.49,0,0,0.0,0,0
C06148,18,month-to-month,dsl,bank-transfer,0,2,62.0,57.26,1097.8,0,0,113.8,0,0
C06149,40,month-to-month,dsl,credit-card,1,2,34.0,52.85,1905.9,0,0,103.9,0,0
C06150,10,month-to-month,fiber,mailed-check,1,2,52.0,67.64,668.3,1,0,467.9,0,0
C06151,14,two-year,dsl,credit-card,0,2,78.0,55.66,708.66,0,0,179.4,0,0
C06152,44,month-to-month,dsl,electronic-check,1,2,36.0,43.55,1902.66,0,1,186.6,0,0
C06153,39,one-year,dsl,credit-card,1,3,52.0,63.14,2450.44,0,1,51.0,0,0
C06154,19,month-to-month,fiber,mailed-check,0,5,75.0,83.09,1429.83,1,1,385.4,0,0
C06155,13,two-year,dsl,electronic-check,0,3,59.0,60.76,769.35,1,2,121.1,0,0
C06156,15,one-year,none,credit-card,0,1,55.0,21.66,323.46,0,0,0.0,0,0
C06157,36,month-to-month,none,mailed-check,0,1,18.0,20.71,781.43,3,0,0.0,0,0
C06158,31,month-to-month,fiber,credit-card,0,3,30.0,47.9,1508.42,3,0,262.9,0,0
C06159,13,month-to-month,fiber,mailed-check,0,5,58.0,80.45,1077.73,0,0,173.6,1,1
C06160,39,two-year,fiber,electronic-check,1,4,40.0,72.03,2948.14,0,2,494.6,0,0
C06161,19,one-year,dsl,credit-card,0,1,37.0,49.41,1021.82,0,0,94.1,0,0
C06162,11,month-to-month,fiber,bank-transfer,0,1,62.0,63.15,681.26,3,0,586.4,1,1
C06163,16,two-year,none,credit-card,0,1,,15.0,239.1,0,2,0.0,0,0
C06164,25,month-to-month,dsl,electronic-check,1,2,32.0,54.52,1498.45,2,1,98.3,0,0
C06165,38,month-to-month,fiber,electronic-check,0,3,56.0,73.67,2712.7,2,1,261.4,1,1
C06166,36,two-year,dsl,bank-transfer,1,6,30.0,69.53,2603.35,0,0,38.7,0,0
C06167,22,month-to-month,fiber,electronic-check,1,2,21.0,73.68,1749.6,1,0,360.0,0,0
C06168,27,two-year,fiber,mailed-check,0,3,49.0,77.02,1952.9,3,1,441.7,0,0
C06169,20,month-to-month,fiber,bank-transfer,0,3,26.0,91.11,1712.46,2,0,173.2,1,1
C06170,13,one-year,dsl,electronic-check,0,1,26.0,52.29,685.42,0,1,91.5,0,0
C06171,22,month-to-month,none,credit-card,0,2,29.0,25.56,594.27,1,0,0.0,0,0
C06172,4,month-to-month,fiber,mailed-check,0,4,47.0,82.64,,0,1,485.0,0,0
C06173,61,month-to-month,dsl,mailed-check,0,1,56.0,43.27,2388.47,0,0,38.4,0,0
C06174,27,one-year,fiber,mailed-check,0,3,40.0,71.11,1918.16,1,0,91.9,0,0
C06175,32,month-to-month,fiber,electronic-check,0,2,26.0,77.06,2385.8,3,1,369.9,0,0
C06176,13,month-to-month,dsl,bank-transfer,0,2,28.0,62.92,791.41,0,0,115.9,0,0
C06177,27,month-to-month,none,credit-card,0,5,21.0,38.68,953.38,2,0,0.0,0,0
C06178,30,month-to-month,none,bank-transfer,0,2,55.0,29.36,958.27,2,0,0.0,0,0
C06179,19,one-year,dsl,credit-card,0,1,31.0,37.74,759.04,0,0,147.7,0,0
C06180,20,one-year,dsl,electronic-check,1,1,48.0,50.18,911.16,0,1,92.2,0,0
C06181,7,one-year,fiber,bank-transfer,0,2,18.0,62.6,430.16,2,1,209.1,0,0
C06182,72,month-to-month,fiber,electronic-check,0,4,63.0,81.64,5420.44,1,0,663.9,0,0
C06183,13,month-to-month,none,electronic-check,0,2,44.0,28.57,370.9,1,1,0.0,0,0
C06184,15,month-to-month,dsl,credit-card,1,2,21.0,60.57,,1,1,74.8,1,0
C06185,63,month-to-month,fiber,electronic-check,1,1,35.0,48.55,2785.05,3,1,235.7,0,0
C06186,33,two-year,fiber,bank-transfer,1,2,47.0,82.85,2916.53,3,0,145.4,0,0
C06187,38,month-to-month,fiber,credit-card,0,4,31.0,89.73,,0,0,,1,0
C06188,7,two-year,dsl,bank-transfer,0,1,50.0,49.25,366.68,0,0,54.2,0,0
C06189,26,month-to-month,fiber,credit-card,0,1,63.0,62.55,1565.76,1,0,251.9,1,1
C06190,7,one-year,none,bank-transfer,0,1,58.0,28.56,213.85,2,0,0.0,0,0
C06191,12,one-year,dsl,credit-card,0,1,44.0,60.12,666.87,1,0,35.6,0,0
C06192,72,one-year,none,credit-card,0,2,66.0,22.89,1625.48,0,0,0.0,0,0
C06193,10,one-year,fiber,bank-transfer,0,1,47.0,76.67,829.48,2,0,255.5,0,0
C06194,37,month-to-month,fiber,bank-transfer,0,1,42.0,72.94,2596.26,3,1,175.9,0,0
C06195,11,one-year,fiber,electronic-check,0,1,43.0,75.03,766.41,1,0,205.8,0,0
C06196,12,month-to-month,fiber,credit-card,1,1,46.0,71.31,868.24,0,0,340.3,0,0
C06197,72,month-to-month,none,bank-transfer,0,1,51.0,20.2,1423.63,0,0,0.0,0,0
C06198,22,month-to-month,none,credit-card,0,1,31.0,15.0,304.0,1,0,0.0,0,0
C06199,7,month-to-month,fiber,credit-card,1,3,61.0,71.19,453.07,0,0,111.9,1,1
C06200,38,two-year,dsl,bank-transfer,1,1,64.0,50.54,2054.69,0,0,67.5,0,0
C06201,53,month-to-month,dsl,bank-transfer,0,3,81.0,53.48,3006.78,0,0,64.9,0,0
C06202,40,month-to-month,dsl,electronic-check,0,1,19.0,29.81,1104.79,0,1,48.6,0,0
C06203,20,month-to-month,fiber,electronic-check,0,2,45.0,65.32,1428.34,1,1,120.4,0,0
C06204,21,one-year,fiber,mailed-check,0,3,32.0,66.18,1283.32,1,0,278.4,0,0
C06205,15,one-year,fiber,mailed-check,1,1,54.0,67.11,940.32,0,1,183.3,0,0
C06206,9,two-year,none,credit-card,0,1,63.0,26.96,257.06,2,0,0.0,0,0
C06207,29,one-year,fiber,credit-card,0,5,45.0,86.82,2503.57,0,1,438.9,0,0
C06208,20,month-to-month,dsl,bank-transfer,0,2,40.0,38.19,742.9,1,0,30.2,0,0
C06209,7,month-to-month,none,electronic-check,0,1,37.0,17.01,108.75,1,1,0.0,1,1
C06210,22,month-to-month,fiber,electronic-check,1,2,42.0,61.71,1427.47,2,2,334.0,0,0
C06211,13,one-year,fiber,bank-transfer,0,3,50.0,73.97,915.56,0,0,332.3,0,0
C06212,28,two-year,fiber,mailed-check,0,1,50.0,71.2,2154.47,2,0,334.4,0,0
C06213,26,month-to-month,dsl,bank-transfer,1,1,67.0,45.89,1084.8,0,1,83.2,0,0
C06214,17,month-to-month,dsl,mailed-check,1,2,42.0,50.38,808.98,0,0,46.6,0,0
C06215,23,one-year,fiber,mailed-check,0,2,58.0,82.75,1939.42,0,0,233.2,0,0
C06216,24,one-year,fiber,bank-transfer,0,1,31.0,57.98,1399.14,2,0,60.0,0,0
C06217,44,one-year,dsl,credit-card,1,2,26.0,59.09,2692.98,0,0,,0,0
C06218,22,month-to-month,dsl,bank-transfer,0,3,60.0,52.76,1166.67,0,0,62.7,0,0
C06219,16,month-to-month,fiber,bank-transfer,0,2,51.0,90.21,1433.93,0,2,281.7,1,1
C06220,19,month-to-month,dsl,mailed-check,0,3,37.0,57.38,1061.07,1,0,45.3,0,0
C06221,70,month-to-month,fiber,mailed-check,0,2,31.0,55.73,3655.34,1,0,456.2,0,0
C06222,11,one-year,fiber,credit-card,1,1,38.0,62.11,718.42,2,0,253.3,0,0
C06223,20,month-to-month,fiber,credit-card,1,2,48.0,59.95,1236.91,0,0,442.2,1,1
C06224,20,month-to-month,dsl,electronic-check,0,1,47.0,62.19,1207.82,0,4,157.9,0,0
C06225,20,two-year,dsl,electronic-check,1,1,23.0,39.41,718.51,1,1,38.6,0,0
C06226,8,month-to-month,dsl,electronic-check,1,6,26.0,80.11,653.74,2,0,79.8,1,1
C06227,19,month-to-month,fiber,bank-transfer,1,2,47.0,77.72,1519.78,0,0,,0,0
C06228,15,two-year,fiber,credit-card,1,2,,60.77,1000.18,1,0,154.5,0,0
C06229,28,month-to-month,fiber,credit-card,0,3,33.0,62.91,1608.37,0,0,374.5,0,0
C06230,48,one-year,fiber,credit-card,0,1,24.0,72.98,3189.69,1,0,245.3,0,0
C06231,30,month-to-month,dsl,bank-transfer,1,3,45.0,52.34,1642.79,2,2,101.0,0,0
C06232,25,two-year,dsl,credit-card,1,1,18.0,45.16,1241.22,0,0,81.6,0,0
C06233,32,month-to-month,fiber,bank-transfer,0,4,39.0,81.36,2791.05,1,0,268.1,0,0
C06234,27,month-to-month,fiber,electronic-check,0,4,54.0,56.67,1620.9,1,0,198.0,0,0
C06235,23,two-year,fiber,credit-card,0,2,41.0,69.44,1726.76,2,2,439.1,0,0
C06236,43,one-year,dsl,mailed-check,0,2,21.0,59.19,2503.86,0,0,106.2,0,0
C06237,18,month-to-month,fiber,credit-card,1,2,68.0,55.93,932.12,1,1,117.5,1,1
C06238,8,month-to-month,dsl,electronic-check,0,3,45.0,61.54,465.73,1,1,101.7,0,0
C06239,15,month-to-month,fiber,credit-card,0,3,48.0,73.26,1113.97,0,0,230.1,1,1
C06240,13,month-to-month,fiber,electronic-check,1,2,58.0,60.9,721.19,3,0,319.4,0,0
C06241,72,month-to-month,fiber,credit-card,0,3,42.0,77.77,5724.28,3,0,242.4,0,0
C06242,50,month-to-month,fiber,bank-transfer,0,4,,79.86,4153.65,2,0,278.8,0,0
C06243,25,two-year,dsl,mailed-check,0,1,63.0,55.9,1345.31,1,0,119.0,0,0
C06244,13,one-year,fiber,credit-card,1,3,33.0,70.53,945.73,2,0,463.1,0,0
C06245,42,two-year,fiber,electronic-check,1,2,59.0,80.31,3627.64,2,0,255.7,0,0
C06246,25,month-to-month,fiber,electronic-check,0,3,28.0,74.7,1868.44,4,0,279.8,1,1
C06247,18,month-to-month,fiber,bank-transfer,1,3,,78.46,1405.06,0,0,592.6,0,0
C06248,25,one-year,none,credit-card,0,1,49.0,17.19,457.62,2,0,0.0,0,0
C06249,19,month-to-month,none,electronic-check,0,1,66.0,15.0,279.08,1,0,0.0,0,0
C06250,32,month-to-month,fiber,mailed-check,1,2,47.0,77.55,2628.05,1,0,144.3,0,0
C06251,8,two-year,fiber,credit-card,1,2,24.0,69.63,595.82,1,1,243.5,1,1
C06252,32,one-year,dsl,electronic-check,1,2,56.0,47.37,1427.15,0,0,127.6,0,0
C06253,19,month-to-month,dsl,electronic-check,1,2,33.0,57.96,1156.79,2,1,174.8,0,0
C06254,43,month-to-month,dsl,electronic-check,1,3,54.0,66.98,2707.18,1,1,38.9,0,0
C06255,51,month-to-month,fiber,electronic-check,0,1,49.0,60.75,3254.42,2,0,171.2,0,0
C06256,58,one-year,fiber,credit-card,0,2,22.0,83.14,4667.4,2,0,289.5,0,0
C06257,72,month-to-month,fiber,bank-transfer,1,5,50.0,78.75,5642.27,2,0,209.2,0,0
C06258,57,two-year,fiber,mailed-check,0,2,26.0,71.7,3806.29,0,0,252.0,0,0
C06259,42,month-to-month,dsl,electronic-check,1,2,65.0,56.89,2469.4,1,1,79.3,0,0
C06260,9,month-to-month,none,credit-card,0,2,21.0,15.0,146.78,0,0,0.0,0,0
C06261,2,one-year,fiber,electronic-check,0,2,43.0,62.18,125.73,1,1,572.6,0,0
C06262,46,two-year,dsl,credit-card,0,3,31.0,51.56,2436.01,0,0,78.4,1,0
C06263,11,two-year,fiber,credit-card,1,2,66.0,72.13,816.26,1,0,206.7,0,0
C06264,72,month-to-month,fiber,credit-card,0,1,22.0,65.0,4642.03,3,0,292.6,0,0
C06265,6,month-to-month,dsl,credit-card,1,2,80.0,30.23,189.33,0,0,94.4,0,0
C06266,41,one-year,fiber,bank-transfer,0,2,40.0,66.84,2906.28,3,0,848.8,0,0
C06267,27,two-year,none,bank-transfer,0,1,37.0,15.0,390.09,0,1,0.0,0,0
C06268,6,two-year,none,electronic-check,0,1,57.0,15.01,97.98,1,0,0.0,0,0
C06269,27,month-to-month,fiber,mailed-check,0,2,44.0,67.18,1827.4,2,0,184.5,0,1
C06270,13,one-year,fiber,bank-transfer,0,1,32.0,66.64,901.26,0,0,208.6,0,0
C06271,22,month-to-month,fiber,credit-card,0,4,34.0,76.33,1781.41,2,1,153.3,0,0
C06272,22,month-to-month,none,mailed-check,0,2,38.0,25.16,501.33,1,0,0.0,0,0
C06273,13,month-to-month,fiber,credit-card,0,1,35.0,60.57,854.12,1,0,130.9,0,1
C06274,17,month-to-month,dsl,bank-transfer,0,6,57.0,72.57,1312.97,0,2,91.7,0,0
C06275,12,month-to-month,fiber,credit-card,0,1,46.0,54.47,600.03,3,0,444.3,0,0
C06276,4,month-to-month,dsl,mailed-check,0,1,52.0,44.35,162.05,1,0,124.2,0,0
C06277,25,one-year,fiber,bank-transfer,0,1,39.0,55.75,1278.25,1,0,234.5,0,0
C06278,57,one-year,none,mailed-check,0,4,55.0,31.68,1948.11,0,0,0.0,0,0
C06279,12,month-to-month,dsl,mailed-check,1,2,35.0,51.55,633.35,1,1,,0,0
C06280,72,one-year,fiber,mailed-check,1,2,31.0,62.7,4113.04,2,1,555.4,0,0
C06281,72,month-to-month,fiber,electronic-check,1,3,37.0,73.85,5776.93,1,0,178.0,0,0
C06282,16,month-to-month,dsl,electronic-check,1,2,66.0,47.03,778.61,0,2,116.2,1,1
C06283,20,two-year,dsl,mailed-check,1,3,36.0,71.31,1375.64,1,0,61.1,0,0
C06284,17,month-to-month,none,credit-card,0,2,37.0,27.68,488.76,0,0,0.0,1,1
C06285,9,month-to-month,fiber,electronic-check,0,2,48.0,73.85,723.96,2,1,471.5,1,1
C06286,20,one-year,none,credit-card,0,5,43.0,32.84,603.6,1,0,0.0,0,0
C06287,18,month-to-month,fiber,bank-transfer,1,3,29.0,54.78,1053.93,1,0,525.4,0,0
C06288,25,month-to-month,none,bank-transfer,0,3,27.0,24.96,632.52,1,0,0.0,0,0
C06289,26,one-year,none,mailed-check,0,2,56.0,15.0,378.11,0,1,0.0,0,0
C06290,8,one-year,dsl,bank-transfer,0,2,27.0,51.57,423.32,0,0,189.8,0,0
C06291,35,month-to-month,none,electronic-check,0,2,58.0,26.99,986.8,1,1,0.0,1,0
C06292,19,two-year,fiber,electronic-check,0,3,38.0,76.44,1564.83,0,0,96.5,0,0
C06293,10,month-to-month,dsl,electronic-check,0,6,18.0,69.19,687.53,0,0,38.1,0,0
C06294,19,month-to-month,fiber,credit-card,1,1,55.0,57.67,1156.01,2,0,337.7,0,0
C06295,26,month-to-month,fiber,electronic-check,0,1,57.0,58.93,1586.38,3,0,158.2,0,0
C06296,64,month-to-month,dsl,electronic-check,0,2,54.0,53.08,3106.63,0,2,77.9,0,0
C06297,57,two-year,none,mailed-check,0,1,38.0,35.7,2111.94,1,0,0.0,0,0
C06298,15,one-year,none,mailed-check,0,2,40.0,26.72,411.02,1,0,0.0,0,0
C06299,20,month-to-month,dsl,credit-card,0,1,38.0,47.71,926.13,0,1,122.9,0,0
C06300,12,month-to-month,none,credit-card,0,3,34.0,44.99,488.12,0,1,0.0,1,1
C06301,30,month-to-month,dsl,electronic-check,0,2,49.0,49.65,1435.85,0,0,115.1,0,0
C06302,16,one-year,dsl,bank-transfer,0,1,42.0,37.28,631.9,0,0,75.6,0,0
C06303,20,month-to-month,fiber,electronic-check,1,2,38.0,72.81,1543.82,2,1,158.5,0,0
C06304,47,two-year,dsl,electronic-check,0,2,34.0,63.05,2927.24,0,0,50.1,0,0
C06305,8,month-to-month,dsl,credit-card,0,2,47.0,57.0,491.59,1,0,109.3,1,1
C06306,57,month-to-month,dsl,mailed-check,0,2,64.0,51.56,3111.98,0,0,72.7,0,0
C06307,32,two-year,dsl,credit-card,0,3,47.0,39.57,1296.05,0,0,,0,0
C06308,55,two-year,none,mailed-check,0,3,25.0,17.61,1033.08,2,0,0.0,0,0
C06309,39,month-to-month,none,bank-transfer,0,2,45.0,27.66,1108.53,0,1,0.0,0,0
C06310,44,month-to-month,dsl,mailed-check,0,3,52.0,52.18,2323.62,1,0,205.0,1,0
C06311,24,two-year,dsl,credit-card,0,1,56.0,44.23,1040.91,2,0,255.8,0,0
C06312,10,one-year,dsl,bank-transfer,0,3,53.0,62.79,600.24,0,0,83.6,0,0
C06313,14,one-year,dsl,credit-card,1,1,47.0,34.94,452.54,2,0,124.9,0,0
C06314,12,one-year,dsl,electronic-check,0,1,86.0,40.0,488.27,2,0,38.8,0,0
C06315,3,two-year,none,mailed-check,0,1,27.0,29.6,87.48,2,0,0.0,1,0
C06316,47,month-to-month,none,electronic-check,0,1,67.0,15.0,683.86,0,0,0.0,0,0
C06317,22,month-to-month,dsl,electronic-check,0,2,53.0,59.29,1241.94,0,0,132.0,0,0
C06318,11,month-to-month,fiber,credit-card,1,2,79.0,72.82,829.35,0,0,186.9,0,0
C06319,72,one-year,dsl,mailed-check,0,2,23.0,48.99,3834.67,0,0,58.6,0,0
C06320,72,month-to-month,none,bank-transfer,0,1,68.0,21.17,1460.93,0,0,0.0,0,0
C06321,7,month-to-month,none,electronic-check,0,1,70.0,22.95,151.01,1,2,0.0,1,1
C06322,20,one-year,none,credit-card,0,3,43.0,35.26,698.92,0,1,0.0,0,0
C06323,19,month-to-month,dsl,electronic-check,1,2,32.0,33.7,628.15,2,1,106.1,0,0
C06324,11,two-year,dsl,bank-transfer,0,2,77.0,60.13,694.6,0,0,104.2,0,0
C06325,46,month-to-month,fiber,bank-transfer,0,1,33.0,66.96,2802.9,0,0,327.8,0,0
C06326,3,one-year,dsl,credit-card,0,4,61.0,69.21,209.0,2,0,89.5,1,1
C06327,70,one-year,fiber,electronic-check,0,1,67.0,68.58,5211.28,0,0,298.1,0,0
C06328,25,month-to-month,none,credit-card,0,2,43.0,42.47,1164.19,1,0,0.0,0,0
C06329,72,month-to-month,fiber,mailed-check,0,1,42.0,59.3,4164.67,4,1,98.7,1,1
C06330,23,month-to-month,none,electronic-check,0,1,71.0,32.94,681.98,1,2,0.0,0,0
C06331,19,one-year,dsl,mailed-check,1,3,40.0,48.1,955.72,1,0,99.3,0,0
C06332,49,one-year,fiber,bank-transfer,0,2,37.0,74.36,3457.74,1,0,258.3,0,0
C06333,72,month-to-month,dsl,electronic-check,0,2,18.0,58.49,4322.18,1,2,54.6,0,0
C06334,71,month-to-month,dsl,bank-transfer,0,4,62.0,60.15,4247.26,1,1,76.4,0,0
C06335,5,two-year,dsl,mailed-check,0,2,39.0,34.41,176.11,2,2,84.2,0,0
C06336,59,month-to-month,dsl,bank-transfer,0,1,57.0,46.07,2636.06,0,0,28.9,0,0
C06337,18,two-year,dsl,bank-transfer,0,3,43.0,51.23,844.33,1,0,88.3,0,0
C06338,21,month-to-month,fiber,bank-transfer,1,4,65.0,87.22,1998.14,2,0,230.4,1,1
C06339,18,month-to-month,none,bank-transfer,0,1,66.0,15.0,290.17,0,1,0.0,0,0
C06340,14,month-to-month,none,mailed-check,0,2,30.0,20.64,302.38,0,0,0.0,0,0
C06341,20,month-to-month,dsl,credit-card,0,3,38.0,49.61,935.56,0,0,,1,1
C06342,10,two-year,fiber,electronic-check,0,4,54.0,77.5,837.98,1,0,244.1,0,0
C06343,59,one-year,dsl,bank-transfer,1,3,66.0,55.68,3073.25,1,0,37.1,1,0
C06344,39,one-year,fiber,credit-card,1,2,47.0,74.57,2834.58,0,0,177.3,0,0
C06345,28,one-year,none,mailed-check,0,1,48.0,23.95,727.57,0,0,0.0,0,0
C06346,18,one-year,fiber,electronic-check,0,2,50.0,59.77,1043.97,3,0,124.0,0,0
C06347,15,one-year,fiber,mailed-check,0,3,32.0,68.07,926.24,2,0,230.2,0,0
C06348,33,one-year,fiber,bank-transfer,0,1,38.0,60.31,2053.23,1,0,171.5,0,0
C06349,29,two-year,dsl,electronic-check,0,2,42.0,47.2,1443.91,0,0,58.1,0,0
C06350,51,one-year,dsl,electronic-check,1,3,60.0,48.07,2421.69,2,1,117.7,0,0
C06351,15,month-to-month,dsl,electronic-check,1,4,72.0,54.0,851.27,1,0,46.4,0,0
C06352,14,month-to-month,fiber,credit-card,0,5,31.0,95.38,1380.98,3,0,189.3,1,1
C06353,38,month-to-month,none,credit-card,0,2,56.0,27.47,1001.09,0,0,0.0,0,0
C06354,44,month-to-month,fiber,credit-card,0,1,48.0,56.16,2326.29,1,0,192.7,0,0
C06355,72,month-to-month,fiber,electronic-check,0,2,37.0,73.2,5292.24,1,1,90.5,0,0
C06356,5,month-to-month,dsl,electronic-check,1,3,31.0,51.7,248.24,0,0,93.5,0,0
C06357,61,month-to-month,dsl,electronic-check,1,4,48.0,74.78,4647.61,0,1,150.0,0,0
C06358,26,two-year,dsl,credit-card,0,4,36.0,54.96,1567.99,0,1,77.5,0,0
C06359,16,one-year,fiber,electronic-check,1,2,51.0,66.04,988.5,1,3,264.1,0,0
C06360,33,month-to-month,dsl,credit-card,1,1,30.0,42.63,1427.01,2,2,58.6,1,1
C06361,32,two-year,fiber,mailed-check,0,2,,61.16,1831.98,0,0,179.4,0,0
C06362,16,two-year,dsl,bank-transfer,0,2,61.0,53.71,774.47,0,0,112.6,0,0
C06363,5,two-year,fiber,electronic-check,0,1,48.0,65.37,358.45,0,0,158.5,0,0
C06364,62,month-to-month,dsl,credit-card,0,1,48.0,47.72,3117.05,2,0,55.4,0,0
C06365,13,month-to-month,fiber,bank-transfer,0,1,37.0,65.23,796.9,0,0,86.8,0,0
C06366,11,month-to-month,fiber,bank-transfer,0,1,56.0,66.47,690.5,3,0,143.2,0,0
C06367,14,one-year,fiber,bank-transfer,0,3,42.0,87.98,1120.07,2,0,181.7,1,1
C06368,42,one-year,dsl,credit-card,1,2,57.0,54.4,2319.89,0,0,39.1,0,0
C06369,18,one-year,fiber,bank-transfer,0,1,38.0,50.64,992.11,2,0,228.3,0,0
C06370,14,one-year,dsl,credit-card,0,3,29.0,57.5,770.24,0,0,100.2,0,0
C06371,31,two-year,fiber,mailed-check,0,4,34.0,89.33,2735.26,1,0,162.4,0,0
C06372,28,one-year,fiber,bank-transfer,0,3,51.0,56.47,1493.16,1,0,241.4,0,0
C06373,15,two-year,dsl,bank-transfer,0,5,,55.69,907.21,0,1,67.6,0,0
C06374,5,two-year,fiber,electronic-check,1,2,72.0,74.81,409.34,0,0,502.0,0,0
C06375,41,month-to-month,dsl,electronic-check,0,4,25.0,67.77,2756.18,0,2,37.7,0,0
C06376,29,two-year,dsl,credit-card,0,2,43.0,51.38,1394.13,0,0,131.5,0,0
C06377,3,month-to-month,dsl,electronic-check,1,2,63.0,53.5,169.33,1,1,103.0,1,1
C06378,68,month-to-month,dsl,mailed-check,0,2,49.0,60.96,4314.03,0,0,51.3,0,0
C06379,3,two-year,fiber,bank-transfer,0,3,40.0,70.89,196.81,1,0,234.1,0,0
C06380,12,month-to-month,fiber,credit-card,0,2,62.0,62.46,811.11,0,0,269.5,1,1
C06381,13,month-to-month,fiber,credit-card,0,1,31.0,62.99,891.58,0,1,424.4,0,0
C06382,15,two-year,none,mailed-check,0,1,41.0,21.4,294.06,1,0,0.0,0,0
C06383,15,month-to-month,fiber,credit-card,0,2,21.0,72.52,994.67,2,0,103.9,1,1
C06384,8,month-to-month,fiber,credit-card,1,4,58.0,86.18,741.36,4,0,252.5,0,0
C06385,27,month-to-month,dsl,mailed-check,0,3,53.0,68.32,1748.96,1,0,126.2,1,1
C06386,46,month-to-month,dsl,mailed-check,1,2,53.0,51.48,2352.78,1,0,237.8,0,0
C06387,26,month-to-month,none,bank-transfer,0,1,47.0,15.0,387.64,1,0,0.0,0,0
C06388,30,month-to-month,fiber,credit-card,1,2,46.0,63.83,1803.9,0,0,570.2,0,0
C06389,18,two-year,none,electronic-check,0,1,47.0,21.1,382.13,0,1,0.0,0,0
C06390,26,month-to-month,dsl,electronic-check,0,4,50.0,71.63,1748.72,0,0,36.3,0,0
C06391,31,one-year,dsl,credit-card,1,2,47.0,55.23,1868.39,3,1,195.1,0,0
C06392,39,month-to-month,fiber,credit-card,1,2,31.0,62.88,2220.67,1,0,164.3,0,0
C06393,14,month-to-month,fiber,mailed-check,0,1,18.0,59.79,864.76,1,0,369.6,1,1
C06394,12,one-year,fiber,electronic-check,0,2,76.0,67.66,881.32,2,1,,1,1
C06395,2,month-to-month,dsl,bank-transfer,0,3,35.0,55.59,111.91,1,0,155.8,1,1
C06396,72,month-to-month,fiber,mailed-check,0,3,42.0,72.82,5671.7,1,0,280.3,0,0
C06397,72,month-to-month,fiber,electronic-check,0,3,62.0,68.0,5223.7,4,3,180.0,1,1
C06398,22,month-to-month,fiber,mailed-check,0,2,50.0,63.98,1316.05,2,0,159.1,1,1
C06399,23,month-to-month,none,credit-card,0,1,24.0,19.41,413.03,0,1,0.0,0,0
C06400,64,month-to-month,fiber,bank-transfer,0,3,28.0,76.68,4843.89,4,0,168.9,0,0
C06401,8,month-to-month,fiber,electronic-check,0,3,58.0,67.22,529.22,1,0,109.4,1,1
C06402,11,month-to-month,dsl,bank-transfer,1,2,54.0,52.57,632.0,0,0,48.4,0,0
C06403,67,month-to-month,none,bank-transfer,0,1,37.0,34.52,2316.98,0,0,0.0,0,0
C06404,18,two-year,dsl,electronic-check,0,2,44.0,51.65,977.68,0,1,71.7,0,0
C06405,10,month-to-month,dsl,electronic-check,1,2,46.0,52.18,473.38,2,3,100.3,1,1
C06406,33,one-year,fiber,credit-card,1,1,49.0,54.03,1864.28,2,0,182.4,0,0
C06407,14,one-year,fiber,bank-transfer,0,1,51.0,70.9,1060.98,1,0,,0,0
C06408,59,month-to-month,fiber,electronic-check,0,3,39.0,70.37,4054.85,1,1,372.3,1,1
C06409,25,month-to-month,fiber,electronic-check,0,1,56.0,73.56,1830.37,1,0,187.6,0,0
C06410,14,month-to-month,fiber,bank-transfer,0,1,54.0,79.41,,2,0,161.3,0,0
C06411,15,month-to-month,dsl,credit-card,1,3,58.0,49.58,700.21,0,1,49.5,0,0
C06412,32,month-to-month,fiber,credit-card,0,2,57.0,64.83,2026.63,1,1,163.4,0,0
C06413,20,month-to-month,dsl,electronic-check,1,1,56.0,49.26,979.58,1,1,116.4,0,0
C06414,18,two-year,fiber,electronic-check,1,2,38.0,59.84,1009.25,1,2,200.5,0,0
C06415,40,one-year,none,electronic-check,0,4,43.0,35.79,1571.03,1,2,0.0,0,0
C06416,65,month-to-month,none,electronic-check,0,2,32.0,22.69,1426.24,1,1,0.0,1,1
C06417,36,two-year,fiber,credit-card,1,1,48.0,64.36,2305.47,1,0,460.4,0,0
C06418,13,month-to-month,fiber,bank-transfer,0,2,33.0,53.84,654.86,0,1,191.8,1,1
C06419,9,month-to-month,none,bank-transfer,0,2,52.0,29.05,285.03,2,0,0.0,0,0
C06420,38,month-to-month,none,bank-transfer,0,2,63.0,44.66,1779.51,0,0,0.0,0,0
C06421,36,two-year,fiber,credit-card,1,4,45.0,76.69,2525.5,0,0,261.0,0,0
C06422,17,month-to-month,fiber,credit-card,1,2,37.0,58.48,997.43,1,0,188.0,0,0
C06423,20,one-year,none,mailed-check,0,1,52.0,26.4,518.22,0,0,0.0,0,0
C06424,13,one-year,dsl,electronic-check,0,2,60.0,43.05,592.81,0,1,112.6,1,0
C06425,9,month-to-month,dsl,mailed-check,0,1,34.0,45.24,377.64,0,0,81.5,0,0
C06426,14,month-to-month,fiber,electronic-check,1,1,47.0,59.32,792.45,3,0,171.2,1,1
C06427,1,month-to-month,none,electronic-check,0,1,50.0,15.0,15.76,0,0,0.0,0,0
C06428,52,one-year,dsl,credit-card,1,2,41.0,52.49,2511.83,0,0,162.0,0,0
C06429,7,month-to-month,dsl,credit-card,1,5,53.0,59.48,442.29,2,1,131.4,1,1
C06430,23,month-to-month,dsl,electronic-check,1,1,20.0,32.21,792.25,2,0,224.3,0,0
C06431,3,month-to-month,fiber,bank-transfer,0,1,50.0,67.34,194.61,0,0,281.9,0,0
C06432,35,one-year,fiber,credit-card,0,2,72.0,92.98,3450.67,2,0,326.3,0,0
C06433,43,one-year,dsl,electronic-check,1,2,53.0,58.14,2353.64,1,0,28.6,0,0
C06434,24,month-to-month,dsl,credit-card,0,2,46.0,49.69,1205.25,1,1,119.0,1,1
C06435,22,month-to-month,none,credit-card,0,5,27.0,64.26,1316.89,1,0,0.0,0,0
C06436,13,month-to-month,dsl,mailed-check,0,1,40.0,30.94,392.3,0,1,183.7,0,0
C06437,51,month-to-month,fiber,electronic-check,0,1,50.0,69.6,3317.67,2,1,72.4,0,0
C06438,5,month-to-month,fiber,bank-transfer,1,1,46.0,79.66,417.43,2,0,107.1,0,0
C06439,16,one-year,dsl,credit-card,1,2,26.0,41.85,,0,1,118.7,0,0
C06440,12,month-to-month,fiber,mailed-check,1,1,49.0,67.41,735.03,0,0,274.4,1,1
C06441,12,month-to-month,dsl,mailed-check,0,1,32.0,39.96,516.21,0,0,42.5,0,0
C06442,50,month-to-month,fiber,credit-card,0,1,36.0,62.28,3232.97,1,2,308.8,0,0
C06443,21,month-to-month,fiber,bank-transfer,1,2,58.0,73.28,1390.02,3,0,214.8,0,0
C06444,13,one-year,fiber,electronic-check,1,1,41.0,50.88,704.19,0,1,160.3,0,0
C06445,29,one-year,dsl,credit-card,1,3,35.0,46.95,1308.64,2,0,54.1,0,0
C06446,28,month-to-month,fiber,bank-transfer,0,3,30.0,75.31,1925.9,1,0,164.8,0,0
C06447,42,month-to-month,dsl,credit-card,0,2,34.0,35.96,1399.6,0,0,59.5,0,0
C06448,32,one-year,fiber,credit-card,0,2,37.0,67.05,2339.91,1,0,108.5,0,0
C06449,22,one-year,none,electronic-check,0,1,58.0,15.0,338.94,1,1,0.0,0,0
C06450,23,two-year,dsl,bank-transfer,0,5,45.0,53.29,1344.62,0,0,191.5,0,0
C06451,31,two-year,dsl,electronic-check,0,2,63.0,57.37,1940.67,2,0,154.7,0,0
C06452,10,two-year,none,credit-card,0,1,27.0,20.79,196.82,2,0,0.0,0,0
C06453,27,two-year,none,bank-transfer,0,2,64.0,23.26,596.95,1,0,0.0,0,0
C06454,64,two-year,none,mailed-check,0,1,43.0,16.48,1101.98,0,0,0.0,1,1
C06455,24,one-year,fiber,bank-transfer,0,2,42.0,72.52,1719.3,1,0,349.6,1,1
C06456,17,one-year,fiber,bank-transfer,1,5,41.0,81.18,1277.3,1,0,205.8,0,0
C06457,17,one-year,dsl,bank-transfer,0,3,79.0,48.97,805.89,0,0,212.4,0,0
C06458,30,month-to-month,dsl,mailed-check,1,3,38.0,63.37,1715.16,2,0,92.0,0,0
C06459,26,month-to-month,dsl,electronic-check,1,1,76.0,40.07,1002.19,1,2,90.1,1,1
C06460,36,two-year,dsl,credit-card,0,1,58.0,55.73,1944.77,1,1,55.6,0,0
C06461,14,month-to-month,fiber,credit-card,0,1,28.0,60.56,783.42,2,1,611.9,1,1
C06462,20,month-to-month,fiber,electronic-check,0,3,31.0,81.0,1652.97,3,0,83.6,1,1
C06463,41,month-to-month,dsl,electronic-check,0,1,48.0,47.05,1837.78,0,1,,0,0
C06464,43,month-to-month,dsl,credit-card,0,1,47.0,49.49,2292.57,1,1,60.5,0,0
C06465,43,month-to-month,none,bank-transfer,0,6,39.0,47.32,2234.57,1,1,0.0,0,0
C06466,38,month-to-month,dsl,electronic-check,0,4,37.0,65.71,2353.01,0,1,89.4,0,0
C06467,39,month-to-month,fiber,bank-transfer,0,2,68.0,81.64,3487.53,4,1,163.0,1,1
C06468,27,month-to-month,fiber,electronic-check,1,2,47.0,62.96,1615.85,0,1,278.6,0,0
C06469,7,month-to-month,fiber,bank-transfer,0,1,52.0,76.91,503.02,1,0,463.3,1,1
C06470,7,month-to-month,fiber,electronic-check,0,4,47.0,77.62,541.12,1,0,292.9,1,1
C06471,24,month-to-month,dsl,electronic-check,1,4,46.0,45.51,1041.84,0,0,122.6,0,0
C06472,25,month-to-month,dsl,mailed-check,0,3,77.0,60.47,1495.44,1,0,149.7,0,0
C06473,11,one-year,none,electronic-check,0,2,54.0,31.64,326.75,1,0,0.0,0,0
C06474,12,month-to-month,dsl,bank-transfer,0,3,84.0,59.02,736.43,0,1,205.9,0,0
C06475,21,two-year,fiber,electronic-check,0,1,57.0,62.29,1421.3,4,3,244.1,0,0
C06476,72,one-year,dsl,electronic-check,1,1,35.0,37.49,2915.59,2,2,86.0,0,0
C06477,10,month-to-month,fiber,bank-transfer,0,2,64.0,65.77,690.31,1,0,662.8,0,0
C06478,17,month-to-month,fiber,bank-transfer,0,3,44.0,76.33,1347.26,1,0,221.1,1,1
C06479,42,month-to-month,dsl,credit-card,1,3,68.0,52.8,2394.18,0,0,126.0,0,0
C06480,37,month-to-month,fiber,electronic-check,0,5,35.0,76.65,2668.53,3,1,104.1,0,0
C06481,29,two-year,fiber,bank-transfer,0,1,21.0,62.92,1879.11,2,0,123.7,0,0
C06482,4,one-year,dsl,credit-card,1,2,47.0,43.35,163.65,1,0,148.3,0,0
C06483,19,one-year,dsl,electronic-check,0,3,67.0,49.63,987.86,1,0,65.2,0,0
C06484,72,one-year,fiber,mailed-check,1,2,36.0,75.82,5883.11,2,0,356.1,0,0
C06485,12,two-year,dsl,credit-card,1,4,,50.49,591.04,0,0,180.6,0,0
C06486,11,two-year,fiber,bank-transfer,0,1,35.0,67.63,723.07,0,0,143.1,0,0
C06487,62,month-to-month,dsl,mailed-check,1,3,59.0,50.67,3339.77,0,0,305.6,0,0
C06488,21,month-to-month,dsl,mailed-check,0,1,40.0,47.16,1007.03,1,1,55.9,1,1
C06489,4,month-to-month,dsl,bank-transfer,1,2,49.0,42.59,181.4,2,1,108.9,1,0
C06490,9,month-to-month,dsl,credit-card,0,2,40.0,48.23,423.54,0,0,158.1,0,0
C06491,14,month-to-month,fiber,bank-transfer,1,2,34.0,63.11,834.79,4,0,297.7,0,0
C06492,28,month-to-month,fiber,bank-transfer,0,1,18.0,67.32,1868.81,1,0,351.3,1,1
C06493,20,one-year,dsl,bank-transfer,0,2,26.0,35.37,735.9,1,0,65.2,0,0
C06494,11,month-to-month,fiber,electronic-check,1,2,41.0,69.21,784.05,1,0,,1,1
C06495,20,one-year,fiber,electronic-check,1,1,52.0,54.4,1026.45,2,1,302.0,0,0
C06496,12,month-to-month,dsl,electronic-check,0,3,73.0,49.71,624.07,1,0,126.4,1,1
C06497,72,month-to-month,fiber,mailed-check,0,1,37.0,62.25,4097.53,1,0,131.0,0,0
C06498,8,two-year,dsl,electronic-check,0,4,35.0,65.65,562.49,0,1,117.2,0,0
C06499,16,month-to-month,dsl,bank-transfer,0,4,25.0,46.41,703.8,0,2,69.3,0,0
C06500,14,one-year,dsl,credit-card,0,3,58.0,39.93,509.41,0,0,63.4,0,0
C06501,14,two-year,none,electronic-check,0,2,54.0,33.88,515.65,3,0,0.0,0,0
C06502,9,month-to-month,dsl,electronic-check,0,1,52.0,42.14,402.57,0,1,81.7,0,0
C06503,59,month-to-month,none,bank-transfer,0,1,50.0,15.0,872.71,0,0,0.0,0,0
C06504,72,month-to-month,dsl,credit-card,0,1,39.0,41.53,3120.15,1,0,115.6,0,0
C06505,30,month-to-month,dsl,electronic-check,0,2,65.0,46.07,1442.65,1,1,121.8,1,1
C06506,28,two-year,dsl,credit-card,1,4,33.0,55.27,1585.57,1,0,88.6,0,0
C06507,5,two-year,none,electronic-check,0,2,38.0,26.7,129.86,0,1,0.0,0,0
C06508,58,month-to-month,dsl,credit-card,0,1,30.0,31.3,1751.02,1,0,60.9,0,0
C06509,12,one-year,none,electronic-check,0,3,43.0,30.2,386.07,0,0,0.0,0,0
C06510,5,two-year,dsl,bank-transfer,0,1,33.0,41.1,198.89,2,0,105.1,0,0
C06511,34,month-to-month,none,bank-transfer,0,1,36.0,19.32,721.93,0,0,0.0,0,0
C06512,48,month-to-month,fiber,electronic-check,1,2,27.0,76.95,3955.86,0,1,447.7,0,0
C06513,58,two-year,fiber,credit-card,0,1,31.0,72.87,4065.02,0,0,181.1,0,0
C06514,16,one-year,fiber,credit-card,1,2,21.0,82.48,1299.15,0,0,421.7,0,0
C06515,14,month-to-month,dsl,credit-card,0,4,50.0,44.52,584.18,4,0,53.1,1,1
C06516,27,month-to-month,fiber,credit-card,1,3,32.0,77.64,2120.41,1,0,285.7,0,0
C06517,20,month-to-month,fiber,bank-transfer,1,2,69.0,75.95,,3,0,451.4,1,1
C06518,35,one-year,fiber,credit-card,0,3,59.0,70.06,2558.24,2,0,481.1,0,0
C06519,27,one-year,dsl,bank-transfer,0,2,46.0,49.53,1379.74,0,1,117.9,0,0
C06520,11,month-to-month,fiber,electronic-check,0,1,54.0,75.38,786.57,0,1,446.2,0,0
C06521,59,one-year,dsl,mailed-check,0,2,58.0,48.08,2747.63,0,0,110.6,0,0
C06522,35,month-to-month,dsl,credit-card,0,4,38.0,70.11,2686.93,0,0,70.8,1,1
C06523,47,one-year,dsl,mailed-check,0,4,42.0,59.3,2896.96,0,0,166.5,0,0
C06524,11,one-year,dsl,mailed-check,0,4,61.0,63.37,692.98,0,1,27.7,0,0
C06525,34,month-to-month,fiber,electronic-check,0,3,62.0,82.12,2752.22,1,1,329.5,1,1
C06526,41,month-to-month,none,electronic-check,0,2,33.0,15.99,690.8,1,0,0.0,0,0
C06527,26,month-to-month,none,bank-transfer,0,3,79.0,33.15,921.83,0,0,0.0,1,1
C06528,9,one-year,fiber,credit-card,0,5,25.0,80.87,759.6,0,0,805.0,0,0
C06529,24,one-year,fiber,mailed-check,1,2,18.0,79.45,1989.93,0,0,345.6,0,0
C06530,38,month-to-month,dsl,mailed-check,1,2,71.0,47.29,1645.52,0,1,66.9,0,0
C06531,49,two-year,none,bank-transfer,0,2,56.0,22.19,1166.06,0,0,0.0,0,0
C06532,6,two-year,none,credit-card,0,4,48.0,28.09,174.14,0,0,0.0,0,0
C06533,26,month-to-month,none,credit-card,0,3,57.0,29.44,756.04,0,0,0.0,0,0
C06534,7,month-to-month,none,bank-transfer,0,2,35.0,29.25,201.96,1,0,0.0,1,1
C06535,39,month-to-month,dsl,mailed-check,1,1,19.0,45.46,1790.77,0,0,84.7,0,0
C06536,46,month-to-month,fiber,credit-card,0,3,38.0,92.63,3935.15,1,0,215.9,1,1
C06537,10,two-year,fiber,electronic-check,0,2,35.0,66.37,603.89,2,3,156.5,0,0
C06538,9,one-year,fiber,electronic-check,0,3,30.0,67.99,562.4,1,0,618.8,0,0
C06539,14,month-to-month,fiber,bank-transfer,0,2,36.0,68.94,912.63,1,0,278.5,0,0
C06540,20,month-to-month,fiber,electronic-check,1,3,36.0,77.73,1529.91,3,0,310.0,1,1
C06541,12,month-to-month,dsl,bank-transfer,0,2,38.0,39.79,476.79,1,1,225.1,0,0
C06542,41,month-to-month,dsl,credit-card,0,3,51.0,65.47,2941.39,1,1,82.4,0,0
C06543,49,month-to-month,fiber,bank-transfer,0,3,53.0,72.95,3510.05,3,0,199.2,0,0
C06544,25,two-year,none,credit-card,0,2,49.0,38.57,,0,0,0.0,0,0
C06545,13,one-year,none,electronic-check,0,2,18.0,35.67,454.7,1,0,0.0,0,0
C06546,20,two-year,fiber,bank-transfer,1,1,30.0,70.29,1506.94,2,0,279.1,0,0
C06547,25,month-to-month,fiber,electronic-check,0,1,30.0,64.83,1771.0,4,1,243.6,1,1
C06548,19,month-to-month,dsl,electronic-check,0,3,63.0,46.91,913.28,0,0,81.0,0,0
C06549,22,two-year,none,mailed-check,0,1,32.0,15.0,305.72,0,0,0.0,0,0
C06550,47,month-to-month,dsl,electronic-check,1,2,18.0,41.39,1963.25,0,0,99.4,0,0
C06551,12,month-to-month,fiber,electronic-check,1,1,55.0,56.05,670.59,2,2,,1,1
C06552,72,two-year,dsl,bank-transfer,1,2,46.0,52.3,4053.61,1,1,107.7,0,0
C06553,25,one-year,none,bank-transfer,0,2,83.0,27.61,624.8,1,0,0.0,0,0
C06554,18,two-year,fiber,electronic-check,0,3,24.0,62.55,1230.87,0,0,220.7,0,0
C06555,12,month-to-month,dsl,electronic-check,1,1,42.0,41.09,522.72,3,0,41.6,1,1
C06556,13,one-year,dsl,electronic-check,0,1,29.0,38.52,528.19,1,1,59.1,0,0
C06557,23,month-to-month,fiber,credit-card,0,3,29.0,86.66,2086.2,2,1,215.5,0,0
C06558,25,month-to-month,none,credit-card,0,1,33.0,15.0,363.71,1,0,0.0,0,0
C06559,18,month-to-month,fiber,credit-card,1,1,29.0,80.35,1325.89,0,0,306.3,0,0
C06560,7,two-year,none,credit-card,0,4,48.0,39.64,304.99,0,0,0.0,0,0
C06561,23,month-to-month,dsl,electronic-check,0,2,46.0,29.51,717.58,1,0,92.7,1,1
C06562,13,one-year,fiber,bank-transfer,0,2,45.0,64.87,822.81,4,1,929.4,1,1
C06563,4,two-year,dsl,bank-transfer,0,3,64.0,58.57,244.1,0,0,165.7,0,0
C06564,36,one-year,fiber,credit-card,0,2,53.0,64.55,2138.37,0,0,175.9,1,0
C06565,5,month-to-month,fiber,electronic-check,1,2,58.0,67.81,338.68,1,0,233.9,1,1
C06566,17,one-year,fiber,credit-card,1,2,47.0,88.2,1532.97,1,0,196.7,0,0
C06567,21,month-to-month,none,credit-card,0,2,50.0,21.62,489.57,0,1,,0,0
C06568,54,month-to-month,none,electronic-check,0,3,59.0,21.35,1046.52,0,0,0.0,0,0
C06569,5,month-to-month,fiber,electronic-check,1,1,28.0,72.33,329.66,2,0,353.3,1,1
C06570,38,one-year,dsl,credit-card,0,2,35.0,38.78,1492.55,0,0,33.2,0,0
C06571,43,one-year,none,credit-card,0,2,46.0,30.62,1385.03,0,1,0.0,0,0
C06572,65,two-year,dsl,bank-transfer,0,2,46.0,54.67,3374.11,4,0,55.3,0,0
C06573,48,month-to-month,fiber,electronic-check,0,3,24.0,89.61,4223.77,1,0,262.1,0,0
C06574,22,month-to-month,fiber,credit-card,0,2,56.0,73.32,1576.79,1,1,149.8,0,0
C06575,40,month-to-month,fiber,electronic-check,0,3,67.0,73.13,3053.99,2,1,183.7,1,1
C06576,56,two-year,fiber,bank-transfer,1,1,65.0,64.77,3606.4,1,0,133.7,1,0
C06577,3,two-year,dsl,electronic-check,1,2,35.0,67.11,185.55,1,0,97.5,0,0
C06578,7,two-year,dsl,electronic-check,0,1,58.0,45.5,345.48,1,1,222.9,0,0
C06579,27,month-to-month,dsl,electronic-check,1,4,39.0,58.29,1662.59,3,0,131.5,0,0
C06580,42,month-to-month,fiber,credit-card,0,3,46.0,74.48,2938.52,1,0,418.1,0,0
C06581,35,one-year,dsl,credit-card,0,2,62.0,53.81,,0,0,248.4,0,0
C06582,29,month-to-month,dsl,credit-card,1,1,65.0,41.99,1248.62,1,1,135.5,0,0
C06583,64,month-to-month,dsl,credit-card,1,2,38.0,41.73,2895.97,0,0,115.2,0,0
C06584,18,month-to-month,fiber,bank-transfer,1,2,37.0,64.63,1050.4,1,0,104.2,0,0
C06585,12,month-to-month,fiber,credit-card,0,3,67.0,67.92,842.13,2,0,409.4,1,1
C06586,15,month-to-month,fiber,electronic-check,1,2,43.0,68.77,1082.04,0,0,195.8,0,0
C06587,28,two-year,fiber,electronic-check,0,4,18.0,75.09,1946.34,1,0,307.1,0,0
C06588,21,one-year,dsl,electronic-check,0,2,52.0,48.56,1036.05,2,0,132.4,0,0
C06589,44,one-year,dsl,bank-transfer,0,2,33.0,48.79,1946.87,0,0,81.8,0,0
C06590,13,month-to-month,fiber,electronic-check,0,2,41.0,72.11,889.68,1,0,263.3,0,0
C06591,30,one-year,dsl,electronic-check,1,2,54.0,42.3,1157.93,0,1,40.6,0,0
C06592,40,month-to-month,dsl,electronic-check,0,2,18.0,63.62,2468.51,3,0,,0,0
C06593,56,month-to-month,dsl,credit-card,1,3,56.0,64.96,3712.43,1,1,90.5,1,1
C06594,8,month-to-month,dsl,mailed-check,0,1,22.0,49.32,360.66,1,0,33.2,0,0
C06595,15,month-to-month,none,bank-transfer,0,2,34.0,30.89,495.52,0,1,0.0,0,0
C06596,20,two-year,dsl,credit-card,1,2,50.0,40.92,747.74,0,0,83.2,0,0
C06597,6,two-year,fiber,bank-transfer,0,3,27.0,70.33,440.38,1,0,295.6,0,0
C06598,29,month-to-month,none,credit-card,0,3,27.0,26.22,773.25,0,0,0.0,0,0
C06599,29,one-year,fiber,mailed-check,1,1,50.0,53.63,1479.09,2,0,173.7,1,1
C06600,27,month-to-month,dsl,electronic-check,0,2,53.0,46.98,1245.0,1,0,75.9,0,0
C06601,19,month-to-month,none,mailed-check,0,2,42.0,43.18,832.75,2,0,0.0,0,0
C06602,52,one-year,fiber,mailed-check,0,2,54.0,70.85,3837.05,0,0,293.8,1,0
C06603,15,one-year,fiber,electronic-check,0,2,90.0,82.25,,2,1,450.9,0,0
C06604,48,one-year,fiber,electronic-check,0,3,23.0,86.71,3808.87,1,0,246.5,0,0
C06605,15,month-to-month,none,mailed-check,0,2,18.0,17.45,251.41,1,0,0.0,0,0
C06606,8,month-to-month,fiber,credit-card,0,3,62.0,75.29,544.21,1,0,224.6,0,0
C06607,22,month-to-month,dsl,credit-card,1,1,27.0,41.83,967.39,1,0,,0,0
C06608,25,month-to-month,fiber,bank-transfer,1,4,51.0,87.45,2003.77,0,0,252.6,0,0
C06609,31,month-to-month,fiber,electronic-check,1,1,54.0,68.76,2235.0,4,1,262.8,1,1
C06610,2,month-to-month,fiber,electronic-check,0,1,44.0,78.33,158.55,1,2,327.2,1,1
C06611,17,month-to-month,none,bank-transfer,0,2,49.0,26.65,470.54,0,0,0.0,0,0
C06612,72,month-to-month,fiber,electronic-check,1,1,71.0,71.61,4725.62,1,2,246.3,0,0
C06613,14,one-year,none,electronic-check,0,1,36.0,15.0,193.37,0,0,0.0,1,1
C06614,43,month-to-month,dsl,bank-transfer,0,2,64.0,38.27,1775.61,0,0,75.7,0,0
C06615,72,month-to-month,none,electronic-check,0,1,25.0,25.37,1952.91,1,1,0.0,0,1
C06616,72,two-year,fiber,mailed-check,0,2,50.0,71.19,5160.4,0,0,81.7,0,0
C06617,9,two-year,dsl,bank-transfer,1,3,52.0,59.43,481.8,0,0,148.0,0,0
C06618,40,month-to-month,fiber,bank-transfer,1,3,44.0,86.32,3157.36,0,1,289.0,0,0
C06619,42,month-to-month,dsl,electronic-check,0,3,60.0,57.69,2249.77,0,0,172.5,0,0
C06620,36,month-to-month,dsl,bank-transfer,0,2,46.0,56.64,2016.18,1,1,27.7,0,0
C06621,8,two-year,fiber,credit-card,0,1,50.0,73.17,624.81,1,0,381.2,0,0
C06622,27,month-to-month,none,mailed-check,0,3,34.0,28.82,701.3,1,1,0.0,0,0
C06623,27,month-to-month,fiber,credit-card,0,1,30.0,60.2,1687.35,3,1,379.3,0,0
C06624,7,one-year,fiber,credit-card,1,2,30.0,85.83,636.79,1,0,372.0,0,0
C06625,18,one-year,dsl,mailed-check,0,2,36.0,53.09,1001.88,1,0,221.2,0,0
C06626,28,month-to-month,dsl,electronic-check,0,2,26.0,52.3,1408.1,0,0,109.3,1,1
C06627,21,month-to-month,fiber,bank-transfer,1,1,73.0,57.13,1230.94,1,0,88.8,0,0
C06628,38,month-to-month,none,bank-transfer,0,3,40.0,31.98,1225.5,0,0,0.0,0,0
C06629,18,month-to-month,fiber,credit-card,0,2,45.0,72.58,1358.23,0,0,306.1,0,0
C06630,25,month-to-month,dsl,credit-card,0,3,28.0,47.51,1242.1,1,1,92.8,0,0
C06631,45,two-year,fiber,mailed-check,0,2,76.0,75.91,3698.32,2,0,143.8,0,0
C06632,71,one-year,fiber,credit-card,0,1,41.0,62.96,4878.13,0,0,351.1,0,0
C06633,8,one-year,dsl,credit-card,0,1,36.0,27.32,206.26,0,0,320.9,0,0
C06634,37,one-year,none,electronic-check,0,2,38.0,20.81,841.1,2,0,0.0,0,0
C06635,16,month-to-month,dsl,mailed-check,0,1,42.0,52.75,890.48,0,0,154.9,1,1
C06636,31,month-to-month,fiber,electronic-check,0,1,40.0,57.82,1822.81,2,1,292.7,0,0
C06637,7,one-year,fiber,credit-card,0,2,25.0,89.35,,1,0,162.4,0,0
C06638,52,month-to-month,none,credit-card,0,4,58.0,38.82,1882.49,3,0,0.0,0,0
C06639,12,month-to-month,fiber,mailed-check,0,2,28.0,87.89,981.79,4,0,278.5,0,0
C06640,45,month-to-month,dsl,electronic-check,1,3,57.0,46.18,2021.3,1,2,99.9,0,0
C06641,8,one-year,fiber,electronic-check,0,3,25.0,65.32,530.75,0,0,206.4,0,0
C06642,6,one-year,fiber,bank-transfer,0,4,48.0,78.09,426.12,0,0,254.3,0,0
C06643,19,month-to-month,fiber,electronic-check,0,2,30.0,59.85,1050.31,4,0,146.5,1,1
C06644,27,month-to-month,fiber,mailed-check,0,3,34.0,71.35,1951.15,1,0,240.4,0,0
C06645,72,two-year,dsl,bank-transfer,1,3,52.0,67.7,4646.44,0,0,90.7,0,0
C06646,26,month-to-month,fiber,bank-transfer,0,1,63.0,62.54,1624.9,1,1,177.0,1,1
C06647,9,month-to-month,none,credit-card,0,3,72.0,17.27,157.08,1,0,0.0,0,0
C06648,40,one-year,fiber,electronic-check,1,1,51.0,67.41,2715.84,1,0,130.5,0,0
C06649,58,one-year,fiber,credit-card,1,2,45.0,80.58,4295.22,2,0,709.2,0,0
C06650,11,month-to-month,fiber,credit-card,0,1,31.0,50.03,552.62,2,0,140.8,0,0
C06651,44,month-to-month,fiber,electronic-check,1,5,18.0,74.2,3307.19,4,3,268.4,0,0
C06652,53,two-year,fiber,electronic-check,0,2,54.0,70.45,3689.54,1,1,371.9,0,0
C06653,41,month-to-month,fiber,bank-transfer,1,4,41.0,70.42,3027.48,1,0,438.7,1,0
C06654,13,two-year,fiber,mailed-check,1,3,45.0,73.66,882.28,0,0,692.0,0,0
C06655,27,one-year,fiber,credit-card,1,2,39.0,81.52,2305.14,1,0,127.7,0,0
C06656,31,two-year,fiber,bank-transfer,0,3,,71.98,2413.08,1,0,,0,0
C06657,51,month-to-month,fiber,electronic-check,0,1,55.0,68.66,3668.01,4,0,153.2,0,0
C06658,14,month-to-month,fiber,electronic-check,0,3,71.0,79.23,1162.48,2,1,280.8,1,1
C06659,45,month-to-month,fiber,electronic-check,1,1,27.0,58.65,2642.12,0,1,163.8,0,0
C06660,21,month-to-month,fiber,electronic-check,1,1,18.0,56.56,1277.14,2,0,256.5,0,0
C06661,17,month-to-month,dsl,electronic-check,1,2,41.0,57.96,1060.54,0,1,54.2,0,0
C06662,24,month-to-month,fiber,electronic-check,0,1,34.0,65.39,1527.65,1,0,136.9,0,0
C06663,2,month-to-month,none,mailed-check,0,2,63.0,26.67,54.2,0,0,0.0,1,1
C06664,3,one-year,fiber,mailed-check,1,5,53.0,84.72,249.16,4,0,137.0,1,1
C06665,4,month-to-month,fiber,bank-transfer,0,2,73.0,68.98,260.69,2,0,294.2,1,1
C06666,32,month-to-month,none,electronic-check,0,2,61.0,26.55,783.3,1,1,0.0,0,0
C06667,19,month-to-month,fiber,bank-transfer,1,3,47.0,66.06,1255.12,1,0,266.2,0,0
C06668,13,one-year,fiber,electronic-check,0,3,47.0,78.12,992.14,0,0,114.3,1,1
C06669,22,month-to-month,none,credit-card,0,2,51.0,16.99,353.16,0,0,0.0,0,0
C06670,45,one-year,dsl,bank-transfer,1,1,31.0,63.61,2982.07,2,0,73.2,0,0
C06671,22,month-to-month,dsl,mailed-check,0,3,52.0,59.9,1327.2,1,0,171.5,0,0
C06672,9,one-year,fiber,electronic-check,1,4,66.0,82.26,752.69,3,0,674.2,0,0
C06673,72,one-year,fiber,credit-card,0,3,36.0,66.48,4892.79,2,1,309.9,0,0
C06674,23,month-to-month,fiber,bank-transfer,0,3,41.0,83.83,1810.36,2,0,361.4,0,0
C06675,54,one-year,dsl,bank-transfer,0,5,55.0,61.21,3305.97,0,0,76.9,0,0
C06676,41,two-year,fiber,electronic-check,0,3,67.0,79.84,3332.53,2,3,291.6,1,0
C06677,16,month-to-month,dsl,credit-card,0,3,34.0,49.65,734.92,0,0,75.1,1,1
C06678,70,month-to-month,none,electronic-check,0,1,49.0,15.0,1151.13,0,1,0.0,0,0
C06679,14,two-year,none,electronic-check,0,2,45.0,37.33,522.35,0,0,0.0,0,0
C06680,32,two-year,fiber,electronic-check,0,3,41.0,79.63,2322.56,1,1,288.0,0,0
C06681,29,one-year,dsl,credit-card,0,1,18.0,41.87,1328.58,2,1,113.2,1,1
C06682,31,month-to-month,dsl,electronic-check,0,2,34.0,65.73,2148.77,0,0,94.9,0,0
C06683,62,month-to-month,dsl,electronic-check,0,1,27.0,44.85,2843.91,1,1,100.3,0,0
C06684,24,two-year,none,bank-transfer,0,2,43.0,34.68,831.75,2,0,0.0,1,1
C06685,27,one-year,dsl,credit-card,0,2,38.0,36.93,1026.85,2,0,86.7,0,0
C06686,28,month-to-month,dsl,electronic-check,0,3,27.0,52.38,1514.51,0,0,132.4,0,0
C06687,72,month-to-month,fiber,bank-transfer,0,2,41.0,67.66,4851.32,0,1,226.5,0,0
C06688,51,one-year,dsl,bank-transfer,0,2,73.0,42.1,2062.6,1,1,132.1,0,0
C06689,6,one-year,dsl,bank-transfer,0,5,35.0,57.92,314.94,0,0,145.5,1,0
C06690,15,two-year,dsl,bank-transfer,1,2,39.0,51.19,828.41,1,0,150.3,0,0
C06691,25,month-to-month,dsl,electronic-check,0,4,42.0,58.6,1333.84,2,2,136.3,0,0
C06692,61,month-to-month,fiber,mailed-check,1,2,34.0,68.43,4242.23,2,0,455.3,0,0
C06693,65,month-to-month,dsl,electronic-check,0,1,21.0,40.91,2594.41,0,1,56.7,0,0
C06694,23,month-to-month,none,credit-card,0,1,72.0,28.16,587.85,0,0,0.0,0,0
C06695,14,month-to-month,fiber,bank-transfer,1,1,18.0,55.04,807.86,1,0,476.4,1,1
C06696,20,month-to-month,dsl,credit-card,0,2,19.0,50.43,960.31,0,0,57.4,0,0
C06697,26,month-to-month,dsl,electronic-check,1,3,56.0,51.39,1382.09,1,1,99.5,0,0
C06698,19,month-to-month,fiber,electronic-check,0,2,18.0,65.76,1238.9,0,0,459.7,1,1
C06699,55,two-year,fiber,mailed-check,0,3,57.0,57.57,3367.44,2,0,225.7,0,0
C06700,18,month-to-month,dsl,bank-transfer,1,2,58.0,49.68,917.17,3,0,70.1,0,0
C06701,11,month-to-month,dsl,credit-card,0,1,33.0,40.09,428.35,0,0,51.2,0,0
C06702,20,one-year,fiber,electronic-check,0,4,46.0,82.21,1713.2,1,2,296.4,0,0
C06703,30,month-to-month,none,bank-transfer,0,2,44.0,49.59,1543.77,3,0,0.0,0,0
C06704,55,month-to-month,dsl,credit-card,0,2,33.0,51.38,2805.3,1,0,201.0,1,0
C06705,11,two-year,fiber,bank-transfer,0,5,36.0,88.72,1040.37,0,1,312.7,0,0
C06706,30,one-year,fiber,credit-card,1,1,43.0,58.73,1912.92,1,0,532.5,0,0
C06707,30,month-to-month,fiber,credit-card,1,4,38.0,81.39,2351.8,1,0,443.8,0,0
C06708,35,two-year,fiber,bank-transfer,1,2,54.0,69.1,2269.66,1,1,383.9,0,0
C06709,18,two-year,fiber,electronic-check,1,2,43.0,63.39,1086.27,2,1,164.0,0,0
C06710,34,two-year,fiber,mailed-check,0,3,52.0,67.72,2218.57,0,0,523.7,0,0
C06711,40,month-to-month,none,credit-card,0,1,39.0,23.79,943.01,0,1,0.0,1,1
C06712,18,one-year,dsl,bank-transfer,0,3,55.0,49.62,811.16,0,0,78.5,0,0
C06713,27,month-to-month,none,electronic-check,0,2,,17.46,436.83,0,2,0.0,0,0
C06714,21,month-to-month,dsl,mailed-check,0,1,18.0,55.55,1151.35,0,0,105.1,0,0
C06715,13,month-to-month,dsl,electronic-check,0,5,51.0,77.23,1032.74,0,1,63.3,1,1
C06716,7,two-year,none,bank-transfer,0,1,35.0,15.0,112.54,0,1,0.0,0,0
C06717,14,month-to-month,fiber,mailed-check,1,3,38.0,83.46,1074.61,3,0,1078.2,1,1
C06718,15,two-year,dsl,electronic-check,0,2,,36.88,505.54,1,0,47.7,0,0
C06719,7,two-year,none,credit-card,0,1,47.0,15.0,103.45,2,0,0.0,0,0
C06720,33,month-to-month,none,credit-card,0,2,41.0,15.28,463.23,0,0,0.0,0,0
C06721,42,month-to-month,fiber,mailed-check,0,1,55.0,60.99,2386.08,1,1,343.7,0,0
C06722,20,two-year,none,mailed-check,0,2,48.0,24.99,459.57,0,0,0.0,0,0
C06723,23,month-to-month,dsl,bank-transfer,1,2,34.0,39.94,903.46,1,0,46.8,0,0
C06724,16,one-year,fiber,electronic-check,1,3,61.0,71.5,1161.18,0,0,286.0,0,0
C06725,22,month-to-month,fiber,bank-transfer,1,2,61.0,62.42,1369.72,0,0,474.7,0,0
C06726,34,month-to-month,dsl,electronic-check,0,1,45.0,46.86,1619.51,1,1,128.5,0,0
C06727,30,month-to-month,fiber,bank-transfer,0,1,37.0,65.93,2117.92,3,0,269.3,0,0
C06728,22,month-to-month,fiber,bank-transfer,0,1,33.0,76.1,1721.5,3,1,583.3,0,0
C06729,15,two-year,fiber,bank-transfer,0,1,70.0,50.99,718.77,2,0,380.6,0,0
C06730,40,month-to-month,none,bank-transfer,0,4,42.0,44.04,1704.31,1,0,0.0,0,0
C06731,16,month-to-month,none,mailed-check,0,2,47.0,34.08,551.16,0,0,0.0,0,0
C06732,8,one-year,none,mailed-check,0,2,51.0,20.67,168.01,1,0,0.0,0,0
C06733,26,two-year,dsl,credit-card,1,2,18.0,47.02,1284.98,0,0,45.1,0,0
C06734,4,month-to-month,none,credit-card,0,2,31.0,27.6,111.58,0,0,,0,0
C06735,29,one-year,dsl,credit-card,1,2,78.0,58.03,1699.45,3,0,124.7,0,0
C06736,30,month-to-month,dsl,credit-card,1,3,18.0,38.55,1056.39,1,1,25.0,0,0
C06737,14,two-year,dsl,bank-transfer,1,2,23.0,46.28,634.28,0,1,148.2,0,0
C06738,16,one-year,fiber,bank-transfer,1,2,38.0,73.46,1083.91,4,0,502.1,0,0
C06739,44,two-year,dsl,credit-card,0,1,30.0,45.53,1967.74,0,0,142.1,0,0
C06740,72,one-year,fiber,mailed-check,1,2,34.0,70.18,4833.19,2,0,504.9,0,0
C06741,24,two-year,none,electronic-check,0,1,28.0,15.0,373.33,0,1,0.0,0,0
C06742,14,month-to-month,fiber,credit-card,0,3,42.0,70.99,915.42,1,0,184.4,1,1
C06743,31,one-year,fiber,electronic-check,0,1,50.0,61.85,1955.54,1,0,,1,0
C06744,21,one-year,fiber,bank-transfer,1,1,51.0,57.86,1313.05,0,0,539.2,0,0
C06745,29,month-to-month,fiber,electronic-check,0,1,33.0,73.86,2085.95,2,2,493.1,0,0
C06746,26,two-year,none,bank-transfer,0,2,60.0,22.0,546.57,0,0,0.0,0,0
C06747,27,one-year,dsl,credit-card,0,1,47.0,38.14,1077.15,0,0,191.9,0,0
C06748,3,two-year,fiber,bank-transfer,0,3,61.0,90.67,292.97,1,0,212.8,0,0
C06749,16,month-to-month,dsl,mailed-check,0,3,49.0,58.57,1011.99,0,0,86.0,0,0
C06750,15,two-year,dsl,electronic-check,0,2,41.0,51.28,809.53,0,0,95.0,0,0
C06751,14,month-to-month,fiber,electronic-check,0,2,41.0,68.94,942.53,5,0,714.9,1,1
C06752,36,two-year,fiber,electronic-check,0,2,50.0,64.6,2216.88,5,1,125.1,0,0
C06753,8,month-to-month,fiber,electronic-check,0,1,64.0,58.29,470.33,0,1,213.1,1,1
C06754,3,one-year,dsl,mailed-check,0,1,47.0,35.61,109.41,1,0,130.9,1,1
C06755,14,month-to-month,none,credit-card,0,3,48.0,27.32,,2,0,0.0,0,0
C06756,12,one-year,fiber,credit-card,0,3,53.0,62.87,727.85,2,0,271.9,0,0
C06757,24,month-to-month,dsl,electronic-check,1,2,18.0,57.2,1336.25,1,0,,0,0
C06758,12,two-year,dsl,mailed-check,0,2,24.0,44.61,527.27,1,0,47.8,0,0
C06759,19,two-year,fiber,electronic-check,1,3,48.0,81.85,1429.28,1,2,203.5,0,0
C06760,17,month-to-month,dsl,mailed-check,0,2,31.0,43.31,797.22,1,2,391.3,0,0
C06761,54,two-year,fiber,electronic-check,1,1,41.0,68.09,4002.82,5,1,166.5,0,0
C06762,12,one-year,fiber,credit-card,0,3,45.0,63.75,819.53,0,0,299.4,0,0
C06763,35,month-to-month,fiber,mailed-check,0,1,81.0,59.88,2237.33,2,0,221.4,1,1
C06764,22,month-to-month,fiber,electronic-check,0,2,42.0,65.83,1340.59,0,0,106.4,1,1
C06765,45,month-to-month,dsl,bank-transfer,1,3,18.0,56.99,2721.46,0,0,58.7,0,0
C06766,65,month-to-month,dsl,electronic-check,0,1,48.0,34.94,2205.42,0,0,59.2,0,0
C06767,21,month-to-month,fiber,bank-transfer,1,3,60.0,86.6,1694.49,0,0,435.9,1,1
C06768,5,month-to-month,none,electronic-check,0,3,53.0,29.81,154.08,1,0,0.0,1,1
C06769,9,month-to-month,fiber,bank-transfer,1,4,52.0,79.47,756.93,1,0,499.2,0,0
C06770,7,two-year,fiber,bank-transfer,0,3,34.0,63.36,421.32,2,0,187.2,0,0
C06771,16,month-to-month,dsl,electronic-check,1,3,39.0,57.43,861.54,0,1,123.8,1,1
C06772,14,two-year,dsl,credit-card,0,1,32.0,53.76,695.49,1,0,114.1,0,0
C06773,27,two-year,none,credit-card,0,1,34.0,15.0,425.18,0,0,0.0,0,0
C06774,42,one-year,fiber,credit-card,0,2,42.0,65.16,2743.77,1,0,,0,0
C06775,4,month-to-month,fiber,electronic-check,1,2,59.0,67.89,285.18,1,1,293.0,0,0
C06776,23,month-to-month,dsl,bank-transfer,0,1,88.0,42.41,947.22,0,0,139.8,0,0
C06777,12,two-year,dsl,bank-transfer,1,6,47.0,62.35,741.2,0,0,43.9,0,0
C06778,24,one-year,dsl,bank-transfer,0,2,53.0,53.17,1157.31,1,0,51.6,0,0
C06779,16,two-year,dsl,credit-card,1,1,18.0,54.37,883.16,2,0,69.9,0,0
C06780,38,month-to-month,fiber,electronic-check,0,4,38.0,79.41,3123.89,1,0,148.8,0,0
C06781,9,one-year,dsl,electronic-check,0,3,68.0,47.76,466.99,0,2,109.8,0,0
C06782,13,month-to-month,dsl,electronic-check,1,4,46.0,51.04,723.83,0,4,96.1,1,1
C06783,20,one-year,dsl,credit-card,0,2,43.0,69.36,1320.08,1,0,210.7,1,1
C06784,17,one-year,fiber,electronic-check,0,3,89.0,71.47,1225.2,0,3,385.9,0,0
C06785,20,month-to-month,none,bank-transfer,0,1,63.0,24.01,491.99,0,1,0.0,1,1
C06786,5,month-to-month,dsl,electronic-check,0,1,57.0,31.67,149.55,0,1,102.6,0,0
C06787,58,month-to-month,fiber,credit-card,1,1,44.0,58.94,3203.06,0,0,406.8,0,0
C06788,15,month-to-month,fiber,electronic-check,0,2,49.0,78.61,1107.46,0,2,375.4,0,0
C06789,10,month-to-month,dsl,mailed-check,0,2,77.0,42.94,434.65,0,1,102.3,0,0
C06790,21,month-to-month,none,mailed-check,0,1,78.0,15.0,345.39,1,0,0.0,0,0
C06791,23,month-to-month,dsl,mailed-check,0,2,37.0,52.86,1139.49,0,2,95.3,1,1
C06792,72,one-year,none,credit-card,0,2,21.0,19.71,1518.32,0,0,0.0,0,0
C06793,47,one-year,fiber,bank-transfer,1,2,46.0,74.34,3151.48,2,0,387.5,0,0
C06794,17,month-to-month,fiber,credit-card,1,3,56.0,69.69,1235.4,3,0,392.0,0,0
C06795,67,month-to-month,dsl,bank-transfer,0,4,72.0,59.17,3926.79,1,0,70.7,0,0
C06796,58,one-year,fiber,electronic-check,0,1,43.0,70.18,3676.59,0,1,290.4,0,0
C06797,10,month-to-month,fiber,electronic-check,0,2,40.0,66.31,719.88,3,1,294.3,1,1
C06798,72,month-to-month,dsl,mailed-check,0,7,62.0,64.94,4252.91,1,0,99.7,0,0
C06799,15,month-to-month,fiber,mailed-check,0,1,31.0,61.49,887.95,3,0,176.9,1,1
C06800,25,two-year,fiber,credit-card,1,1,41.0,57.03,1291.83,1,0,182.9,0,0
C06801,52,month-to-month,fiber,mailed-check,0,2,45.0,66.03,3748.77,0,1,375.5,1,1
C06802,4,two-year,fiber,mailed-check,0,4,44.0,80.04,329.88,2,1,322.2,0,0
C06803,20,month-to-month,fiber,electronic-check,0,3,64.0,75.03,1388.77,1,3,368.1,1,1
C06804,28,month-to-month,fiber,credit-card,1,4,53.0,87.23,2539.35,1,0,280.0,1,1
C06805,46,month-to-month,none,credit-card,0,2,37.0,18.72,943.87,1,0,0.0,0,0
C06806,22,one-year,dsl,bank-transfer,1,4,41.0,59.83,1321.37,0,1,99.7,0,0
C06807,4,month-to-month,dsl,credit-card,0,3,87.0,65.94,251.09,1,0,91.4,1,1
C06808,72,one-year,fiber,credit-card,0,2,23.0,72.59,5312.88,0,0,188.4,0,0
C06809,23,two-year,fiber,credit-card,1,2,18.0,77.55,1825.05,1,0,103.4,0,0
C06810,29,month-to-month,none,bank-transfer,0,2,26.0,24.54,709.57,0,0,0.0,0,0
C06811,6,month-to-month,dsl,electronic-check,0,2,50.0,56.43,364.78,0,0,61.1,1,1
C06812,57,one-year,none,credit-card,0,2,62.0,23.52,1362.06,0,0,0.0,0,0
C06813,15,month-to-month,fiber,mailed-check,1,2,43.0,58.72,914.41,0,0,,0,0
C06814,12,one-year,dsl,credit-card,0,3,37.0,60.16,751.49,1,0,,0,0
C06815,48,two-year,dsl,bank-transfer,0,4,34.0,62.94,2984.93,3,0,72.5,0,0
C06816,7,month-to-month,fiber,bank-transfer,1,1,19.0,65.31,445.66,5,0,,1,1
C06817,29,month-to-month,none,electronic-check,0,2,69.0,17.42,526.19,2,1,0.0,0,0
C06818,12,one-year,fiber,bank-transfer,1,1,42.0,77.44,863.86,0,0,451.2,0,0
C06819,32,month-to-month,dsl,electronic-check,0,1,48.0,51.35,1664.79,0,0,193.6,0,0
C06820,38,month-to-month,fiber,bank-transfer,0,2,58.0,64.92,2409.62,1,0,499.5,0,0
C06821,15,month-to-month,dsl,credit-card,0,1,66.0,56.37,830.56,0,0,136.3,0,0
C06822,54,month-to-month,dsl,bank-transfer,1,2,42.0,60.94,3517.49,0,0,88.4,0,0
C06823,23,month-to-month,fiber,credit-card,0,1,31.0,63.38,1368.8,0,0,273.3,0,0
C06824,72,one-year,none,mailed-check,0,3,45.0,23.15,1615.27,1,0,0.0,0,0
C06825,49,month-to-month,fiber,electronic-check,1,2,43.0,73.77,3676.39,1,1,217.6,0,0
C06826,25,month-to-month,none,credit-card,0,2,37.0,23.44,562.69,0,0,0.0,0,0
C06827,25,two-year,dsl,electronic-check,0,2,26.0,71.54,1939.83,2,0,33.3,0,0
C06828,7,month-to-month,none,electronic-check,0,2,51.0,16.74,117.57,0,3,0.0,1,1
C06829,48,month-to-month,dsl,bank-transfer,0,2,65.0,62.52,2946.51,0,0,80.1,0,0
C06830,14,two-year,dsl,mailed-check,1,2,71.0,46.74,674.09,0,0,,0,0
C06831,27,month-to-month,fiber,bank-transfer,0,1,34.0,63.13,1721.51,3,0,,0,0
C06832,72,two-year,none,credit-card,0,2,71.0,18.27,1242.78,2,0,0.0,0,0
C06833,54,one-year,none,electronic-check,0,5,28.0,40.95,2116.64,0,1,0.0,0,0
C06834,10,month-to-month,dsl,mailed-check,0,3,47.0,48.01,520.58,0,1,84.8,1,1
C06835,23,month-to-month,dsl,credit-card,1,2,61.0,48.14,1104.61,0,0,150.3,0,0
C06836,29,month-to-month,dsl,credit-card,0,2,53.0,39.9,1122.2,0,0,122.8,0,0
C06837,58,two-year,fiber,electronic-check,0,2,66.0,54.02,3414.78,1,0,184.3,0,0
C06838,52,month-to-month,fiber,electronic-check,0,1,30.0,63.17,3361.26,2,1,469.4,0,0
C06839,35,one-year,dsl,credit-card,0,2,42.0,60.42,2195.89,1,0,78.8,0,0
C06840,32,two-year,dsl,mailed-check,1,1,42.0,46.95,,3,0,86.5,0,0
C06841,23,one-year,dsl,credit-card,1,3,62.0,53.59,1158.8,2,0,90.5,0,0
C06842,28,month-to-month,dsl,electronic-check,0,1,42.0,65.86,1828.2,1,0,123.6,0,0
C06843,19,one-year,fiber,mailed-check,0,4,49.0,61.38,1146.33,1,0,600.6,0,0
C06844,40,one-year,fiber,credit-card,1,1,41.0,67.2,2843.03,3,2,166.4,0,0
C06845,33,month-to-month,fiber,bank-transfer,0,2,50.0,62.91,1961.25,1,0,422.6,1,1
C06846,47,two-year,fiber,credit-card,1,2,34.0,70.29,3370.68,2,0,588.3,0,0
C06847,46,month-to-month,dsl,electronic-check,0,3,28.0,48.66,2218.38,0,1,178.6,0,0
C06848,14,two-year,dsl,bank-transfer,0,1,38.0,39.55,579.56,0,0,64.4,0,0
C06849,2,month-to-month,none,electronic-check,0,1,31.0,22.12,48.15,0,1,0.0,0,0
C06850,13,month-to-month,fiber,bank-transfer,0,1,42.0,63.44,770.4,2,1,288.4,0,0
C06851,28,one-year,none,bank-transfer,0,1,57.0,15.0,449.43,0,1,0.0,0,0
C06852,19,month-to-month,dsl,credit-card,1,1,25.0,34.18,688.67,1,0,52.9,0,0
C06853,18,month-to-month,fiber,credit-card,0,1,39.0,71.03,1323.24,2,0,128.5,0,0
C06854,12,month-to-month,dsl,bank-transfer,0,1,78.0,43.02,480.14,1,1,95.7,0,0
C06855,31,two-year,none,mailed-check,0,4,18.0,25.06,813.99,0,0,0.0,0,0
C06856,4,month-to-month,fiber,electronic-check,1,2,28.0,56.33,219.87,1,0,264.8,0,0
C06857,34,one-year,dsl,bank-transfer,1,2,50.0,52.11,1938.24,0,0,57.3,0,0
C06858,35,one-year,fiber,mailed-check,1,2,21.0,67.42,2331.45,1,0,146.5,0,0
C06859,46,month-to-month,fiber,credit-card,0,2,43.0,71.26,3049.85,0,0,298.3,1,1
C06860,72,month-to-month,fiber,mailed-check,0,1,70.0,85.2,6463.88,2,0,356.1,0,0
C06861,2,month-to-month,fiber,credit-card,1,2,36.0,76.37,161.4,2,0,256.9,1,1
C06862,34,two-year,dsl,credit-card,1,4,32.0,59.63,1998.94,0,0,58.4,0,0
C06863,38,one-year,fiber,mailed-check,0,2,21.0,56.47,2277.64,0,1,195.8,0,0
C06864,13,two-year,dsl,bank-transfer,0,2,32.0,62.94,839.92,1,0,125.1,0,0
C06865,20,one-year,none,mailed-check,0,1,41.0,20.53,424.61,1,0,0.0,1,0
C06866,16,two-year,none,electronic-check,0,4,77.0,54.5,,1,0,0.0,0,0
C06867,35,two-year,fiber,credit-card,1,1,42.0,58.43,1928.51,1,1,215.9,0,0
C06868,50,month-to-month,fiber,credit-card,0,3,43.0,64.62,2991.31,1,0,226.9,0,0
C06869,8,two-year,fiber,bank-transfer,0,2,44.0,81.43,685.45,0,0,437.0,0,0
C06870,31,month-to-month,fiber,electronic-check,0,1,32.0,66.94,2268.83,0,1,259.3,0,0
C06871,57,month-to-month,fiber,bank-transfer,0,3,18.0,84.92,4911.62,5,0,172.0,1,1
C06872,14,month-to-month,dsl,credit-card,0,1,67.0,35.18,487.81,1,0,44.9,1,1
C06873,11,month-to-month,dsl,credit-card,0,1,54.0,35.08,349.26,0,0,34.5,0,0
C06874,10,month-to-month,fiber,bank-transfer,1,2,62.0,61.76,667.12,0,0,265.6,0,0
C06875,12,month-to-month,fiber,credit-card,1,2,49.0,47.76,618.79,0,0,243.0,1,1
C06876,72,month-to-month,none,bank-transfer,0,2,62.0,20.82,1473.37,1,0,0.0,0,0
C06877,72,two-year,none,credit-card,0,2,22.0,15.0,1129.2,3,0,0.0,0,0
C06878,62,month-to-month,dsl,mailed-check,1,3,,55.6,3609.45,0,1,118.0,0,0
C06879,19,month-to-month,dsl,electronic-check,0,4,53.0,59.23,1033.5,0,1,69.3,0,0
C06880,64,one-year,dsl,credit-card,0,3,65.0,47.83,3089.51,0,0,64.0,1,1
C06881,9,one-year,fiber,electronic-check,0,4,51.0,84.08,722.25,0,1,365.3,0,0
C06882,41,two-year,none,bank-transfer,0,1,51.0,21.27,902.21,1,0,0.0,0,0
C06883,15,month-to-month,fiber,bank-transfer,0,4,48.0,90.63,1270.75,1,0,161.8,1,1
C06884,8,month-to-month,dsl,credit-card,1,1,23.0,59.78,501.45,0,0,178.0,0,0
C06885,31,two-year,fiber,bank-transfer,1,2,36.0,71.06,2188.05,0,0,,0,0
C06886,31,month-to-month,dsl,mailed-check,1,1,37.0,48.46,1597.75,1,0,58.7,0,0
C06887,34,one-year,dsl,credit-card,0,2,57.0,54.67,1965.19,0,0,246.0,0,0
C06888,36,month-to-month,dsl,electronic-check,0,3,53.0,70.41,2626.55,0,1,65.9,0,0
C06889,30,month-to-month,fiber,credit-card,0,3,68.0,63.73,1736.26,2,1,202.6,1,1
C06890,21,two-year,dsl,bank-transfer,1,2,52.0,45.45,1006.34,0,0,176.5,0,0
C06891,25,month-to-month,dsl,bank-transfer,1,3,,43.96,1123.31,1,0,245.9,0,0
C06892,42,month-to-month,dsl,credit-card,0,3,64.0,49.96,1943.46,1,0,95.9,0,0
C06893,29,one-year,dsl,credit-card,1,2,26.0,46.9,1310.37,0,0,208.9,0,0
C06894,16,month-to-month,dsl,bank-transfer,0,1,41.0,37.98,668.09,1,1,85.0,0,0
C06895,13,month-to-month,dsl,bank-transfer,0,3,31.0,58.34,819.4,0,0,57.9,0,0
C06896,24,month-to-month,fiber,mailed-check,0,3,28.0,79.02,1823.72,0,0,148.7,1,1
C06897,57,month-to-month,dsl,electronic-check,0,2,29.0,49.94,2845.93,1,2,183.2,0,0
C06898,37,one-year,fiber,mailed-check,0,3,,77.58,2606.85,1,0,334.6,0,0
C06899,59,month-to-month,dsl,mailed-check,1,3,48.0,69.2,4478.74,1,0,105.8,0,0
C06900,18,month-to-month,fiber,credit-card,0,1,40.0,67.88,1335.9,3,0,174.5,1,1
C06901,27,month-to-month,none,mailed-check,0,1,49.0,15.0,373.84,0,0,0.0,0,0
C06902,30,two-year,fiber,mailed-check,0,2,48.0,63.65,1850.25,3,1,312.7,0,0
C06903,43,month-to-month,dsl,bank-transfer,1,1,18.0,38.04,1491.73,2,2,54.9,0,0
C06904,18,two-year,fiber,electronic-check,0,3,47.0,86.32,1649.74,3,1,136.2,0,0
C06905,37,month-to-month,none,bank-transfer,0,1,34.0,15.96,586.34,0,0,0.0,0,0
C06906,55,month-to-month,fiber,credit-card,1,2,20.0,61.76,3700.69,2,1,261.9,0,0
C06907,22,one-year,dsl,credit-card,0,1,48.0,35.85,731.86,1,0,79.5,0,0
C06908,11,month-to-month,fiber,credit-card,1,5,46.0,80.4,809.95,1,0,560.7,0,0
C06909,56,one-year,dsl,bank-transfer,0,2,47.0,45.08,2740.05,0,0,205.4,0,0
C06910,39,two-year,fiber,electronic-check,0,1,55.0,58.89,2492.41,1,1,291.0,1,1
C06911,7,two-year,dsl,credit-card,1,1,35.0,52.0,389.76,1,0,55.8,0,0
C06912,23,month-to-month,fiber,credit-card,0,4,30.0,77.66,1706.05,0,0,308.9,0,0
C06913,72,one-year,fiber,credit-card,1,1,44.0,64.35,5095.79,2,1,202.5,0,0
C06914,35,month-to-month,fiber,mailed-check,0,2,38.0,75.98,2463.79,4,0,62.1,0,0
C06915,24,one-year,dsl,electronic-check,1,1,85.0,51.58,1225.14,1,0,220.1,0,0
C06916,10,month-to-month,fiber,credit-card,0,2,43.0,65.11,627.93,1,1,140.4,0,0
C06917,10,month-to-month,none,electronic-check,0,3,45.0,39.64,422.79,0,0,0.0,0,0
C06918,41,month-to-month,fiber,electronic-check,0,3,31.0,74.81,3231.43,2,0,248.2,0,0
C06919,11,month-to-month,dsl,electronic-check,0,2,29.0,45.28,493.01,2,2,172.8,0,0
C06920,30,one-year,fiber,mailed-check,0,3,19.0,82.29,2517.37,2,2,541.2,1,1
C06921,22,month-to-month,fiber,bank-transfer,0,1,39.0,68.14,1616.06,1,0,397.4,0,0
C06922,29,month-to-month,none,credit-card,0,3,41.0,32.35,859.61,0,0,0.0,0,0
C06923,21,one-year,dsl,mailed-check,0,2,60.0,47.1,1074.12,1,1,98.4,0,0
C06924,33,month-to-month,dsl,electronic-check,0,2,40.0,49.99,1804.08,1,0,100.8,1,1
C06925,46,two-year,dsl,credit-card,0,2,38.0,44.15,1890.76,1,0,46.9,0,0
C06926,21,month-to-month,fiber,electronic-check,0,1,47.0,63.3,1418.31,0,1,179.0,0,0
C06927,43,month-to-month,none,electronic-check,0,3,42.0,26.63,1061.53,0,0,0.0,0,0
C06928,61,month-to-month,dsl,bank-transfer,1,2,58.0,51.95,3097.6,2,0,73.7,0,0
C06929,30,month-to-month,none,electronic-check,0,3,65.0,42.3,1257.3,0,1,0.0,0,0
C06930,40,month-to-month,dsl,credit-card,0,1,43.0,43.59,1790.47,2,0,122.6,0,0
C06931,8,one-year,fiber,bank-transfer,0,2,29.0,76.28,604.15,1,0,84.0,0,0
C06932,21,month-to-month,dsl,credit-card,1,1,41.0,46.07,921.97,0,0,78.8,0,0
C06933,6,two-year,none,credit-card,0,1,47.0,29.18,171.32,1,1,0.0,0,0
C06934,16,month-to-month,fiber,bank-transfer,0,2,23.0,83.62,1413.51,0,1,286.0,1,1
C06935,22,one-year,fiber,bank-transfer,1,1,39.0,60.9,1233.41,0,1,113.8,0,0
C06936,72,month-to-month,dsl,bank-transfer,0,1,21.0,31.34,2256.41,1,1,178.9,0,0
C06937,13,month-to-month,fiber,credit-card,1,4,50.0,70.03,948.48,1,1,249.2,0,0
C06938,24,month-to-month,fiber,bank-transfer,1,1,27.0,72.88,1579.32,0,0,198.1,1,1
C06939,11,month-to-month,dsl,credit-card,1,1,39.0,47.55,,1,0,,0,0
C06940,20,one-year,none,credit-card,0,2,41.0,17.18,317.37,0,0,0.0,0,0
C06941,34,month-to-month,dsl,electronic-check,0,3,24.0,67.82,2152.74,1,2,41.1,0,0
C06942,38,month-to-month,none,electronic-check,0,2,,22.45,800.44,0,2,0.0,0,0
C06943,18,two-year,fiber,bank-transfer,0,2,27.0,67.13,1310.11,1,0,103.4,0,0
C06944,14,month-to-month,fiber,electronic-check,1,1,66.0,62.66,848.82,2,0,189.5,1,1
C06945,66,month-to-month,fiber,bank-transfer,0,1,64.0,75.12,,3,0,207.3,1,1
C06946,17,month-to-month,fiber,credit-card,1,4,61.0,73.88,1377.15,3,0,170.3,0,0
C06947,3,month-to-month,dsl,bank-transfer,1,2,46.0,60.25,177.21,0,1,66.8,0,0
C06948,55,month-to-month,fiber,electronic-check,0,2,49.0,74.5,4440.76,1,0,186.3,1,1
C06949,4,one-year,fiber,electronic-check,0,3,41.0,85.92,366.4,2,1,249.5,1,1
C06950,55,one-year,dsl,electronic-check,0,2,52.0,56.13,3098.26,0,1,148.4,0,0
C06951,6,one-year,dsl,mailed-check,1,2,68.0,52.82,338.95,0,1,181.1,0,0
C06952,7,month-to-month,dsl,credit-card,0,4,29.0,65.57,462.05,0,0,148.4,0,0
C06953,9,month-to-month,dsl,mailed-check,0,5,50.0,65.75,548.19,2,1,179.7,1,1
C06954,16,one-year,none,electronic-check,0,3,18.0,24.36,428.24,0,0,0.0,0,0
C06955,55,month-to-month,dsl,electronic-check,0,4,37.0,65.29,3418.91,0,0,87.2,0,0
C06956,9,month-to-month,none,bank-transfer,0,3,43.0,29.43,281.27,1,0,,0,0
C06957,34,month-to-month,none,bank-transfer,0,6,48.0,55.1,1692.94,1,0,0.0,0,0
C06958,29,one-year,none,credit-card,0,1,54.0,29.82,796.77,0,0,0.0,0,0
C06959,25,month-to-month,fiber,credit-card,1,2,63.0,74.67,1849.11,2,0,143.2,0,0
C06960,49,two-year,dsl,bank-transfer,0,2,23.0,57.93,2947.58,0,1,117.7,0,0
C06961,27,month-to-month,fiber,credit-card,0,5,57.0,88.95,2393.68,2,0,575.5,0,0
C06962,28,two-year,fiber,credit-card,1,3,71.0,79.02,2278.15,1,0,385.4,0,0
C06963,40,month-to-month,dsl,credit-card,1,2,38.0,44.94,1806.06,1,0,81.8,1,1
C06964,17,one-year,fiber,mailed-check,0,2,36.0,72.03,1196.09,2,0,450.5,1,1
C06965,24,month-to-month,dsl,credit-card,0,1,47.0,48.56,1246.21,1,0,53.3,0,0
C06966,30,two-year,none,mailed-check,0,2,43.0,27.94,760.53,0,1,0.0,0,0
C06967,45,month-to-month,fiber,bank-transfer,0,2,42.0,72.18,3421.84,0,1,217.6,1,1
C06968,21,two-year,none,credit-card,0,2,67.0,26.69,591.46,1,0,0.0,0,0
C06969,23,one-year,dsl,credit-card,1,4,81.0,76.65,1685.57,1,0,61.0,0,0
C06970,33,one-year,none,credit-card,0,2,40.0,26.09,782.57,0,0,0.0,0,0
C06971,22,month-to-month,fiber,bank-transfer,0,3,80.0,80.95,1701.69,1,0,249.8,0,1
C06972,13,month-to-month,none,credit-card,0,1,40.0,20.25,271.44,0,0,0.0,0,0
C06973,40,two-year,fiber,electronic-check,0,1,56.0,67.73,2914.71,2,0,151.7,0,0
C06974,27,two-year,none,bank-transfer,0,2,29.0,18.26,469.06,3,0,0.0,0,0
C06975,18,month-to-month,fiber,bank-transfer,1,2,32.0,65.45,1066.24,3,1,284.6,1,1
C06976,9,month-to-month,fiber,bank-transfer,0,4,40.0,76.22,669.66,1,0,302.3,1,1
C06977,4,month-to-month,fiber,electronic-check,1,3,57.0,63.96,273.53,1,0,375.3,0,1
C06978,34,month-to-month,dsl,mailed-check,1,2,48.0,51.13,1608.78,2,0,42.0,0,0
C06979,13,month-to-month,none,bank-transfer,0,2,20.0,18.01,212.38,0,0,0.0,0,0
C06980,6,two-year,dsl,bank-transfer,1,5,25.0,56.55,361.06,1,0,64.8,0,0
C06981,12,month-to-month,dsl,mailed-check,0,2,19.0,67.39,860.26,1,0,146.7,1,1
C06982,30,two-year,fiber,mailed-check,0,1,50.0,74.42,2149.44,0,0,323.0,0,0
C06983,13,two-year,none,electronic-check,0,4,47.0,51.65,726.45,1,2,0.0,0,0
C06984,31,month-to-month,fiber,electronic-check,1,1,47.0,64.73,1976.71,2,0,367.8,0,0
C06985,15,month-to-month,none,bank-transfer,0,2,47.0,22.91,344.8,1,0,0.0,0,0
C06986,24,month-to-month,dsl,bank-transfer,1,2,34.0,53.53,1408.24,1,0,110.0,0,0
C06987,25,month-to-month,fiber,bank-transfer,0,2,48.0,73.45,1821.17,1,0,353.1,0,0
C06988,39,one-year,fiber,electronic-check,1,1,66.0,62.71,2607.64,0,0,254.6,0,0
C06989,39,one-year,dsl,electronic-check,0,3,54.0,49.38,1869.53,0,0,105.2,1,1
C06990,24,month-to-month,none,bank-transfer,0,3,27.0,35.24,817.8,1,0,0.0,0,0
C06991,11,two-year,dsl,bank-transfer,0,3,40.0,42.81,436.93,1,0,57.6,0,0
C06992,52,month-to-month,none,electronic-check,0,1,36.0,25.14,1377.36,0,0,0.0,0,0
C06993,17,month-to-month,none,credit-card,0,1,58.0,18.09,304.43,0,1,0.0,0,0
C06994,2,two-year,fiber,electronic-check,0,2,29.0,76.71,152.01,1,0,534.9,0,0
C06995,29,month-to-month,dsl,electronic-check,1,4,48.0,69.07,2040.57,1,1,57.3,0,0
C06996,30,month-to-month,dsl,credit-card,1,1,40.0,50.07,1612.15,0,0,91.4,0,0
C06997,18,month-to-month,fiber,credit-card,0,1,33.0,56.14,969.57,0,0,344.7,1,1
C06998,6,month-to-month,dsl,credit-card,0,2,48.0,38.45,249.28,3,1,160.6,1,1
C06999,5,month-to-month,fiber,credit-card,1,2,42.0,57.82,299.01,1,0,274.6,1,1
C07000,19,one-year,dsl,bank-transfer,0,2,56.0,46.42,890.9,1,0,255.5,0,0
C07001,10,month-to-month,dsl,electronic-check,1,2,38.0,38.54,383.31,1,1,40.1,0,0
C07002,45,one-year,none,bank-transfer,0,8,27.0,54.87,2560.43,0,0,0.0,0,0
C07003,18,month-to-month,dsl,electronic-check,1,2,42.0,43.05,803.87,0,0,42.1,0,0
C07004,17,month-to-month,dsl,credit-card,0,3,49.0,50.62,818.17,1,1,41.4,0,0
C07005,72,two-year,fiber,electronic-check,0,2,54.0,70.09,4737.91,2,0,132.5,0,0
C07006,2,one-year,none,bank-transfer,0,4,42.0,38.27,75.22,0,0,0.0,0,0
C07007,23,one-year,fiber,electronic-check,1,1,58.0,58.72,1408.81,0,1,191.6,0,0
C07008,4,month-to-month,dsl,credit-card,0,3,25.0,51.68,222.28,1,0,72.5,0,0
C07009,56,month-to-month,none,electronic-check,0,2,60.0,27.92,1499.04,1,2,0.0,1,1
C07010,5,two-year,dsl,bank-transfer,1,1,54.0,44.09,202.45,1,0,89.9,0,0
C07011,31,two-year,fiber,mailed-check,1,2,38.0,68.85,2069.83,0,0,369.0,0,0
C07012,28,one-year,fiber,bank-transfer,0,3,61.0,80.53,2396.99,0,0,,0,0
C07013,4,month-to-month,dsl,mailed-check,1,1,50.0,37.88,152.62,0,0,77.9,0,0
C07014,31,month-to-month,fiber,bank-transfer,0,2,64.0,76.69,2184.72,1,0,405.6,0,0
C07015,15,month-to-month,fiber,credit-card,1,2,33.0,88.33,1285.99,1,1,375.6,0,0
C07016,36,month-to-month,fiber,electronic-check,0,1,35.0,67.3,2413.7,2,1,196.2,0,0
C07017,14,month-to-month,fiber,credit-card,1,1,53.0,61.46,939.91,0,0,455.1,0,0
C07018,31,month-to-month,dsl,electronic-check,1,1,46.0,33.46,1124.7,0,2,76.7,1,1
C07019,22,month-to-month,dsl,bank-transfer,0,1,23.0,41.06,889.9,0,0,122.3,0,0
C07020,31,one-year,dsl,electronic-check,0,4,73.0,62.93,2138.2,0,0,49.6,0,0
C07021,35,one-year,dsl,bank-transfer,1,1,71.0,44.09,1454.4,1,1,60.6,0,0
C07022,20,one-year,fiber,bank-transfer,0,2,48.0,69.59,1490.25,0,0,134.9,0,0
C07023,17,month-to-month,none,electronic-check,0,4,35.0,34.14,627.68,0,0,0.0,0,0
C07024,35,month-to-month,dsl,electronic-check,0,1,35.0,41.04,1462.54,1,0,69.5,0,0
C07025,15,two-year,none,electronic-check,0,1,51.0,19.55,306.72,1,0,0.0,0,0
C07026,20,month-to-month,dsl,electronic-check,0,2,67.0,43.54,911.42,1,1,101.7,0,0
C07027,63,two-year,fiber,electronic-check,1,2,85.0,70.79,4844.58,2,0,397.9,0,0
C07028,24,month-to-month,dsl,electronic-check,0,1,40.0,46.25,1001.2,1,2,82.8,1,1
C07029,39,one-year,fiber,bank-transfer,0,5,40.0,96.18,3594.82,0,0,277.9,0,0
C07030,13,month-to-month,none,credit-card,0,3,43.0,23.85,294.32,3,0,0.0,0,0
C07031,31,one-year,dsl,electronic-check,0,3,51.0,60.87,1698.99,0,2,55.3,0,0
C07032,21,two-year,fiber,bank-transfer,1,4,32.0,86.78,1999.83,3,0,197.9,0,0
C07033,18,month-to-month,fiber,mailed-check,1,3,25.0,73.0,1243.44,1,0,498.8,0,0
C07034,4,one-year,dsl,mailed-check,0,2,42.0,44.66,174.14,2,0,74.0,0,0
C07035,10,two-year,fiber,mailed-check,0,1,50.0,75.69,729.94,0,0,670.9,0,0
C07036,72,one-year,fiber,bank-transfer,0,2,71.0,59.59,4645.89,2,0,194.8,0,0
C07037,21,month-to-month,none,electronic-check,0,3,29.0,23.5,541.72,1,1,0.0,0,0
C07038,24,month-to-month,fiber,bank-transfer,0,1,62.0,56.42,1300.59,2,0,708.9,0,0
C07039,44,two-year,fiber,credit-card,0,2,43.0,64.6,3125.85,1,0,497.6,0,0
C07040,29,one-year,fiber,electronic-check,1,4,41.0,78.11,2163.22,1,2,186.7,0,0
C07041,18,two-year,dsl,electronic-check,1,3,22.0,66.87,1285.92,3,0,83.0,0,0
C07042,18,month-to-month,dsl,credit-card,0,5,51.0,61.63,1193.65,0,0,30.5,0,0
C07043,9,one-year,dsl,mailed-check,0,4,49.0,76.83,676.17,0,1,125.9,0,0
C07044,33,two-year,none,mailed-check,0,5,79.0,47.2,1467.0,0,0,0.0,0,0
C07045,34,two-year,fiber,bank-transfer,1,2,41.0,65.97,2121.6,4,0,236.2,0,0
C07046,24,one-year,fiber,credit-card,0,2,68.0,66.06,1576.73,1,0,137.1,0,0
C07047,21,month-to-month,fiber,mailed-check,1,1,40.0,66.57,1454.73,2,0,451.1,0,0
C07048,34,one-year,fiber,credit-card,0,2,40.0,70.61,2612.49,2,0,173.8,0,0
C07049,9,one-year,fiber,credit-card,1,1,20.0,55.69,491.33,1,0,301.4,0,0
C07050,30,month-to-month,fiber,bank-transfer,1,1,62.0,59.16,1754.65,1,0,233.5,0,0
C07051,66,month-to-month,none,electronic-check,0,1,47.0,15.0,924.65,2,1,0.0,0,0
C07052,14,two-year,fiber,electronic-check,1,2,45.0,84.07,1176.68,2,2,,0,0
C07053,19,month-to-month,none,electronic-check,0,1,41.0,21.12,371.5,1,1,0.0,1,1
C07054,54,month-to-month,none,electronic-check,0,2,49.0,22.51,1128.5,1,2,0.0,0,0
C07055,24,one-year,dsl,electronic-check,0,1,34.0,39.64,994.86,0,0,51.9,0,0
C07056,42,two-year,none,electronic-check,0,1,52.0,15.54,655.32,0,1,0.0,0,0
C07057,31,one-year,dsl,credit-card,0,1,31.0,33.27,1079.67,1,1,45.9,1,1
C07058,33,month-to-month,fiber,bank-transfer,1,3,43.0,76.3,2271.81,1,1,289.7,1,1
C07059,13,month-to-month,dsl,bank-transfer,0,2,52.0,56.21,681.84,2,0,134.2,0,1
C07060,13,month-to-month,fiber,credit-card,0,3,66.0,87.54,1081.89,1,0,441.4,0,0
C07061,38,month-to-month,dsl,bank-transfer,1,2,48.0,56.34,2198.24,0,0,,0,0
C07062,7,two-year,none,credit-card,0,1,64.0,25.99,199.5,0,0,0.0,0,0
C07063,20,month-to-month,dsl,credit-card,0,2,45.0,59.33,1186.28,0,2,70.8,0,0
C07064,34,month-to-month,fiber,bank-transfer,0,4,31.0,78.75,2464.48,0,0,205.8,0,0
C07065,19,two-year,dsl,credit-card,0,1,76.0,34.27,613.05,0,0,125.2,0,0
C07066,21,month-to-month,none,credit-card,0,4,43.0,41.22,782.95,1,0,0.0,0,0
C07067,43,month-to-month,fiber,electronic-check,0,1,59.0,59.29,2502.98,1,1,277.1,1,1
C07068,59,month-to-month,fiber,electronic-check,0,2,36.0,69.28,4249.52,0,1,266.5,0,0
C07069,72,month-to-month,fiber,electronic-check,0,2,53.0,61.91,4234.85,1,0,245.5,1,1
C07070,55,month-to-month,none,credit-card,0,1,50.0,29.23,1657.74,2,0,0.0,0,0
C07071,16,two-year,dsl,electronic-check,1,2,45.0,56.8,897.32,0,3,156.7,0,0
C07072,11,two-year,fiber,electronic-check,0,1,75.0,53.78,588.24,2,1,325.8,1,1
C07073,16,one-year,dsl,credit-card,1,1,51.0,45.81,806.24,1,0,,0,0
C07074,34,one-year,dsl,credit-card,0,2,39.0,58.33,2096.76,1,0,127.4,0,0
C07075,18,month-to-month,fiber,bank-transfer,0,3,69.0,73.99,1308.91,3,0,200.6,1,1
C07076,14,two-year,none,bank-transfer,0,1,18.0,19.88,269.91,0,1,0.0,0,0
C07077,64,month-to-month,dsl,credit-card,0,2,23.0,57.73,3933.96,1,0,154.5,1,0
C07078,17,month-to-month,fiber,credit-card,0,4,58.0,77.88,1281.7,1,0,197.2,1,1
C07079,33,month-to-month,none,bank-transfer,0,1,48.0,19.31,605.38,2,0,0.0,1,1
C07080,32,month-to-month,fiber,bank-transfer,1,1,37.0,71.29,2273.81,1,1,223.3,1,1
C07081,4,month-to-month,fiber,bank-transfer,1,2,51.0,61.94,249.43,3,0,351.6,1,1
C07082,61,month-to-month,fiber,mailed-check,0,3,61.0,69.53,4075.02,5,0,303.6,0,0
C07083,8,month-to-month,fiber,credit-card,0,4,29.0,66.31,509.97,1,1,150.5,0,0
C07084,6,month-to-month,dsl,electronic-check,0,2,44.0,66.06,419.51,0,2,84.5,0,0
C07085,16,month-to-month,fiber,bank-transfer,0,3,46.0,75.94,1326.35,1,0,497.6,1,1
C07086,11,one-year,fiber,electronic-check,0,4,50.0,88.4,886.14,2,1,215.1,0,0
C07087,55,month-to-month,none,electronic-check,0,2,55.0,15.46,780.69,1,1,0.0,0,0
C07088,29,one-year,fiber,electronic-check,1,2,18.0,79.91,2417.22,2,0,559.0,1,1
C07089,15,month-to-month,fiber,electronic-check,0,1,53.0,62.64,974.86,1,0,248.9,0,0
C07090,6,month-to-month,fiber,electronic-check,0,2,18.0,81.01,476.04,1,3,484.1,1,1
C07091,31,one-year,none,electronic-check,0,2,44.0,23.39,739.01,0,1,0.0,0,0
C07092,19,one-year,fiber,credit-card,0,2,29.0,61.33,1089.88,2,0,277.6,0,0
C07093,34,month-to-month,fiber,bank-transfer,0,3,48.0,83.69,2613.11,1,0,310.3,0,0
C07094,29,month-to-month,none,electronic-check,0,1,55.0,20.48,623.84,1,3,0.0,1,1
C07095,12,two-year,fiber,bank-transfer,0,4,46.0,70.62,879.6,2,1,203.1,0,0
C07096,37,month-to-month,none,credit-card,0,4,35.0,21.84,774.77,2,1,0.0,0,0
C07097,7,month-to-month,dsl,mailed-check,0,5,25.0,68.32,513.0,1,0,98.2,0,0
C07098,18,month-to-month,none,mailed-check,0,1,44.0,19.78,339.71,1,0,0.0,0,0
C07099,20,two-year,fiber,bank-transfer,0,1,39.0,66.65,1282.06,4,0,1023.2,0,0
C07100,22,month-to-month,none,bank-transfer,0,2,50.0,26.87,592.04,0,0,0.0,0,0
C07101,7,two-year,fiber,credit-card,0,3,39.0,73.86,501.89,4,0,131.3,0,0
C07102,53,one-year,fiber,bank-transfer,0,3,66.0,78.04,4459.8,2,0,170.7,0,1
C07103,12,one-year,dsl,mailed-check,0,1,46.0,50.77,617.54,0,0,87.0,0,0
C07104,4,month-to-month,fiber,credit-card,0,3,59.0,73.81,302.41,3,1,122.6,0,0
C07105,29,one-year,fiber,bank-transfer,0,2,38.0,74.15,1988.1,3,1,281.6,0,0
C07106,72,month-to-month,dsl,mailed-check,0,3,56.0,59.58,3970.55,0,0,186.7,0,0
C07107,4,month-to-month,fiber,bank-transfer,0,1,54.0,73.56,291.92,0,0,569.8,1,1
C07108,43,month-to-month,fiber,mailed-check,1,2,35.0,52.14,2273.09,0,1,254.1,0,0
C07109,24,one-year,dsl,bank-transfer,0,2,23.0,46.56,1090.47,1,0,119.9,0,0
C07110,7,one-year,fiber,credit-card,1,3,64.0,79.41,531.46,2,0,404.5,0,0
C07111,20,two-year,dsl,mailed-check,0,6,39.0,86.77,,0,1,,0,0
C07112,66,month-to-month,dsl,credit-card,0,2,35.0,59.45,3853.87,0,0,93.6,0,0
C07113,57,two-year,fiber,electronic-check,1,1,40.0,74.62,4043.21,2,0,161.4,0,0
C07114,72,two-year,fiber,credit-card,1,2,31.0,91.26,6019.5,4,0,212.8,0,0
C07115,39,two-year,fiber,electronic-check,1,2,54.0,69.32,2557.29,3,0,169.0,0,0
C07116,15,one-year,fiber,credit-card,0,1,45.0,81.57,1266.79,0,0,302.9,0,0
C07117,43,month-to-month,fiber,electronic-check,1,1,46.0,70.47,3003.26,1,2,367.3,0,0
C07118,13,two-year,dsl,mailed-check,0,6,62.0,62.16,727.71,0,0,92.2,0,0
C07119,21,one-year,fiber,credit-card,0,3,46.0,61.32,1304.04,2,0,170.9,0,0
C07120,13,one-year,dsl,bank-transfer,0,1,69.0,43.19,567.7,0,1,66.1,0,0
C07121,38,month-to-month,fiber,electronic-check,0,1,45.0,70.29,2818.39,1,3,398.8,1,1
C07122,36,month-to-month,fiber,mailed-check,0,2,22.0,67.88,2484.1,0,0,193.2,0,0
C07123,14,month-to-month,fiber,bank-transfer,0,1,32.0,65.94,943.91,0,0,902.5,1,1
C07124,50,month-to-month,fiber,mailed-check,0,2,34.0,85.34,4443.1,3,0,154.3,0,0
C07125,61,month-to-month,dsl,mailed-check,0,2,47.0,50.37,3217.5,4,0,54.0,0,0
C07126,16,two-year,dsl,electronic-check,0,2,68.0,65.72,975.0,0,2,56.4,0,0
C07127,32,month-to-month,none,bank-transfer,0,2,48.0,31.19,968.13,1,0,0.0,0,0
C07128,63,month-to-month,fiber,bank-transfer,1,4,42.0,88.53,5622.62,1,0,217.7,1,1
C07129,30,month-to-month,fiber,electronic-check,0,3,40.0,73.2,2017.44,3,2,207.4,0,0
C07130,18,month-to-month,none,electronic-check,0,1,53.0,19.41,316.44,2,1,0.0,1,1
C07131,22,month-to-month,dsl,credit-card,0,3,51.0,55.14,1094.63,0,0,24.8,1,1
C07132,15,one-year,fiber,electronic-check,0,1,57.0,64.3,962.97,0,2,291.8,0,0
C07133,51,two-year,fiber,electronic-check,1,3,34.0,80.21,4202.04,0,0,219.1,0,0
C07134,47,month-to-month,dsl,bank-transfer,0,4,79.0,70.33,3140.08,2,0,314.6,0,0
C07135,13,month-to-month,fiber,electronic-check,0,3,40.0,94.7,1141.39,1,2,195.6,0,0
C07136,15,one-year,dsl,bank-transfer,1,1,35.0,39.41,549.49,0,0,61.1,1,0
C07137,6,month-to-month,fiber,credit-card,0,1,63.0,64.99,357.83,0,0,351.8,1,1
C07138,35,one-year,none,credit-card,0,1,59.0,27.96,902.43,1,0,0.0,0,0
C07139,9,one-year,dsl,bank-transfer,0,2,35.0,50.49,482.11,1,0,120.6,0,0
C07140,72,two-year,dsl,electronic-check,1,3,55.0,44.63,3304.33,0,0,73.9,0,0
C07141,11,month-to-month,fiber,electronic-check,1,2,39.0,76.36,816.19,0,3,184.8,1,1
C07142,3,two-year,dsl,credit-card,1,2,51.0,43.57,127.01,1,0,56.6,0,0
C07143,8,two-year,none,bank-transfer,0,3,49.0,31.57,271.25,1,1,0.0,1,1
C07144,29,month-to-month,fiber,electronic-check,1,1,83.0,78.77,2342.17,0,0,,0,0
C07145,22,month-to-month,dsl,credit-card,1,3,66.0,60.65,1245.07,0,0,107.8,0,0
C07146,11,month-to-month,fiber,mailed-check,0,5,61.0,90.04,1067.71,0,1,852.2,1,1
C07147,21,month-to-month,dsl,electronic-check,0,3,56.0,66.94,1462.22,0,0,195.6,1,1
C07148,14,two-year,none,mailed-check,0,3,26.0,29.01,384.34,0,2,0.0,0,0
C07149,34,month-to-month,dsl,electronic-check,0,1,48.0,47.74,1726.35,0,0,71.8,0,0
C07150,9,month-to-month,dsl,mailed-check,1,3,38.0,53.58,473.66,0,0,167.7,0,0
C07151,26,month-to-month,fiber,electronic-check,1,2,44.0,76.29,2163.82,2,1,366.2,1,1
C07152,27,one-year,none,credit-card,0,1,46.0,15.0,426.18,2,0,0.0,0,0
C07153,22,two-year,dsl,electronic-check,0,2,19.0,42.9,903.55,2,3,127.2,0,0
C07154,31,one-year,fiber,credit-card,0,1,41.0,65.26,2134.38,0,0,152.8,0,0
C07155,21,one-year,none,electronic-check,0,3,47.0,34.83,694.43,0,1,0.0,0,0
C07156,38,month-to-month,fiber,bank-transfer,0,1,59.0,80.23,3256.17,3,0,191.3,0,0
C07157,22,one-year,fiber,electronic-check,1,1,33.0,57.85,1228.85,2,0,235.0,0,0
C07158,52,month-to-month,none,electronic-check,0,2,33.0,24.49,1306.22,0,1,0.0,1,1
C07159,26,month-to-month,fiber,mailed-check,0,1,32.0,67.04,1649.16,0,0,397.8,0,0
C07160,50,one-year,fiber,credit-card,0,3,40.0,65.8,3376.54,1,0,88.1,1,1
C07161,14,two-year,fiber,mailed-check,0,3,28.0,69.01,911.66,0,0,559.8,0,0
C07162,10,one-year,none,electronic-check,0,1,65.0,15.0,137.84,0,2,0.0,0,0
C07163,38,one-year,fiber,bank-transfer,0,1,57.0,69.43,2477.26,2,0,167.1,0,0
C07164,23,month-to-month,fiber,credit-card,0,4,86.0,73.56,1809.09,1,0,205.4,0,0
C07165,2,month-to-month,fiber,bank-transfer,0,2,37.0,79.82,147.94,2,0,282.1,1,1
C07166,12,month-to-month,fiber,credit-card,1,2,58.0,73.35,924.7,2,1,209.4,1,1
C07167,29,one-year,fiber,electronic-check,1,2,27.0,68.46,2142.97,1,0,131.7,0,0
C07168,21,one-year,none,credit-card,0,3,67.0,24.0,483.94,0,0,0.0,0,0
C07169,12,one-year,dsl,bank-transfer,0,2,42.0,53.07,680.13,0,1,127.4,0,0
C07170,22,month-to-month,none,electronic-check,0,3,44.0,27.96,587.21,1,1,0.0,0,0
C07171,25,month-to-month,dsl,bank-transfer,0,2,64.0,54.31,1321.9,0,0,88.3,0,0
C07172,4,month-to-month,fiber,mailed-check,0,2,63.0,79.24,339.93,0,0,316.7,1,1
C07173,49,one-year,fiber,credit-card,1,3,30.0,68.93,3479.45,1,0,289.1,0,0
C07174,57,two-year,dsl,bank-transfer,0,2,43.0,46.53,2675.18,0,0,76.2,0,0
C07175,12,month-to-month,fiber,mailed-check,1,2,66.0,80.23,879.46,1,0,186.2,0,0
C07176,72,one-year,dsl,bank-transfer,0,1,39.0,56.12,4409.73,0,1,52.3,0,0
C07177,21,one-year,fiber,bank-transfer,0,1,50.0,57.28,1084.4,4,0,300.5,1,1
C07178,13,month-to-month,dsl,mailed-check,1,1,53.0,38.29,497.96,0,0,58.0,0,0
C07179,13,month-to-month,fiber,bank-transfer,0,5,66.0,78.2,1070.99,2,1,705.9,1,1
C07180,72,month-to-month,dsl,mailed-check,1,3,55.0,56.9,4059.13,0,0,80.3,0,0
C07181,9,two-year,none,mailed-check,0,3,41.0,18.87,154.76,2,1,0.0,0,0
C07182,26,month-to-month,fiber,credit-card,0,2,18.0,70.27,1919.55,1,1,180.7,1,1
C07183,28,month-to-month,fiber,electronic-check,0,2,56.0,69.68,2119.24,0,0,348.5,1,1
C07184,38,month-to-month,fiber,electronic-check,0,2,48.0,65.09,2676.01,0,0,96.7,0,0
C07185,24,one-year,fiber,mailed-check,1,2,72.0,70.72,1772.91,2,0,309.6,0,0
C07186,70,month-to-month,dsl,electronic-check,0,1,54.0,45.71,3149.67,2,0,80.2,0,0
C07187,72,two-year,none,electronic-check,0,3,37.0,27.14,1878.19,1,1,0.0,0,0
C07188,60,month-to-month,none,bank-transfer,0,2,26.0,38.45,2200.35,0,0,,0,0
C07189,30,two-year,dsl,electronic-check,1,2,42.0,46.74,1484.17,2,4,60.7,0,0
C07190,44,one-year,dsl,electronic-check,1,2,50.0,50.34,1995.93,1,0,145.3,0,0
C07191,18,month-to-month,fiber,mailed-check,0,1,47.0,60.18,1104.91,1,1,275.0,1,1
C07192,51,one-year,none,credit-card,0,1,26.0,27.76,1297.95,0,0,0.0,0,0
C07193,14,one-year,dsl,credit-card,0,2,18.0,40.93,589.85,0,1,209.5,1,1
C07194,11,month-to-month,fiber,mailed-check,1,2,31.0,71.19,706.13,1,0,134.2,0,0
C07195,10,one-year,none,electronic-check,0,1,18.0,15.0,136.4,0,1,0.0,1,1
C07196,35,one-year,dsl,credit-card,0,3,30.0,41.28,1528.05,1,0,106.0,0,0
C07197,65,one-year,fiber,bank-transfer,1,1,49.0,59.65,3856.02,1,1,265.1,0,0
C07198,68,one-year,dsl,mailed-check,0,3,67.0,49.92,3526.82,4,0,139.5,0,0
C07199,2,one-year,fiber,mailed-check,0,2,18.0,74.3,150.8,2,0,129.5,0,0
C07200,46,month-to-month,fiber,bank-transfer,0,3,30.0,68.23,3323.33,2,0,228.4,0,0
C07201,10,month-to-month,fiber,electronic-check,1,2,51.0,53.4,584.17,0,2,,1,1
C07202,72,month-to-month,dsl,bank-transfer,1,4,38.0,44.09,2962.41,1,0,124.1,0,0
C07203,7,one-year,fiber,bank-transfer,0,2,47.0,71.3,494.81,1,0,403.3,0,0
C07204,4,month-to-month,fiber,electronic-check,0,1,51.0,68.74,273.19,6,1,213.7,1,1
C07205,46,month-to-month,fiber,credit-card,0,2,39.0,71.4,3143.96,0,0,235.6,0,0
C07206,17,one-year,fiber,bank-transfer,1,2,63.0,66.6,1138.92,1,0,194.1,0,0
C07207,16,month-to-month,dsl,credit-card,0,1,81.0,47.53,706.87,1,0,52.9,0,0
C07208,12,month-to-month,dsl,credit-card,1,1,29.0,30.22,394.47,0,1,123.2,0,0
C07209,14,two-year,fiber,bank-transfer,1,3,59.0,58.89,774.09,1,0,154.9,0,0
C07210,48,one-year,fiber,mailed-check,0,4,77.0,68.34,3423.38,4,0,248.4,0,0
C07211,10,one-year,fiber,bank-transfer,0,1,67.0,63.56,595.13,4,0,341.0,1,1
C07212,21,month-to-month,dsl,electronic-check,0,2,35.0,56.25,1129.98,1,0,42.7,0,0
C07213,9,one-year,none,credit-card,0,1,40.0,15.0,143.9,1,1,0.0,0,0
C07214,25,two-year,fiber,mailed-check,1,1,19.0,57.85,1544.03,2,1,147.2,0,0
C07215,16,month-to-month,fiber,electronic-check,0,1,36.0,70.05,1020.88,2,1,302.2,1,1
C07216,33,month-to-month,fiber,mailed-check,0,2,37.0,66.66,2122.57,1,0,258.9,0,0
C07217,36,month-to-month,dsl,bank-transfer,0,1,52.0,46.45,1677.52,1,0,63.2,0,0
C07218,65,two-year,fiber,bank-transfer,0,3,28.0,75.79,5219.6,2,0,289.7,0,0
C07219,72,month-to-month,dsl,credit-card,0,2,46.0,40.03,2663.3,2,1,116.7,0,0
C07220,13,month-to-month,dsl,credit-card,0,2,48.0,64.35,819.46,3,0,49.1,1,1
C07221,39,month-to-month,fiber,electronic-check,1,2,38.0,62.93,2634.75,3,0,264.8,1,0
C07222,16,two-year,fiber,electronic-check,0,1,58.0,80.19,1347.54,3,0,176.9,0,0
C07223,35,month-to-month,none,credit-card,0,3,,34.37,1099.59,1,0,0.0,0,0
C07224,34,month-to-month,fiber,electronic-check,0,1,50.0,67.18,2312.95,2,0,80.4,1,1
C07225,33,two-year,dsl,electronic-check,1,4,26.0,48.08,1654.36,0,0,111.9,0,0
C07226,41,month-to-month,dsl,bank-transfer,0,4,33.0,62.74,2686.14,0,0,46.9,0,0
C07227,26,one-year,fiber,electronic-check,1,1,59.0,64.35,1705.31,2,2,198.7,1,1
C07228,17,month-to-month,dsl,electronic-check,0,2,20.0,48.18,799.1,0,0,,1,1
C07229,25,month-to-month,fiber,mailed-check,0,2,56.0,59.58,1602.9,4,1,118.3,1,1
C07230,72,month-to-month,fiber,electronic-check,0,1,40.0,72.01,5116.08,0,1,279.8,0,0
C07231,15,month-to-month,dsl,mailed-check,1,2,18.0,57.37,836.8,3,3,53.5,1,1
C07232,18,month-to-month,none,bank-transfer,0,4,38.0,21.31,380.86,0,0,0.0,0,0
C07233,12,one-year,fiber,electronic-check,1,2,56.0,65.2,837.22,2,0,301.3,0,0
C07234,4,month-to-month,dsl,mailed-check,0,3,80.0,52.71,209.28,2,0,337.1,0,0
C07235,22,month-to-month,fiber,credit-card,1,4,73.0,82.72,1889.8,1,0,269.2,1,1
C07236,37,one-year,dsl,bank-transfer,0,5,31.0,66.15,2562.73,1,0,140.4,0,0
C07237,11,two-year,fiber,mailed-check,0,4,57.0,79.43,906.73,1,0,233.9,0,0
C07238,59,month-to-month,fiber,bank-transfer,1,2,38.0,73.89,4539.56,2,2,644.4,0,0
C07239,32,month-to-month,none,bank-transfer,0,1,36.0,34.94,1087.83,1,0,0.0,0,0
C07240,48,month-to-month,dsl,electronic-check,0,2,60.0,47.64,2065.33,0,1,175.0,0,0
C07241,30,two-year,fiber,electronic-check,1,2,48.0,78.26,2471.92,0,1,103.5,0,0
C07242,21,two-year,none,credit-card,0,4,48.0,49.03,1047.24,0,0,0.0,0,0
C07243,17,month-to-month,fiber,bank-transfer,0,1,20.0,77.22,1419.16,0,0,199.2,0,0
C07244,29,month-to-month,dsl,bank-transfer,0,1,31.0,50.27,1512.95,0,0,130.5,0,0
C07245,31,month-to-month,dsl,credit-card,0,3,31.0,60.23,1699.84,2,0,166.8,0,1
C07246,15,one-year,none,credit-card,0,4,53.0,38.44,600.83,1,0,0.0,0,0
C07247,20,month-to-month,fiber,electronic-check,0,3,56.0,88.53,1689.91,3,2,,1,1
C07248,72,month-to-month,dsl,mailed-check,1,1,71.0,41.9,3304.36,1,0,163.0,0,0
C07249,26,month-to-month,dsl,mailed-check,1,3,31.0,52.0,1355.47,2,0,77.4,0,0
C07250,28,one-year,fiber,mailed-check,0,2,71.0,64.73,1802.7,0,0,481.9,0,0
C07251,67,two-year,none,mailed-check,0,1,41.0,39.52,2621.51,1,1,0.0,0,0
C07252,31,month-to-month,fiber,credit-card,0,3,46.0,87.28,2553.1,2,0,551.3,0,0
C07253,23,two-year,fiber,bank-transfer,1,3,43.0,70.17,1586.35,0,0,181.0,0,0
C07254,47,month-to-month,dsl,credit-card,0,2,49.0,40.36,1868.41,1,1,146.2,0,1
C07255,40,one-year,fiber,electronic-check,1,3,55.0,73.41,3173.71,1,1,135.7,0,0
C07256,28,two-year,none,mailed-check,0,1,61.0,20.57,521.42,0,0,0.0,0,0
C07257,30,one-year,fiber,credit-card,0,4,41.0,82.04,2535.53,1,0,138.6,0,0
C07258,19,month-to-month,fiber,bank-transfer,0,1,46.0,52.69,971.24,3,0,230.3,0,0
C07259,9,month-to-month,dsl,bank-transfer,0,1,31.0,39.08,346.06,0,0,81.1,1,1
C07260,36,two-year,none,credit-card,0,1,55.0,29.72,1164.08,1,0,0.0,0,0
C07261,6,one-year,dsl,electronic-check,1,2,49.0,54.9,322.63,0,0,104.3,0,0
C07262,9,month-to-month,fiber,bank-transfer,0,2,33.0,64.41,628.21,0,0,230.0,0,0
C07263,20,one-year,fiber,bank-transfer,0,1,26.0,72.74,1552.67,3,1,298.7,1,1
C07264,18,month-to-month,dsl,mailed-check,0,2,47.0,57.82,1028.98,1,0,79.3,0,0
C07265,39,month-to-month,none,credit-card,0,1,65.0,37.79,1602.1,0,0,0.0,0,0
C07266,46,two-year,dsl,bank-transfer,0,2,69.0,48.27,2229.29,0,0,56.5,0,0
C07267,72,month-to-month,dsl,electronic-check,1,2,26.0,44.61,3452.4,1,0,116.2,0,0
C07268,5,month-to-month,fiber,bank-transfer,1,3,59.0,73.81,366.09,0,0,111.0,1,1
C07269,33,month-to-month,dsl,electronic-check,0,2,57.0,57.41,2053.06,2,0,198.9,1,1
C07270,32,two-year,fiber,bank-transfer,0,1,66.0,54.97,1903.6,3,0,147.6,1,0
C07271,29,month-to-month,fiber,credit-card,0,2,52.0,70.03,1934.93,1,0,141.6,1,1
C07272,36,month-to-month,fiber,credit-card,1,2,40.0,70.31,2553.17,0,1,520.4,0,0
C07273,41,month-to-month,dsl,mailed-check,0,2,57.0,60.63,2732.58,0,0,69.1,0,0
C07274,60,month-to-month,dsl,credit-card,1,2,18.0,45.7,2752.87,1,0,177.4,0,0
C07275,30,month-to-month,fiber,mailed-check,0,3,30.0,73.83,2241.57,1,1,257.8,0,0
C07276,72,month-to-month,none,credit-card,0,2,32.0,29.18,1895.3,1,0,0.0,0,0
C07277,30,month-to-month,fiber,mailed-check,1,4,35.0,75.08,2230.61,0,0,222.9,1,1
C07278,16,one-year,dsl,mailed-check,0,4,22.0,53.63,787.38,0,0,28.0,0,0
C07279,28,month-to-month,dsl,credit-card,0,2,37.0,64.98,1931.92,2,0,113.1,0,0
C07280,11,month-to-month,none,electronic-check,0,1,37.0,24.46,294.84,0,2,0.0,0,0
C07281,12,one-year,none,electronic-check,0,4,41.0,44.72,492.43,3,1,0.0,0,0
C07282,21,month-to-month,dsl,electronic-check,0,6,49.0,75.81,1584.34,1,2,62.4,0,0
C07283,19,month-to-month,dsl,mailed-check,0,1,26.0,44.06,796.41,0,0,99.3,1,1
C07284,59,two-year,dsl,credit-card,1,1,38.0,40.16,2506.38,1,0,45.9,0,0
C07285,21,one-year,none,mailed-check,0,2,44.0,20.48,438.45,1,1,0.0,0,0
C07286,10,one-year,fiber,electronic-check,0,4,18.0,74.12,695.91,1,0,338.5,1,1
C07287,24,month-to-month,dsl,bank-transfer,0,1,44.0,39.16,919.7,0,1,,1,0
C07288,30,two-year,fiber,bank-transfer,0,5,49.0,78.76,2536.64,4,0,170.3,0,0
C07289,26,month-to-month,dsl,bank-transfer,1,2,56.0,56.24,1566.75,0,0,54.1,0,0
C07290,10,month-to-month,fiber,bank-transfer,1,1,25.0,57.32,617.89,1,1,539.0,0,0
C07291,63,two-year,dsl,credit-card,1,3,43.0,66.14,4358.09,1,0,61.9,0,0
C07292,4,month-to-month,fiber,electronic-check,0,1,64.0,71.03,270.19,2,1,454.3,1,1
C07293,26,one-year,fiber,bank-transfer,0,2,19.0,75.38,1887.63,2,0,230.3,0,0
C07294,9,month-to-month,fiber,bank-transfer,1,3,45.0,76.9,745.33,0,1,122.4,0,0
C07295,49,month-to-month,dsl,mailed-check,0,2,22.0,53.33,2482.85,0,0,63.3,0,0
C07296,33,one-year,none,mailed-check,0,3,39.0,26.62,830.43,1,0,0.0,0,0
C07297,30,month-to-month,fiber,electronic-check,1,2,33.0,63.25,2044.85,1,2,182.7,0,0
C07298,20,one-year,fiber,credit-card,1,4,51.0,76.44,1463.8,0,0,355.7,0,0
C07299,59,month-to-month,dsl,mailed-check,0,2,41.0,39.51,2401.15,2,1,70.4,0,0
C07300,20,month-to-month,dsl,credit-card,1,2,26.0,53.67,991.4,0,0,93.6,0,0
C07301,72,one-year,fiber,bank-transfer,1,2,,62.01,4287.06,1,0,214.0,0,0
C07302,12,month-to-month,dsl,mailed-check,0,2,48.0,55.21,689.37,0,0,76.3,0,0
C07303,24,one-year,none,credit-card,0,2,60.0,30.44,785.35,2,0,0.0,0,0
C07304,41,month-to-month,fiber,credit-card,0,2,29.0,72.08,2668.19,3,0,209.0,1,1
C07305,35,month-to-month,dsl,electronic-check,0,3,39.0,50.95,1691.81,0,1,171.4,0,0
C07306,23,month-to-month,fiber,bank-transfer,1,1,60.0,58.23,1460.46,0,0,232.9,0,0
C07307,5,one-year,none,bank-transfer,0,4,34.0,29.19,146.01,3,1,0.0,1,1
C07308,27,month-to-month,none,electronic-check,0,3,45.0,22.61,639.23,1,1,0.0,0,0
C07309,18,month-to-month,dsl,mailed-check,0,1,44.0,44.91,870.33,1,0,54.1,0,0
C07310,15,two-year,none,mailed-check,0,4,18.0,34.12,466.76,0,0,0.0,0,0
C07311,42,month-to-month,fiber,credit-card,0,2,44.0,85.25,3420.52,1,0,118.4,1,1
C07312,4,one-year,dsl,electronic-check,1,2,39.0,64.86,270.61,1,2,59.7,1,1
C07313,24,month-to-month,dsl,mailed-check,1,3,43.0,67.22,1461.75,0,0,123.3,1,1
C07314,1,month-to-month,none,credit-card,0,4,34.0,33.41,33.26,2,0,0.0,0,0
C07315,35,month-to-month,dsl,bank-transfer,0,1,26.0,33.68,,2,0,109.4,1,1
C07316,43,month-to-month,fiber,credit-card,0,1,33.0,66.48,2999.29,0,1,158.4,0,0
C07317,27,one-year,fiber,credit-card,1,2,37.0,68.02,2006.14,1,2,325.7,1,1
C07318,17,month-to-month,fiber,credit-card,1,3,54.0,75.31,1169.36,1,0,185.2,1,1
C07319,59,month-to-month,none,electronic-check,0,1,37.0,23.45,1400.19,1,1,0.0,0,0
C07320,61,one-year,fiber,electronic-check,0,2,47.0,75.63,4303.87,0,1,342.4,0,0
C07321,31,one-year,dsl,credit-card,1,1,48.0,30.78,1001.5,2,0,59.9,1,1
C07322,68,month-to-month,fiber,electronic-check,1,2,37.0,80.36,5761.48,0,0,203.6,0,0
C07323,12,month-to-month,dsl,credit-card,0,1,60.0,52.66,688.23,0,0,66.1,0,0
C07324,22,month-to-month,fiber,credit-card,0,2,39.0,65.41,1345.38,1,0,226.1,0,0
C07325,2,two-year,dsl,mailed-check,0,3,37.0,62.12,115.01,0,0,82.5,0,0
C07326,9,one-year,fiber,bank-transfer,1,3,62.0,72.99,658.37,2,0,317.4,0,0
C07327,8,one-year,fiber,electronic-check,0,4,47.0,80.28,651.5,0,2,770.6,0,0
C07328,35,month-to-month,fiber,bank-transfer,0,2,18.0,68.82,2624.01,2,1,469.9,1,1
C07329,9,month-to-month,none,credit-card,0,1,18.0,15.0,134.4,1,0,0.0,0,0
C07330,14,month-to-month,dsl,mailed-check,0,4,69.0,49.96,768.56,1,0,51.6,0,0
C07331,15,month-to-month,dsl,credit-card,0,1,46.0,66.87,974.57,2,0,114.5,1,1
C07332,7,month-to-month,none,bank-transfer,0,1,42.0,25.03,178.48,0,0,0.0,0,0
C07333,25,month-to-month,dsl,electronic-check,1,2,18.0,51.11,1224.55,0,1,63.4,0,0
C07334,29,month-to-month,dsl,electronic-check,0,3,43.0,69.5,1909.07,1,0,50.6,1,1
C07335,6,month-to-month,dsl,mailed-check,0,3,29.0,41.55,255.5,1,0,81.7,0,0
C07336,39,month-to-month,fiber,mailed-check,1,1,40.0,63.04,2570.43,0,0,127.2,0,0
C07337,11,month-to-month,fiber,credit-card,1,1,34.0,60.07,642.67,0,0,432.0,0,1
C07338,15,one-year,none,credit-card,0,4,41.0,31.05,430.13,0,0,0.0,0,0
C07339,33,one-year,fiber,electronic-check,1,3,48.0,75.25,2485.61,1,1,110.4,0,0
C07340,15,month-to-month,fiber,credit-card,0,1,51.0,61.5,900.01,2,1,338.6,0,0
C07341,9,one-year,none,bank-transfer,0,5,44.0,25.76,225.07,0,0,0.0,0,0
C07342,24,month-to-month,fiber,bank-transfer,1,2,47.0,61.88,1586.86,1,0,305.4,0,0
C07343,49,month-to-month,dsl,mailed-check,0,2,18.0,42.64,2091.53,1,0,96.1,0,0
C07344,45,two-year,dsl,mailed-check,1,3,44.0,51.45,2418.96,1,0,91.1,0,0
C07345,14,month-to-month,fiber,credit-card,0,2,48.0,62.37,831.87,3,0,302.8,1,1
C07346,10,one-year,fiber,credit-card,1,2,44.0,68.58,645.3,3,0,144.4,0,0
C07347,12,month-to-month,fiber,mailed-check,0,1,67.0,63.82,711.46,1,0,191.7,1,1
C07348,46,month-to-month,dsl,credit-card,0,5,41.0,47.76,2159.32,0,1,185.9,0,0
C07349,12,month-to-month,none,credit-card,0,3,25.0,21.42,263.37,1,1,0.0,0,0
C07350,66,month-to-month,none,credit-card,0,2,45.0,26.73,1838.1,0,1,0.0,1,1
C07351,33,month-to-month,fiber,bank-transfer,0,4,36.0,79.11,2409.78,2,0,568.7,1,1
C07352,22,month-to-month,fiber,credit-card,1,2,19.0,55.94,1144.36,1,0,368.1,0,0
C07353,14,month-to-month,dsl,bank-transfer,1,1,40.0,51.44,740.17,1,2,262.5,0,0
C07354,25,month-to-month,dsl,credit-card,0,4,67.0,64.86,1754.31,0,0,80.5,0,0
C07355,9,month-to-month,fiber,electronic-check,1,5,39.0,103.64,979.18,2,0,212.1,1,1
C07356,6,month-to-month,fiber,credit-card,0,2,61.0,84.11,539.89,0,2,226.2,1,1
C07357,33,month-to-month,fiber,electronic-check,0,2,56.0,63.18,1964.79,2,1,312.6,1,1
C07358,22,month-to-month,fiber,electronic-check,1,2,81.0,68.98,1638.95,2,2,402.5,1,1
C07359,40,one-year,dsl,bank-transfer,1,3,52.0,55.25,2147.8,0,0,114.6,0,0
C07360,28,two-year,none,mailed-check,0,3,46.0,40.2,1143.17,0,0,,0,0
C07361,14,month-to-month,fiber,bank-transfer,1,1,46.0,62.71,944.87,0,0,159.2,0,0
C07362,45,month-to-month,dsl,credit-card,0,2,49.0,60.77,2567.17,0,1,83.1,0,0
C07363,15,two-year,fiber,electronic-check,1,1,41.0,67.27,1103.11,3,0,409.1,0,0
C07364,54,one-year,fiber,credit-card,0,3,37.0,68.61,3980.5,1,0,233.3,0,0
C07365,15,two-year,fiber,credit-card,1,1,52.0,55.57,757.56,2,0,,0,0
C07366,7,one-year,fiber,mailed-check,0,4,36.0,88.14,646.69,1,0,462.0,0,0
C07367,61,one-year,fiber,mailed-check,0,1,18.0,72.74,4733.47,1,0,160.7,0,0
C07368,14,month-to-month,dsl,bank-transfer,0,4,,68.75,982.87,2,1,84.1,0,0
C07369,15,month-to-month,dsl,bank-transfer,0,2,70.0,29.35,442.69,1,0,92.2,0,0
C07370,7,one-year,dsl,electronic-check,1,1,40.0,43.96,320.2,0,0,36.8,0,0
C07371,21,month-to-month,dsl,credit-card,0,1,57.0,55.03,1083.72,2,0,54.1,0,0
C07372,8,one-year,fiber,credit-card,0,3,35.0,63.56,532.8,0,0,,0,0
C07373,59,two-year,fiber,electronic-check,0,3,58.0,79.55,4941.27,0,0,398.3,0,0
C07374,17,month-to-month,fiber,bank-transfer,0,2,51.0,65.57,1198.24,2,1,281.6,0,0
C07375,10,month-to-month,fiber,credit-card,1,1,75.0,57.47,605.75,0,0,933.9,0,0
C07376,24,two-year,fiber,electronic-check,1,2,65.0,64.18,1472.18,0,1,658.4,0,0
C07377,72,two-year,none,electronic-check,0,3,56.0,42.64,2998.54,1,3,0.0,0,0
C07378,25,two-year,none,bank-transfer,0,3,36.0,37.16,1012.19,1,1,0.0,0,0
C07379,19,one-year,dsl,mailed-check,0,2,27.0,49.06,1020.37,3,1,56.7,0,0
C07380,23,two-year,dsl,electronic-check,0,2,43.0,67.61,1570.46,1,0,61.3,0,0
C07381,41,month-to-month,dsl,electronic-check,0,2,45.0,35.67,1458.17,1,0,,0,0
C07382,39,month-to-month,dsl,credit-card,1,2,39.0,44.88,1686.8,0,0,37.3,0,0
C07383,28,month-to-month,dsl,electronic-check,1,2,56.0,62.8,1803.58,1,0,52.6,0,0
C07384,47,month-to-month,fiber,electronic-check,0,1,46.0,63.56,2955.36,2,1,523.1,0,0
C07385,24,two-year,none,electronic-check,0,1,45.0,18.34,470.27,1,2,0.0,0,0
C07386,20,month-to-month,dsl,electronic-check,0,2,68.0,49.03,947.73,0,0,33.1,1,1
C07387,24,one-year,fiber,credit-card,0,4,47.0,76.34,1982.34,2,1,197.1,0,0
C07388,15,month-to-month,dsl,bank-transfer,0,4,25.0,67.43,1108.89,0,0,131.6,0,0
C07389,42,one-year,dsl,mailed-check,1,1,60.0,38.39,1769.89,0,0,63.8,0,0
C07390,14,month-to-month,none,credit-card,0,2,48.0,46.51,691.35,2,0,0.0,1,1
C07391,3,month-to-month,fiber,electronic-check,1,1,41.0,53.68,163.77,3,0,76.0,1,1
C07392,6,month-to-month,dsl,mailed-check,0,1,31.0,58.54,324.0,0,0,38.6,0,0
C07393,30,month-to-month,fiber,credit-card,1,2,64.0,76.6,2304.21,2,1,181.3,0,0
C07394,12,month-to-month,fiber,mailed-check,0,2,70.0,64.54,849.07,1,0,259.9,0,0
C07395,39,one-year,fiber,mailed-check,0,1,35.0,67.06,2620.13,0,0,291.9,0,0
C07396,22,month-to-month,fiber,electronic-check,1,5,49.0,91.76,2114.09,1,1,96.3,0,0
C07397,42,two-year,fiber,electronic-check,1,1,52.0,70.01,2702.13,2,0,240.1,0,0
C07398,3,two-year,dsl,mailed-check,0,3,19.0,39.79,130.35,0,0,142.9,0,0
C07399,14,month-to-month,dsl,credit-card,0,2,44.0,53.09,814.64,0,1,47.1,0,0
C07400,10,month-to-month,dsl,electronic-check,1,1,19.0,33.89,317.83,1,1,88.1,1,1
C07401,72,month-to-month,fiber,bank-transfer,1,2,45.0,78.39,5359.11,1,0,265.0,1,1
C07402,16,month-to-month,dsl,mailed-check,0,1,79.0,53.56,842.26,0,0,128.5,1,1
C07403,6,month-to-month,dsl,bank-transfer,0,2,23.0,39.05,246.52,0,0,105.0,0,0
C07404,29,two-year,dsl,electronic-check,0,2,73.0,34.19,1039.9,0,1,88.0,0,0
C07405,9,two-year,dsl,credit-card,1,3,72.0,52.56,467.76,2,1,75.0,0,0
C07406,45,month-to-month,fiber,credit-card,0,3,45.0,73.07,3454.78,0,0,244.5,0,0
C07407,50,one-year,fiber,electronic-check,1,2,53.0,70.06,3735.93,3,0,610.5,1,1
C07408,10,two-year,none,bank-transfer,0,5,41.0,43.37,428.87,0,0,0.0,0,0
C07409,12,month-to-month,fiber,bank-transfer,0,2,38.0,68.76,884.69,3,0,146.0,1,1
C07410,27,two-year,fiber,electronic-check,0,1,48.0,65.83,1724.15,1,1,277.9,0,0
C07411,45,two-year,fiber,credit-card,1,2,33.0,63.33,2674.4,1,1,127.5,0,0
C07412,30,two-year,dsl,bank-transfer,1,1,52.0,36.78,1056.06,0,1,43.7,0,0
C07413,16,one-year,dsl,bank-transfer,0,4,46.0,64.83,935.33,1,0,300.0,0,0
C07414,7,month-to-month,dsl,mailed-check,0,3,29.0,59.16,384.78,0,0,96.4,0,0
C07415,70,month-to-month,none,credit-card,0,2,56.0,22.14,1508.86,0,1,0.0,0,0
C07416,30,two-year,fiber,bank-transfer,0,3,56.0,66.58,2063.21,1,0,234.3,0,0
C07417,72,month-to-month,fiber,mailed-check,0,4,62.0,92.42,6100.52,3,0,388.1,0,0
C07418,34,month-to-month,none,electronic-check,0,5,38.0,53.69,1747.88,1,2,0.0,1,1
C07419,72,month-to-month,dsl,electronic-check,0,2,60.0,59.11,4318.48,0,1,54.5,0,0
C07420,11,month-to-month,none,bank-transfer,0,4,78.0,40.06,405.24,0,0,0.0,0,0
C07421,12,month-to-month,dsl,electronic-check,0,2,45.0,41.28,475.52,0,3,64.7,1,1
C07422,19,two-year,fiber,mailed-check,0,5,47.0,95.25,1711.52,2,0,209.3,0,0
C07423,11,month-to-month,none,mailed-check,0,1,55.0,24.63,254.17,0,0,0.0,0,0
C07424,5,month-to-month,fiber,electronic-check,0,3,18.0,66.81,303.18,2,2,112.3,0,0
C07425,13,month-to-month,dsl,electronic-check,1,1,25.0,50.64,715.35,1,0,126.5,0,0
C07426,33,one-year,fiber,electronic-check,0,4,37.0,75.92,2718.74,1,0,121.4,0,0
C07427,8,one-year,dsl,electronic-check,0,4,40.0,66.63,534.28,0,1,91.5,0,0
C07428,8,two-year,dsl,electronic-check,0,3,,64.16,513.58,1,1,27.7,0,0
C07429,14,two-year,fiber,credit-card,0,6,49.0,94.16,1192.14,1,0,412.0,0,0
C07430,10,month-to-month,none,electronic-check,0,3,24.0,23.32,222.29,0,0,0.0,0,0
C07431,15,two-year,fiber,bank-transfer,0,2,62.0,74.94,1185.52,2,0,220.8,0,1
C07432,21,month-to-month,fiber,credit-card,0,1,50.0,69.49,1569.45,1,0,243.3,0,0
C07433,8,one-year,fiber,credit-card,1,3,46.0,69.39,584.5,2,1,290.2,0,0
C07434,14,one-year,dsl,credit-card,0,3,52.0,52.27,727.46,1,1,117.6,0,0
C07435,22,month-to-month,dsl,bank-transfer,1,3,36.0,70.24,1578.1,2,0,134.4,0,0
C07436,11,month-to-month,dsl,credit-card,0,2,41.0,63.25,679.16,0,0,,0,0
C07437,7,one-year,dsl,electronic-check,1,2,29.0,45.62,324.32,0,0,234.0,0,0
C07438,12,month-to-month,dsl,mailed-check,0,2,18.0,33.83,384.69,2,0,99.5,0,0
C07439,17,one-year,none,credit-card,0,1,41.0,31.86,577.32,0,0,0.0,0,0
C07440,4,month-to-month,none,credit-card,0,1,71.0,36.96,143.62,0,0,0.0,0,0
C07441,34,one-year,fiber,credit-card,1,1,36.0,77.59,2625.35,1,0,79.9,0,0
C07442,17,two-year,dsl,electronic-check,1,3,22.0,52.16,934.89,2,0,47.7,0,0
C07443,12,month-to-month,fiber,credit-card,1,2,53.0,75.37,978.97,2,0,278.1,0,0
C07444,5,month-to-month,fiber,credit-card,0,2,38.0,62.6,290.63,0,0,190.4,0,0
C07445,31,one-year,dsl,credit-card,0,3,52.0,63.65,1819.1,0,1,119.0,0,0
C07446,50,month-to-month,dsl,credit-card,1,1,55.0,40.34,2090.82,0,0,82.4,0,0
C07447,14,month-to-month,dsl,electronic-check,0,2,37.0,44.92,604.43,2,0,95.2,0,0
C07448,72,one-year,dsl,electronic-check,1,3,51.0,54.32,,1,1,74.6,0,0
C07449,21,month-to-month,dsl,bank-transfer,0,2,44.0,45.52,975.57,0,0,111.0,0,0
C07450,22,one-year,none,bank-transfer,0,4,18.0,40.88,849.43,2,0,0.0,0,0
C07451,40,month-to-month,fiber,electronic-check,0,2,37.0,63.17,2648.07,1,2,127.7,0,0
C07452,32,month-to-month,fiber,mailed-check,0,3,33.0,95.7,3266.54,0,1,417.0,0,0
C07453,8,month-to-month,fiber,electronic-check,1,3,22.0,79.4,646.61,2,0,326.1,0,0
C07454,13,two-year,fiber,electronic-check,1,4,32.0,77.2,1057.76,0,1,327.8,0,0
C07455,45,month-to-month,none,mailed-check,0,2,55.0,17.19,764.54,1,0,0.0,0,0
C07456,32,month-to-month,fiber,bank-transfer,0,1,45.0,62.52,1832.45,1,0,140.8,0,0
C07457,72,month-to-month,fiber,credit-card,1,2,18.0,68.33,4808.08,0,0,395.8,0,0
C07458,29,one-year,fiber,electronic-check,0,2,28.0,67.83,2063.18,0,1,276.0,0,0
C07459,33,one-year,fiber,credit-card,0,2,45.0,66.04,2016.86,0,0,112.8,0,0
C07460,12,month-to-month,dsl,bank-transfer,1,3,45.0,48.42,559.06,0,0,101.5,0,0
C07461,50,month-to-month,none,electronic-check,0,2,40.0,32.26,1725.33,2,0,0.0,0,0
C07462,2,month-to-month,dsl,electronic-check,0,4,56.0,71.3,144.56,1,4,53.0,1,1
C07463,25,one-year,fiber,bank-transfer,1,1,51.0,58.1,1328.33,1,1,188.8,0,0
C07464,34,two-year,dsl,bank-transfer,0,1,36.0,44.6,1563.11,0,0,73.4,0,0
C07465,27,one-year,none,credit-card,0,3,35.0,15.61,388.19,0,0,0.0,0,0
C07466,21,one-year,fiber,credit-card,0,4,42.0,75.63,1567.99,0,1,378.1,0,0
C07467,20,month-to-month,dsl,bank-transfer,0,1,18.0,60.75,1220.48,0,0,198.9,0,0
C07468,22,one-year,dsl,credit-card,1,2,49.0,59.6,1310.33,0,0,69.6,0,0
C07469,9,one-year,dsl,mailed-check,0,3,26.0,59.95,,0,1,82.7,0,0
C07470,27,month-to-month,fiber,bank-transfer,1,3,63.0,65.75,1809.25,2,0,286.1,0,0
C07471,12,two-year,dsl,mailed-check,0,5,19.0,59.42,698.92,0,0,156.1,0,0
C07472,14,month-to-month,dsl,mailed-check,1,3,51.0,50.87,744.34,1,0,41.8,0,0
C07473,8,one-year,dsl,bank-transfer,1,2,18.0,58.17,492.0,0,0,99.2,0,0
C07474,72,one-year,fiber,bank-transfer,1,3,35.0,85.41,5953.21,1,1,177.0,0,0
C07475,26,two-year,fiber,mailed-check,1,2,51.0,70.07,1811.59,0,0,248.2,0,0
C07476,6,month-to-month,dsl,credit-card,0,1,59.0,52.27,318.94,0,0,82.9,0,0
C07477,24,two-year,dsl,bank-transfer,0,1,58.0,39.19,991.31,2,0,130.9,0,0
C07478,49,month-to-month,none,credit-card,0,1,55.0,22.65,1079.71,0,0,0.0,0,0
C07479,27,month-to-month,dsl,electronic-check,1,3,57.0,63.48,1736.23,0,2,,0,0
C07480,21,two-year,fiber,electronic-check,0,1,58.0,77.85,1722.18,2,1,218.9,1,1
C07481,11,month-to-month,dsl,electronic-check,0,2,37.0,40.81,445.9,2,1,111.3,1,1
C07482,27,one-year,dsl,bank-transfer,0,2,39.0,61.71,1564.75,2,0,55.5,1,1
C07483,38,month-to-month,dsl,electronic-check,0,2,55.0,69.4,2490.9,1,1,135.3,0,0
C07484,38,two-year,dsl,electronic-check,1,1,61.0,33.76,1156.43,0,0,39.4,0,0
C07485,25,one-year,fiber,electronic-check,0,1,42.0,52.46,1371.67,2,0,799.4,1,1
C07486,25,month-to-month,fiber,mailed-check,1,4,37.0,93.18,2184.85,2,1,519.5,0,0
C07487,55,two-year,fiber,credit-card,0,3,36.0,72.17,3844.49,6,1,262.3,1,1
C07488,51,month-to-month,fiber,credit-card,0,3,32.0,73.78,3608.59,0,0,321.5,0,0
C07489,19,one-year,dsl,credit-card,0,1,52.0,55.06,958.21,1,0,74.6,1,1
C07490,71,one-year,fiber,electronic-check,1,1,62.0,58.49,4481.12,2,1,229.5,0,0
C07491,6,one-year,none,mailed-check,0,5,52.0,42.76,244.08,0,0,0.0,0,0
C07492,26,one-year,fiber,bank-transfer,1,3,44.0,64.71,1547.61,2,0,230.4,0,0
C07493,28,two-year,dsl,bank-transfer,1,3,73.0,62.62,1821.2,1,0,71.5,0,0
C07494,10,one-year,dsl,mailed-check,0,2,45.0,57.58,551.13,1,0,135.2,0,0
C07495,5,two-year,fiber,credit-card,0,1,66.0,67.09,311.97,1,2,217.7,1,1
C07496,11,month-to-month,dsl,mailed-check,1,3,29.0,55.82,624.69,0,0,,0,0
C07497,43,month-to-month,none,mailed-check,0,3,48.0,30.61,1369.44,1,0,0.0,0,0
C07498,44,one-year,none,electronic-check,0,1,30.0,19.35,793.17,1,0,0.0,0,0
C07499,36,month-to-month,fiber,bank-transfer,0,2,31.0,70.13,2336.86,2,0,252.2,1,1
C07500,12,month-to-month,dsl,electronic-check,0,2,33.0,57.7,702.13,2,0,50.4,0,0
C07501,44,one-year,fiber,credit-card,0,3,46.0,61.44,2456.13,2,0,81.1,1,1
C07502,13,month-to-month,dsl,credit-card,0,1,38.0,60.4,724.78,1,0,72.8,0,0
C07503,27,month-to-month,fiber,credit-card,0,1,18.0,67.22,1699.48,2,1,357.8,0,0
C07504,22,month-to-month,none,credit-card,0,2,38.0,43.74,891.35,0,0,0.0,0,0
C07505,16,month-to-month,dsl,mailed-check,0,3,36.0,57.73,910.27,0,2,94.3,0,0
C07506,35,month-to-month,fiber,electronic-check,1,1,19.0,65.8,2355.92,0,1,150.2,0,0
C07507,40,month-to-month,none,bank-transfer,0,1,52.0,25.73,1016.99,3,0,0.0,0,0
C07508,11,two-year,dsl,electronic-check,0,4,55.0,50.72,597.84,0,0,112.9,0,0
C07509,23,month-to-month,fiber,electronic-check,0,3,54.0,67.17,1561.66,0,1,468.1,0,0
C07510,38,two-year,dsl,credit-card,1,2,71.0,49.11,1978.4,1,0,93.6,0,0
C07511,1,two-year,dsl,credit-card,0,1,28.0,46.32,47.69,1,0,204.4,0,0
C07512,30,month-to-month,fiber,bank-transfer,1,1,29.0,73.97,2050.3,1,0,358.9,0,0
C07513,39,two-year,fiber,electronic-check,0,3,44.0,76.33,3273.47,1,0,221.8,0,0
C07514,31,month-to-month,fiber,credit-card,1,1,43.0,77.33,2346.1,0,1,138.6,1,1
C07515,32,one-year,fiber,mailed-check,0,1,47.0,44.3,1410.67,0,0,180.7,0,0
C07516,21,two-year,none,electronic-check,0,1,58.0,35.17,802.49,0,1,0.0,0,0
C07517,37,two-year,fiber,bank-transfer,0,4,41.0,77.43,2825.04,2,1,301.2,0,0
C07518,7,month-to-month,dsl,credit-card,1,1,60.0,51.17,338.35,1,1,102.4,0,0
C07519,11,month-to-month,none,bank-transfer,0,1,33.0,30.31,321.93,1,0,0.0,0,0
C07520,32,month-to-month,none,bank-transfer,0,2,,15.18,449.37,0,0,0.0,0,0
C07521,37,two-year,dsl,credit-card,0,1,28.0,57.27,1991.46,0,0,66.4,0,0
C07522,49,month-to-month,dsl,mailed-check,1,2,18.0,56.74,2847.44,0,2,92.3,0,0
C07523,64,month-to-month,none,bank-transfer,0,1,19.0,34.91,2427.31,0,0,0.0,0,0
C07524,12,month-to-month,dsl,credit-card,0,5,58.0,66.32,819.01,0,0,131.1,0,0
C07525,9,month-to-month,dsl,bank-transfer,0,1,62.0,45.68,440.31,1,0,175.2,0,0
C07526,42,month-to-month,fiber,credit-card,0,2,26.0,64.78,2635.33,2,0,,0,0
C07527,16,month-to-month,fiber,mailed-check,0,5,59.0,80.07,,3,0,516.5,1,1
C07528,22,one-year,fiber,credit-card,1,3,18.0,75.19,1493.91,0,1,460.4,0,0
C07529,39,month-to-month,fiber,bank-transfer,0,1,,70.38,2647.24,4,1,207.7,0,0
C07530,26,month-to-month,fiber,electronic-check,1,1,38.0,71.72,1679.64,2,1,277.8,0,0
C07531,36,month-to-month,fiber,credit-card,1,1,61.0,57.62,2163.55,1,0,203.8,0,0
C07532,11,month-to-month,dsl,bank-transfer,0,2,72.0,49.89,586.51,0,1,77.8,0,0
C07533,28,one-year,fiber,electronic-check,1,2,38.0,72.51,2060.97,3,1,,0,0
C07534,28,month-to-month,fiber,mailed-check,1,2,44.0,53.47,1408.36,2,0,151.8,0,0
C07535,49,month-to-month,dsl,electronic-check,1,2,61.0,57.58,2614.45,0,0,99.0,0,0
C07536,56,month-to-month,fiber,credit-card,1,2,79.0,68.6,3479.35,0,0,159.4,0,0
C07537,15,month-to-month,dsl,bank-transfer,0,3,63.0,55.78,865.03,1,0,56.3,0,0
C07538,10,two-year,fiber,bank-transfer,0,6,27.0,102.32,985.75,1,1,412.7,0,0
C07539,38,two-year,dsl,bank-transfer,0,5,58.0,57.7,2399.85,0,1,145.1,0,0
C07540,5,month-to-month,none,mailed-check,0,2,35.0,18.69,97.66,0,1,0.0,1,1
C07541,40,month-to-month,fiber,credit-card,0,3,66.0,57.34,2392.16,1,1,204.4,0,0
C07542,42,month-to-month,none,bank-transfer,0,4,54.0,35.02,1374.23,0,0,0.0,0,0
C07543,14,one-year,none,bank-transfer,0,2,30.0,34.33,465.63,1,0,0.0,0,0
C07544,1,month-to-month,none,credit-card,0,2,62.0,15.0,15.52,3,0,0.0,0,0
C07545,45,two-year,none,bank-transfer,0,5,53.0,32.28,1416.55,0,0,0.0,0,0
C07546,59,month-to-month,dsl,credit-card,1,6,51.0,71.86,4223.17,1,0,62.3,0,0
C07547,56,two-year,fiber,electronic-check,1,3,45.0,71.85,,2,0,179.5,0,0
C07548,58,month-to-month,fiber,credit-card,0,2,37.0,66.92,3799.6,2,0,337.6,0,0
C07549,7,month-to-month,fiber,bank-transfer,0,2,54.0,71.77,486.28,0,1,179.9,0,0
C07550,24,month-to-month,fiber,electronic-check,0,1,78.0,80.23,1985.16,1,0,212.7,0,0
C07551,28,month-to-month,none,bank-transfer,0,5,74.0,40.87,1142.92,0,1,,0,0
C07552,25,two-year,fiber,bank-transfer,0,2,42.0,72.46,1678.39,2,0,229.8,0,0
C07553,37,month-to-month,dsl,bank-transfer,0,1,18.0,49.39,1938.66,1,1,96.3,0,0
C07554,9,month-to-month,none,electronic-check,0,2,37.0,15.0,136.11,0,0,0.0,1,1
C07555,4,two-year,fiber,bank-transfer,0,1,47.0,68.13,297.97,1,0,338.2,0,0
C07556,3,month-to-month,fiber,bank-transfer,0,2,49.0,58.2,168.16,0,0,563.5,1,0
C07557,46,month-to-month,fiber,electronic-check,0,2,58.0,70.76,3283.77,1,0,470.8,0,0
C07558,7,month-to-month,fiber,bank-transfer,1,2,,79.29,568.03,0,0,665.9,0,0
C07559,25,month-to-month,dsl,electronic-check,1,2,56.0,47.2,1252.1,1,1,71.2,1,1
C07560,14,two-year,fiber,credit-card,0,4,35.0,89.13,1367.53,1,0,330.9,0,0
C07561,14,month-to-month,dsl,bank-transfer,0,3,37.0,41.72,580.99,1,0,94.2,1,1
C07562,19,one-year,fiber,mailed-check,0,1,29.0,67.75,1288.56,2,0,653.6,1,1
C07563,15,month-to-month,dsl,electronic-check,0,3,49.0,57.87,864.65,2,0,123.2,1,1
C07564,4,month-to-month,fiber,bank-transfer,1,1,58.0,43.96,163.23,3,0,,0,0
C07565,19,one-year,dsl,electronic-check,0,2,61.0,54.63,1111.35,0,1,105.4,0,0
C07566,11,one-year,fiber,bank-transfer,1,2,18.0,46.64,468.73,3,0,222.4,1,0
C07567,11,one-year,dsl,bank-transfer,1,2,52.0,51.88,603.99,0,0,279.5,0,0
C07568,71,month-to-month,dsl,credit-card,0,3,29.0,59.08,4442.69,1,0,49.9,0,0
C07569,6,month-to-month,fiber,credit-card,1,4,54.0,77.09,502.57,3,0,233.6,0,0
C07570,19,one-year,dsl,credit-card,1,3,29.0,56.84,1064.68,1,0,141.8,0,0
C07571,26,one-year,fiber,electronic-check,1,2,56.0,88.61,2302.62,1,1,178.4,0,0
C07572,71,month-to-month,none,bank-transfer,0,2,35.0,21.11,1645.55,2,1,0.0,0,0
C07573,8,month-to-month,none,mailed-check,0,3,36.0,21.13,166.18,1,1,0.0,0,0
C07574,54,one-year,fiber,credit-card,0,1,57.0,81.82,4159.78,1,1,226.5,0,0
C07575,19,month-to-month,dsl,credit-card,1,3,37.0,57.02,1017.04,0,0,51.0,0,0
C07576,20,one-year,fiber,electronic-check,1,2,59.0,79.72,1466.4,1,1,614.6,0,0
C07577,35,one-year,dsl,credit-card,0,2,56.0,37.31,1247.33,0,0,90.6,0,0
C07578,60,month-to-month,fiber,bank-transfer,1,2,43.0,50.6,3166.0,0,0,209.7,0,0
C07579,15,month-to-month,dsl,credit-card,0,4,38.0,53.33,772.43,1,1,167.8,0,0
C07580,28,month-to-month,none,credit-card,0,1,64.0,18.84,545.43,0,0,0.0,0,0
C07581,25,one-year,fiber,bank-transfer,0,4,57.0,76.07,1757.57,2,0,125.4,1,1
C07582,24,two-year,none,electronic-check,0,3,70.0,26.05,615.11,1,1,,0,0
C07583,39,month-to-month,fiber,credit-card,0,3,19.0,60.26,2204.39,0,0,277.3,0,0
C07584,12,month-to-month,none,credit-card,0,4,41.0,36.99,462.28,2,0,0.0,0,0
C07585,16,month-to-month,dsl,credit-card,0,2,38.0,48.12,807.67,0,0,70.4,0,0
C07586,5,one-year,fiber,credit-card,0,4,53.0,62.6,324.6,1,0,264.9,0,0
C07587,33,month-to-month,fiber,mailed-check,0,2,31.0,67.73,2038.99,0,0,200.4,0,0
C07588,23,one-year,dsl,electronic-check,0,3,33.0,54.13,1324.32,0,2,60.5,0,0
C07589,59,month-to-month,dsl,credit-card,0,2,46.0,58.67,3585.25,0,2,56.7,1,1
C07590,8,month-to-month,fiber,bank-transfer,0,2,18.0,65.89,566.04,0,1,230.7,0,0
C07591,72,month-to-month,none,credit-card,0,1,18.0,27.97,2172.59,1,0,0.0,0,0
C07592,37,two-year,dsl,credit-card,0,1,43.0,52.07,2005.94,2,1,81.4,0,0
C07593,36,one-year,none,mailed-check,0,4,85.0,28.59,1071.5,1,1,0.0,0,0
C07594,13,month-to-month,fiber,credit-card,0,2,47.0,75.57,1008.49,1,1,185.8,0,0
C07595,18,month-to-month,fiber,mailed-check,0,2,39.0,79.31,1483.99,1,0,336.3,0,0
C07596,16,two-year,fiber,electronic-check,0,1,,73.91,1129.88,0,0,252.7,0,0
C07597,52,two-year,fiber,electronic-check,0,4,54.0,82.96,4480.32,0,1,113.2,0,0
C07598,4,month-to-month,fiber,bank-transfer,1,2,43.0,69.28,297.89,1,0,683.8,1,1
C07599,20,one-year,fiber,credit-card,0,2,35.0,59.19,1132.91,3,0,361.1,0,0
C07600,21,two-year,dsl,electronic-check,1,1,21.0,54.6,1127.98,1,1,,0,0
C07601,15,month-to-month,fiber,electronic-check,0,3,59.0,63.4,933.71,2,3,195.9,0,0
C07602,10,month-to-month,fiber,bank-transfer,0,4,38.0,78.77,812.75,2,0,269.1,1,1
C07603,2,month-to-month,dsl,credit-card,0,2,52.0,58.77,121.13,0,0,70.8,1,1
C07604,20,month-to-month,dsl,credit-card,0,2,61.0,42.08,871.09,1,0,119.0,0,0
C07605,33,one-year,dsl,credit-card,1,1,40.0,45.0,1370.3,2,1,116.3,1,0
C07606,23,month-to-month,dsl,credit-card,0,2,23.0,37.43,932.64,1,1,34.0,0,0
C07607,10,month-to-month,fiber,bank-transfer,1,1,42.0,62.15,578.93,2,0,474.8,0,0
C07608,22,month-to-month,dsl,mailed-check,0,1,43.0,37.06,781.71,0,0,130.5,0,0
C07609,60,one-year,dsl,electronic-check,1,5,52.0,58.75,3606.3,1,1,126.7,0,0
C07610,13,month-to-month,fiber,electronic-check,0,2,,74.61,990.88,3,0,176.2,1,1
C07611,26,month-to-month,fiber,electronic-check,0,3,36.0,80.33,1952.18,1,1,294.0,1,1
C07612,29,month-to-month,none,electronic-check,0,2,39.0,20.45,572.43,1,2,0.0,0,0
C07613,6,two-year,fiber,bank-transfer,0,3,51.0,77.24,490.65,2,0,332.0,0,0
C07614,17,month-to-month,fiber,electronic-check,0,4,58.0,76.37,1308.37,1,1,236.9,1,1
C07615,17,month-to-month,fiber,bank-transfer,0,3,80.0,72.22,1331.57,2,1,345.8,1,1
C07616,22,one-year,none,mailed-check,0,1,74.0,15.0,328.09,1,1,0.0,0,0
C07617,51,month-to-month,dsl,credit-card,1,3,43.0,50.89,2523.2,1,0,62.3,0,0
C07618,8,one-year,none,electronic-check,0,4,34.0,19.29,160.45,0,1,0.0,1,0
C07619,53,month-to-month,none,bank-transfer,0,3,36.0,46.91,2523.2,0,0,0.0,0,0
C07620,35,two-year,dsl,bank-transfer,0,1,,54.68,1938.91,0,1,107.5,0,0
C07621,72,month-to-month,fiber,bank-transfer,0,2,47.0,89.66,6227.36,3,2,531.5,0,0
C07622,3,month-to-month,fiber,credit-card,1,3,30.0,84.12,248.73,1,1,211.5,0,0
C07623,72,month-to-month,none,electronic-check,0,4,28.0,37.53,2433.19,1,1,0.0,0,0
C07624,6,two-year,none,bank-transfer,0,3,29.0,15.0,85.44,0,1,0.0,0,0
C07625,11,two-year,none,bank-transfer,0,4,58.0,43.39,433.99,2,0,0.0,1,0
C07626,11,month-to-month,none,electronic-check,0,2,44.0,35.88,426.32,1,0,0.0,1,1
C07627,34,month-to-month,dsl,electronic-check,1,2,25.0,41.0,1370.55,0,0,55.5,0,0
C07628,18,month-to-month,dsl,mailed-check,1,2,58.0,54.58,1077.56,0,0,61.9,0,0
C07629,12,month-to-month,dsl,credit-card,0,3,63.0,56.33,671.92,0,0,201.2,1,0
C07630,69,month-to-month,dsl,credit-card,0,1,38.0,44.55,2822.54,1,0,138.7,0,0
C07631,2,two-year,fiber,credit-card,0,2,33.0,74.51,,0,0,321.7,0,0
C07632,44,month-to-month,fiber,mailed-check,0,2,,73.85,3324.67,1,0,443.1,0,0
C07633,21,two-year,fiber,electronic-check,1,2,49.0,62.15,1335.73,0,1,284.7,0,0
C07634,12,month-to-month,fiber,electronic-check,0,1,59.0,72.87,954.66,1,0,211.5,0,0
C07635,13,two-year,fiber,electronic-check,0,3,48.0,63.44,881.97,3,2,200.9,0,0
C07636,17,month-to-month,dsl,credit-card,0,2,25.0,54.01,952.36,0,0,111.7,0,0
C07637,11,month-to-month,dsl,bank-transfer,0,1,61.0,47.47,508.73,0,2,83.8,0,0
C07638,40,one-year,dsl,electronic-check,1,5,44.0,59.09,2528.82,1,0,76.4,0,0
C07639,16,month-to-month,dsl,credit-card,0,1,42.0,55.09,883.61,0,0,210.5,0,0
C07640,36,two-year,fiber,electronic-check,1,3,51.0,59.96,2336.13,5,3,346.5,0,0
C07641,13,one-year,fiber,mailed-check,0,2,61.0,72.25,847.03,3,0,160.5,0,0
C07642,25,two-year,dsl,bank-transfer,1,3,28.0,56.66,1523.75,0,0,195.9,0,0
C07643,25,two-year,fiber,electronic-check,0,2,25.0,82.75,1932.95,2,2,173.6,0,0
C07644,22,month-to-month,dsl,bank-transfer,0,3,,60.36,1334.82,2,1,84.9,0,0
C07645,54,month-to-month,dsl,credit-card,0,3,44.0,37.29,2090.21,0,0,91.3,0,0
C07646,58,one-year,fiber,credit-card,0,2,59.0,66.36,4022.79,2,2,383.1,0,0
C07647,38,month-to-month,none,bank-transfer,0,1,64.0,33.0,1298.25,0,0,0.0,0,0
C07648,47,month-to-month,fiber,electronic-check,1,2,37.0,68.77,3184.85,1,0,142.6,0,0
C07649,37,month-to-month,dsl,bank-transfer,0,3,50.0,46.13,1688.41,0,1,123.4,0,0
C07650,15,one-year,none,credit-card,0,1,52.0,19.6,314.8,2,0,0.0,1,1
C07651,20,month-to-month,dsl,credit-card,1,3,53.0,68.42,1395.14,2,0,104.3,0,0
C07652,3,month-to-month,dsl,electronic-check,1,3,21.0,48.22,143.61,1,0,48.9,0,0
C07653,9,two-year,dsl,bank-transfer,1,2,53.0,41.62,346.98,1,0,131.5,0,0
C07654,6,two-year,fiber,electronic-check,0,2,33.0,68.18,399.41,1,0,166.6,0,0
C07655,12,month-to-month,dsl,credit-card,0,1,54.0,39.81,475.7,2,1,121.3,1,1
C07656,27,month-to-month,dsl,electronic-check,1,2,28.0,55.9,1648.46,0,1,86.3,1,1
C07657,14,one-year,fiber,bank-transfer,0,3,46.0,72.18,990.48,2,0,386.6,0,0
C07658,41,month-to-month,fiber,credit-card,1,2,40.0,72.81,2705.49,1,1,265.0,0,0
C07659,10,one-year,none,bank-transfer,0,2,77.0,38.04,353.8,1,0,0.0,0,0
C07660,34,one-year,fiber,electronic-check,1,2,32.0,62.41,1998.55,2,2,179.2,0,0
C07661,9,month-to-month,none,mailed-check,0,2,30.0,33.3,278.03,1,0,0.0,0,0
C07662,52,month-to-month,fiber,mailed-check,0,2,67.0,77.24,3868.04,1,1,101.0,1,1
C07663,10,month-to-month,fiber,bank-transfer,0,1,58.0,55.07,535.08,0,0,373.6,0,0
C07664,31,month-to-month,dsl,electronic-check,0,1,49.0,56.01,1770.02,0,2,260.5,1,1
C07665,12,one-year,dsl,electronic-check,0,3,37.0,45.16,506.7,2,0,97.6,1,1
C07666,64,month-to-month,dsl,bank-transfer,1,2,27.0,38.35,2240.0,0,0,146.6,0,0
C07667,62,two-year,fiber,credit-card,0,2,38.0,63.28,4301.23,1,2,168.6,0,0
C07668,30,one-year,dsl,electronic-check,1,2,36.0,43.57,1382.69,3,2,127.6,0,0
C07669,30,month-to-month,dsl,mailed-check,1,2,34.0,47.23,1353.28,0,0,110.2,0,0
C07670,39,month-to-month,fiber,credit-card,1,2,37.0,61.13,2447.2,0,0,338.5,0,0
C07671,34,month-to-month,dsl,bank-transfer,1,1,36.0,49.55,1849.58,1,0,112.4,0,0
C07672,43,month-to-month,fiber,credit-card,0,4,59.0,78.96,3130.79,1,1,253.7,0,0
C07673,9,one-year,fiber,bank-transfer,0,1,23.0,66.47,649.04,2,1,223.9,1,1
C07674,22,month-to-month,fiber,bank-transfer,0,3,50.0,80.43,1829.03,1,2,195.5,1,1
C07675,13,month-to-month,fiber,bank-transfer,1,3,48.0,87.19,1088.23,1,1,548.0,0,0
C07676,62,month-to-month,dsl,bank-transfer,1,1,43.0,41.53,2774.37,3,1,98.7,0,0
C07677,7,month-to-month,none,electronic-check,0,1,54.0,15.08,110.83,2,1,0.0,1,1
C07678,69,one-year,fiber,credit-card,1,1,51.0,71.4,4585.67,2,0,481.1,0,0
C07679,23,two-year,fiber,electronic-check,1,4,46.0,90.04,1922.73,0,0,346.5,0,0
C07680,43,one-year,none,electronic-check,0,1,61.0,20.64,851.26,0,0,0.0,0,0
C07681,14,two-year,fiber,electronic-check,0,1,18.0,65.56,939.02,1,0,289.7,0,0
C07682,6,one-year,fiber,bank-transfer,0,2,77.0,68.32,406.37,0,2,554.3,0,0
C07683,60,month-to-month,dsl,mailed-check,1,4,62.0,55.07,3433.76,0,0,73.6,0,0
C07684,32,two-year,fiber,bank-transfer,0,2,70.0,66.85,2250.53,0,0,187.4,1,1
C07685,8,month-to-month,dsl,credit-card,0,2,31.0,49.35,365.68,2,1,58.2,1,1
C07686,20,month-to-month,none,credit-card,0,1,46.0,25.29,485.01,2,0,0.0,1,1
C07687,19,two-year,dsl,mailed-check,1,4,49.0,66.7,1236.9,1,1,118.2,1,1
C07688,31,one-year,dsl,credit-card,0,2,39.0,42.67,1236.91,1,1,59.1,0,0
C07689,9,two-year,fiber,bank-transfer,0,2,47.0,70.51,696.69,0,0,358.9,0,0
C07690,7,month-to-month,fiber,electronic-check,0,2,49.0,64.26,456.68,1,0,296.8,0,0
C07691,25,one-year,none,electronic-check,0,1,27.0,17.95,428.01,1,0,,0,0
C07692,10,month-to-month,none,electronic-check,0,1,56.0,21.04,204.83,0,2,0.0,1,1
C07693,61,month-to-month,none,bank-transfer,0,1,54.0,27.68,1605.73,1,0,0.0,0,0
C07694,40,two-year,fiber,electronic-check,0,2,34.0,68.88,3018.06,1,2,193.4,0,0
C07695,39,month-to-month,none,credit-card,0,2,25.0,28.55,1198.24,0,0,0.0,0,0
C07696,3,one-year,fiber,credit-card,1,4,47.0,71.45,207.08,1,0,227.4,1,1
C07697,15,two-year,dsl,credit-card,1,2,32.0,40.92,650.63,0,1,33.7,0,0
C07698,17,two-year,dsl,bank-transfer,0,3,49.0,52.93,938.48,1,0,53.1,0,0
C07699,8,month-to-month,fiber,credit-card,0,3,33.0,101.69,887.39,1,0,378.4,1,1
C07700,34,month-to-month,dsl,bank-transfer,0,4,67.0,53.71,1719.77,0,0,129.4,0,0
C07701,31,two-year,dsl,credit-card,0,4,35.0,61.23,1744.39,0,0,138.3,0,0
C07702,38,one-year,none,bank-transfer,0,3,32.0,33.26,1300.46,0,0,0.0,0,0
C07703,46,month-to-month,fiber,credit-card,0,1,45.0,65.26,3148.71,1,0,320.6,0,0
C07704,45,month-to-month,fiber,bank-transfer,1,2,21.0,65.22,2689.59,3,0,403.1,0,0
C07705,72,month-to-month,dsl,electronic-check,0,1,32.0,49.45,3691.55,1,0,73.5,0,0
C07706,22,two-year,fiber,bank-transfer,1,1,20.0,57.71,1357.06,0,0,335.3,0,0
C07707,19,month-to-month,fiber,electronic-check,0,1,48.0,68.04,1323.36,2,1,397.1,1,1
C07708,34,one-year,fiber,bank-transfer,1,1,59.0,60.34,2111.28,0,1,296.0,0,0
C07709,52,month-to-month,fiber,credit-card,0,2,39.0,77.97,4172.39,0,0,244.6,0,0
C07710,5,month-to-month,dsl,bank-transfer,0,3,64.0,40.69,211.06,0,0,155.5,0,0
C07711,11,one-year,none,bank-transfer,0,4,32.0,34.12,395.86,1,0,0.0,0,0
C07712,14,two-year,none,electronic-check,0,5,38.0,31.05,445.3,3,2,0.0,0,1
C07713,24,month-to-month,dsl,credit-card,0,2,58.0,56.61,1332.91,0,1,76.7,0,0
C07714,15,month-to-month,fiber,mailed-check,0,1,56.0,71.72,1036.11,2,1,114.3,0,0
C07715,47,one-year,dsl,electronic-check,1,4,,38.99,1797.02,1,1,216.5,0,0
C07716,26,month-to-month,dsl,bank-transfer,1,3,62.0,45.06,1118.5,2,0,224.0,0,0
C07717,20,month-to-month,dsl,mailed-check,0,1,44.0,52.45,1096.97,0,0,99.6,1,1
C07718,31,one-year,dsl,credit-card,1,1,50.0,43.93,1264.83,0,0,36.1,0,0
C07719,3,month-to-month,dsl,electronic-check,0,2,35.0,54.88,179.09,0,5,50.8,1,1
C07720,30,one-year,fiber,credit-card,1,2,74.0,69.86,2028.73,2,0,163.0,0,0
C07721,10,month-to-month,none,bank-transfer,0,2,38.0,26.28,250.04,0,0,,0,0
C07722,41,one-year,dsl,credit-card,0,6,42.0,77.91,3491.83,1,1,31.8,0,0
C07723,4,two-year,fiber,electronic-check,0,1,48.0,55.47,206.7,0,1,538.5,0,0
C07724,33,two-year,none,bank-transfer,0,3,55.0,26.46,926.36,1,0,0.0,0,0
C07725,10,one-year,fiber,electronic-check,0,1,55.0,56.71,535.75,0,1,200.3,0,0
C07726,53,one-year,fiber,mailed-check,0,2,18.0,72.17,4009.52,3,0,304.4,0,0
C07727,5,month-to-month,dsl,credit-card,0,3,72.0,44.54,224.03,1,0,82.1,0,0
C07728,23,month-to-month,dsl,mailed-check,0,1,69.0,52.39,1180.37,0,0,41.8,0,0
C07729,37,month-to-month,fiber,bank-transfer,0,3,64.0,70.72,2722.89,3,0,489.0,1,1
C07730,29,one-year,fiber,electronic-check,0,1,47.0,69.09,1959.26,1,0,172.9,0,0
C07731,29,month-to-month,fiber,bank-transfer,0,2,64.0,64.07,1814.46,4,0,203.1,0,0
C07732,7,month-to-month,fiber,electronic-check,0,1,49.0,71.46,501.9,2,0,437.9,1,1
C07733,6,month-to-month,dsl,mailed-check,0,2,49.0,59.5,371.5,1,0,43.7,0,0
C07734,28,one-year,fiber,bank-transfer,0,4,55.0,86.09,2650.59,3,0,197.6,0,0
C07735,25,month-to-month,dsl,electronic-check,0,1,53.0,37.94,1025.19,0,2,164.3,1,1
C07736,9,month-to-month,dsl,mailed-check,0,1,60.0,56.68,554.0,0,0,93.3,0,0
C07737,8,one-year,dsl,electronic-check,1,2,18.0,55.53,479.69,2,1,52.8,0,0
C07738,20,two-year,none,mailed-check,0,3,44.0,24.92,502.36,1,1,0.0,0,0
C07739,16,one-year,fiber,electronic-check,0,3,27.0,77.23,1236.15,2,1,174.2,1,0
C07740,72,month-to-month,fiber,bank-transfer,0,1,59.0,77.29,5770.11,1,0,110.1,0,0
C07741,55,two-year,fiber,electronic-check,0,1,31.0,57.83,3435.53,1,0,114.5,0,0
C07742,40,month-to-month,fiber,electronic-check,0,2,41.0,62.61,2705.17,0,1,223.8,0,1
C07743,60,month-to-month,dsl,credit-card,1,3,59.0,53.97,3223.71,0,0,32.5,0,0
C07744,13,month-to-month,fiber,credit-card,0,1,65.0,53.79,746.27,1,0,154.4,0,0
C07745,14,month-to-month,dsl,credit-card,0,2,58.0,50.87,767.14,1,0,44.3,0,0
C07746,50,one-year,none,electronic-check,0,4,56.0,40.84,2064.48,1,0,0.0,0,0
C07747,23,month-to-month,fiber,electronic-check,1,2,27.0,71.37,1793.76,1,0,313.7,0,0
C07748,24,two-year,fiber,electronic-check,1,4,30.0,74.2,1839.74,0,1,185.6,0,0
C07749,8,one-year,dsl,credit-card,0,3,25.0,62.26,506.21,3,0,82.6,0,0
C07750,48,month-to-month,dsl,credit-card,0,3,29.0,53.63,2831.05,3,0,145.2,0,0
C07751,34,month-to-month,fiber,credit-card,1,2,47.0,63.68,2090.62,1,0,147.8,1,1
C07752,18,one-year,dsl,electronic-check,0,3,60.0,57.07,969.79,1,0,88.3,0,0
C07753,15,month-to-month,fiber,electronic-check,1,2,60.0,79.64,1192.49,2,0,441.0,0,0
C07754,54,month-to-month,dsl,mailed-check,1,4,18.0,55.36,2836.18,0,0,200.3,0,0
C07755,13,month-to-month,dsl,credit-card,1,2,44.0,62.8,865.74,1,0,160.7,0,0
C07756,6,month-to-month,fiber,electronic-check,1,1,41.0,65.62,414.74,2,0,,0,0
C07757,56,month-to-month,fiber,electronic-check,0,2,18.0,71.02,4134.52,1,1,168.5,0,0
C07758,56,two-year,dsl,mailed-check,0,5,57.0,65.92,3633.42,1,0,126.2,0,0
C07759,13,month-to-month,dsl,electronic-check,0,3,57.0,50.57,633.12,0,0,140.5,1,1
C07760,72,month-to-month,none,bank-transfer,0,3,36.0,19.86,1571.29,4,1,0.0,0,0
C07761,21,one-year,dsl,electronic-check,0,1,40.0,60.65,1256.77,0,1,32.2,0,0
C07762,13,two-year,dsl,bank-transfer,0,2,47.0,40.56,552.94,0,0,39.0,0,0
C07763,33,one-year,dsl,electronic-check,0,4,51.0,69.94,2251.0,0,2,159.1,0,0
C07764,7,month-to-month,dsl,electronic-check,0,2,35.0,63.83,452.65,1,0,102.1,1,1
C07765,10,two-year,fiber,mailed-check,0,3,32.0,69.29,681.56,4,1,267.5,0,0
C07766,28,month-to-month,fiber,credit-card,1,4,29.0,84.95,2360.36,0,0,199.8,1,1
C07767,24,month-to-month,dsl,electronic-check,1,3,67.0,60.52,1595.45,0,0,57.5,1,1
C07768,43,one-year,fiber,credit-card,1,3,63.0,80.54,3716.85,1,0,231.1,0,0
C07769,8,month-to-month,fiber,electronic-check,0,3,29.0,69.95,540.51,2,0,168.0,1,1
C07770,72,one-year,fiber,mailed-check,1,2,32.0,66.9,4337.72,1,1,218.4,0,0
C07771,16,two-year,none,credit-card,0,3,29.0,36.43,574.71,1,1,,0,0
C07772,24,month-to-month,dsl,electronic-check,0,3,23.0,41.88,920.8,0,0,100.5,0,0
C07773,15,month-to-month,none,electronic-check,0,2,74.0,15.0,226.93,1,3,0.0,0,0
C07774,7,month-to-month,none,electronic-check,0,2,34.0,25.83,165.78,0,0,0.0,0,0
C07775,22,month-to-month,dsl,credit-card,1,3,56.0,53.97,1197.02,2,0,84.0,1,1
C07776,37,one-year,dsl,mailed-check,0,1,40.0,46.26,1818.84,0,0,35.6,1,1
C07777,19,two-year,dsl,mailed-check,1,2,42.0,44.22,795.05,2,0,118.0,0,0
C07778,11,one-year,dsl,electronic-check,0,3,41.0,61.28,627.44,0,1,212.4,0,0
C07779,44,two-year,none,bank-transfer,0,1,51.0,26.79,1088.74,0,0,0.0,0,0
C07780,45,month-to-month,none,electronic-check,0,2,42.0,26.31,1164.22,0,2,0.0,1,1
C07781,18,month-to-month,dsl,credit-card,0,4,56.0,49.42,890.4,1,1,66.3,0,0
C07782,29,month-to-month,dsl,electronic-check,1,2,62.0,58.33,1579.55,1,2,81.7,1,1
C07783,44,one-year,dsl,credit-card,1,3,36.0,40.95,1871.61,1,0,94.3,0,0
C07784,36,month-to-month,fiber,bank-transfer,0,5,48.0,74.9,2696.58,4,0,240.4,0,0
C07785,29,month-to-month,fiber,credit-card,0,3,20.0,81.07,2235.76,1,0,291.2,0,0
C07786,35,month-to-month,fiber,electronic-check,0,4,37.0,70.99,2246.82,3,1,220.2,0,0
C07787,31,month-to-month,fiber,electronic-check,1,2,45.0,64.11,2055.37,0,1,415.0,0,0
C07788,23,one-year,dsl,electronic-check,1,3,42.0,56.07,1268.98,1,0,32.7,0,0
C07789,8,two-year,fiber,credit-card,0,2,43.0,77.37,614.32,1,0,133.9,0,0
C07790,9,month-to-month,none,bank-transfer,0,1,53.0,24.65,228.89,2,0,0.0,1,1
C07791,32,month-to-month,fiber,bank-transfer,0,3,56.0,85.57,2928.57,0,0,204.1,0,0
C07792,15,month-to-month,fiber,electronic-check,1,3,18.0,71.4,1040.39,1,1,251.6,0,0
C07793,31,month-to-month,dsl,credit-card,0,5,48.0,58.07,1866.21,0,0,71.3,0,0
C07794,7,month-to-month,fiber,electronic-check,0,2,40.0,59.74,433.29,1,1,121.2,0,0
C07795,12,one-year,fiber,bank-transfer,0,1,38.0,65.89,754.69,0,0,289.0,0,0
C07796,19,one-year,fiber,mailed-check,0,4,66.0,82.19,1467.62,3,1,262.8,0,0
C07797,2,one-year,dsl,bank-transfer,1,3,19.0,74.59,161.05,0,1,367.6,0,0
C07798,10,two-year,fiber,credit-card,0,1,44.0,69.9,660.55,0,0,262.7,0,0
C07799,13,month-to-month,dsl,credit-card,1,3,67.0,41.29,492.34,1,0,173.5,0,0
C07800,26,one-year,fiber,credit-card,0,3,46.0,84.2,2050.8,2,0,240.3,1,1
C07801,18,one-year,fiber,credit-card,1,2,31.0,63.24,1216.89,3,0,485.6,0,0
C07802,27,month-to-month,fiber,electronic-check,0,3,42.0,64.5,1872.05,0,0,175.4,0,0
C07803,23,month-to-month,fiber,electronic-check,0,2,72.0,78.28,1930.21,0,0,139.7,0,0
C07804,18,month-to-month,dsl,credit-card,1,1,63.0,51.73,905.69,0,0,48.1,0,0
C07805,13,month-to-month,fiber,mailed-check,0,4,37.0,88.72,1248.5,3,0,179.4,1,1
C07806,24,month-to-month,dsl,credit-card,0,3,68.0,50.01,1305.85,0,1,71.4,0,0
C07807,52,month-to-month,none,electronic-check,0,2,55.0,42.79,2213.49,1,1,0.0,0,0
C07808,13,two-year,fiber,credit-card,0,2,18.0,77.33,1050.66,0,0,379.8,0,0
C07809,72,two-year,none,bank-transfer,0,1,43.0,15.0,1011.62,0,1,0.0,0,0
C07810,24,one-year,dsl,electronic-check,1,2,72.0,67.74,1614.33,1,0,118.9,0,0
C07811,41,one-year,dsl,credit-card,0,2,43.0,54.62,2067.99,0,0,76.8,0,0
C07812,29,two-year,none,credit-card,0,3,68.0,29.86,930.83,1,0,0.0,0,0
C07813,33,month-to-month,fiber,electronic-check,0,2,23.0,65.53,2097.93,0,0,230.6,0,0
C07814,10,month-to-month,dsl,electronic-check,0,4,25.0,34.28,312.19,1,0,82.8,0,0
C07815,15,one-year,dsl,mailed-check,0,1,62.0,51.12,771.15,0,0,153.4,0,0
C07816,4,two-year,dsl,electronic-check,0,3,58.0,50.04,188.52,0,0,52.9,0,0
C07817,19,one-year,fiber,credit-card,0,3,45.0,73.12,1429.95,2,1,241.7,0,1
C07818,35,month-to-month,fiber,electronic-check,0,2,58.0,69.21,2550.76,1,1,384.8,0,0
C07819,19,one-year,none,electronic-check,0,3,36.0,23.1,424.02,0,0,,0,0
C07820,43,month-to-month,dsl,credit-card,1,2,28.0,54.14,2325.37,0,0,157.0,0,0
C07821,16,month-to-month,fiber,credit-card,0,3,51.0,68.27,1014.13,4,0,182.3,1,1
C07822,12,month-to-month,fiber,electronic-check,0,2,41.0,57.18,706.09,1,1,182.3,1,1
C07823,15,one-year,dsl,electronic-check,0,3,51.0,55.52,840.78,0,3,129.8,0,0
C07824,37,month-to-month,fiber,bank-transfer,0,2,48.0,65.36,2231.54,1,1,165.7,0,0
C07825,64,month-to-month,fiber,electronic-check,0,1,40.0,49.33,3437.75,4,1,173.7,0,0
C07826,72,one-year,none,credit-card,0,1,73.0,15.0,1163.76,1,0,0.0,0,0
C07827,35,month-to-month,fiber,bank-transfer,0,4,29.0,81.34,2739.0,3,0,,0,0
C07828,42,two-year,fiber,electronic-check,1,1,47.0,66.12,2864.28,3,0,398.0,0,0
C07829,6,month-to-month,dsl,credit-card,0,2,44.0,61.13,394.05,0,0,87.8,1,1
C07830,7,one-year,fiber,bank-transfer,1,2,50.0,79.4,518.03,3,0,329.5,0,0
C07831,11,month-to-month,fiber,electronic-check,0,1,46.0,68.52,747.53,2,1,533.2,1,1
C07832,54,two-year,dsl,bank-transfer,0,1,61.0,39.36,2191.44,0,0,144.8,1,0
C07833,54,two-year,dsl,mailed-check,1,2,50.0,45.63,2639.82,0,0,80.7,0,0
C07834,72,month-to-month,fiber,mailed-check,0,2,35.0,73.5,5740.88,0,0,314.1,0,0
C07835,11,one-year,dsl,electronic-check,0,3,30.0,62.95,655.27,0,2,,0,0
C07836,21,one-year,none,electronic-check,0,2,33.0,29.35,674.19,1,0,0.0,0,0
C07837,4,month-to-month,dsl,mailed-check,0,2,33.0,46.25,180.16,0,0,82.4,0,0
C07838,6,one-year,dsl,electronic-check,1,2,55.0,51.66,317.44,1,1,251.9,0,0
C07839,18,two-year,none,electronic-check,0,2,44.0,22.94,391.15,0,1,0.0,0,0
C07840,11,month-to-month,fiber,credit-card,0,1,51.0,48.09,543.02,0,0,461.4,0,0
C07841,11,two-year,dsl,electronic-check,0,2,24.0,48.3,533.26,1,0,75.2,0,0
C07842,14,month-to-month,fiber,credit-card,0,3,40.0,71.71,916.1,2,0,167.6,0,0
C07843,59,two-year,fiber,credit-card,0,3,52.0,81.36,4486.75,0,1,464.1,0,0
C07844,47,two-year,none,electronic-check,0,3,61.0,21.17,966.03,1,0,0.0,0,0
C07845,9,month-to-month,fiber,credit-card,0,3,23.0,67.09,563.57,1,0,115.3,1,1
C07846,46,month-to-month,fiber,credit-card,0,3,69.0,83.46,3530.11,1,1,344.0,0,0
C07847,12,one-year,fiber,electronic-check,1,3,67.0,67.63,788.97,2,0,563.6,0,0
C07848,5,two-year,dsl,credit-card,0,2,60.0,44.49,229.65,0,0,44.8,0,0
C07849,13,month-to-month,none,mailed-check,0,3,64.0,33.97,466.42,2,1,0.0,0,0
C07850,28,month-to-month,fiber,mailed-check,0,1,39.0,70.71,1960.18,0,0,172.1,0,0
C07851,10,one-year,none,electronic-check,0,3,33.0,41.17,387.15,0,1,0.0,0,0
C07852,34,month-to-month,fiber,credit-card,1,2,46.0,67.17,2427.51,1,1,450.9,0,0
C07853,14,one-year,none,electronic-check,0,2,50.0,22.62,316.71,3,2,0.0,0,0
C07854,29,one-year,none,credit-card,0,2,36.0,23.69,724.97,0,0,0.0,0,0
C07855,9,two-year,fiber,electronic-check,0,4,54.0,75.18,707.12,0,1,214.4,0,0
C07856,22,month-to-month,none,credit-card,0,2,66.0,28.47,579.78,1,0,0.0,0,0
C07857,11,two-year,fiber,bank-transfer,1,2,58.0,67.37,708.56,2,0,526.1,0,0
C07858,18,one-year,dsl,credit-card,0,4,46.0,50.22,974.65,0,0,80.6,0,0
C07859,72,two-year,fiber,mailed-check,1,1,18.0,50.87,3881.88,2,0,185.8,0,0
C07860,16,month-to-month,fiber,credit-card,1,2,22.0,68.99,996.66,0,0,198.1,1,1
C07861,7,one-year,none,bank-transfer,0,1,44.0,24.96,174.02,3,0,0.0,0,0
C07862,23,two-year,dsl,credit-card,0,1,55.0,39.51,938.16,2,0,51.4,0,0
C07863,24,one-year,dsl,bank-transfer,0,2,24.0,39.55,962.24,0,0,120.5,0,0
C07864,24,month-to-month,none,mailed-check,0,1,46.0,32.28,764.01,0,0,0.0,0,0
C07865,33,month-to-month,fiber,credit-card,0,1,56.0,62.17,2154.15,2,0,306.5,0,0
C07866,15,month-to-month,fiber,credit-card,1,1,44.0,72.2,1003.99,1,0,252.4,1,1
C07867,35,month-to-month,none,credit-card,0,1,36.0,28.42,1076.54,0,0,0.0,0,0
C07868,22,one-year,fiber,electronic-check,1,3,23.0,87.08,1959.14,1,0,161.5,1,1
C07869,7,two-year,none,electronic-check,0,2,57.0,24.54,185.17,1,0,0.0,0,0
C07870,39,one-year,fiber,electronic-check,0,3,35.0,63.56,2705.76,1,1,351.6,0,0
C07871,25,month-to-month,fiber,electronic-check,0,2,70.0,54.7,1392.06,0,1,130.6,0,0
C07872,34,month-to-month,fiber,credit-card,0,2,48.0,67.88,2078.1,2,0,279.0,0,0
C07873,8,month-to-month,fiber,mailed-check,0,2,51.0,83.57,612.53,0,0,144.6,1,1
C07874,40,month-to-month,fiber,electronic-check,1,5,57.0,85.59,3641.9,2,2,393.9,1,1
C07875,72,two-year,fiber,electronic-check,0,1,40.0,75.86,5630.84,0,0,175.0,0,0
C07876,7,month-to-month,fiber,bank-transfer,0,3,52.0,67.23,469.56,1,0,174.0,0,0
C07877,44,month-to-month,dsl,electronic-check,1,1,35.0,56.62,2498.65,1,2,135.1,0,0
C07878,25,one-year,dsl,electronic-check,0,2,33.0,55.4,1340.96,2,1,120.9,0,0
C07879,22,month-to-month,fiber,bank-transfer,1,5,31.0,86.04,1741.32,2,0,356.2,0,0
C07880,41,month-to-month,fiber,credit-card,0,3,38.0,82.51,3401.44,1,0,150.6,0,0
C07881,38,month-to-month,fiber,electronic-check,0,4,76.0,75.45,2884.53,2,3,147.0,0,0
C07882,52,month-to-month,fiber,electronic-check,0,1,31.0,68.7,3379.39,3,1,345.9,1,1
C07883,8,one-year,dsl,credit-card,0,2,54.0,43.24,333.48,2,0,77.6,0,0
C07884,53,month-to-month,fiber,mailed-check,1,2,42.0,65.11,3331.77,1,0,136.7,0,0
C07885,29,one-year,none,credit-card,0,2,,17.66,473.47,0,0,0.0,0,0
C07886,5,month-to-month,fiber,credit-card,0,3,57.0,67.85,324.58,1,0,854.1,0,0
C07887,16,month-to-month,fiber,bank-transfer,0,2,37.0,56.1,983.24,0,0,203.8,0,0
C07888,26,one-year,dsl,electronic-check,0,4,38.0,78.2,1833.83,1,3,59.2,1,1
C07889,15,month-to-month,fiber,credit-card,0,1,61.0,55.38,783.21,1,0,191.9,0,0
C07890,20,month-to-month,fiber,electronic-check,0,3,41.0,83.27,1770.93,2,1,169.5,0,0
C07891,14,month-to-month,fiber,bank-transfer,0,1,48.0,51.5,706.8,2,0,421.0,1,1
C07892,72,month-to-month,dsl,credit-card,0,3,45.0,50.38,3296.05,1,0,213.3,0,0
C07893,35,month-to-month,none,credit-card,0,1,44.0,17.14,631.62,0,0,0.0,0,0
C07894,23,two-year,fiber,bank-transfer,1,1,25.0,76.38,1899.32,1,1,295.8,0,0
C07895,9,month-to-month,none,bank-transfer,0,2,58.0,27.65,229.19,1,1,0.0,0,0
C07896,52,month-to-month,dsl,credit-card,0,2,48.0,41.42,2016.19,0,0,227.4,0,0
C07897,32,month-to-month,dsl,bank-transfer,0,2,57.0,48.04,,1,0,148.7,0,0
C07898,10,month-to-month,fiber,bank-transfer,0,1,47.0,74.49,758.87,0,0,574.1,1,1
C07899,10,one-year,none,mailed-check,0,2,61.0,33.4,310.72,0,0,0.0,1,0
C07900,20,one-year,fiber,electronic-check,0,1,47.0,59.65,1241.38,2,1,517.3,0,0
C07901,23,two-year,fiber,credit-card,0,1,66.0,53.24,1279.75,1,0,353.6,0,0
C07902,35,month-to-month,dsl,bank-transfer,0,2,31.0,44.86,1462.82,0,0,170.1,0,0
C07903,21,month-to-month,none,credit-card,0,3,33.0,35.43,724.09,1,1,0.0,1,1
C07904,37,one-year,fiber,bank-transfer,1,2,72.0,55.96,2210.83,0,0,165.8,0,0
C07905,15,month-to-month,fiber,bank-transfer,1,2,57.0,68.61,977.18,2,1,297.4,0,0
C07906,21,month-to-month,none,mailed-check,0,2,73.0,15.25,329.15,0,1,0.0,0,0
C07907,53,month-to-month,none,bank-transfer,0,1,54.0,16.11,904.4,1,0,0.0,0,0
C07908,38,month-to-month,dsl,electronic-check,0,1,41.0,49.09,1713.01,1,2,57.5,0,0
C07909,22,two-year,fiber,electronic-check,0,3,73.0,74.48,1722.71,1,0,105.9,1,1
C07910,28,two-year,fiber,bank-transfer,0,1,18.0,70.56,2049.41,2,0,149.5,0,0
C07911,21,one-year,none,credit-card,0,2,57.0,34.8,777.68,0,0,0.0,0,0
C07912,6,month-to-month,fiber,credit-card,0,2,18.0,99.84,595.15,3,0,162.3,1,1
C07913,66,one-year,dsl,electronic-check,0,2,,57.26,3907.02,0,3,97.1,0,0
C07914,11,one-year,dsl,mailed-check,0,1,30.0,49.82,553.32,2,1,138.3,0,0
C07915,16,one-year,none,bank-transfer,0,3,40.0,24.76,416.26,0,0,0.0,0,0
C07916,72,month-to-month,dsl,bank-transfer,0,1,30.0,52.15,3937.74,1,0,167.9,0,0
C07917,9,two-year,fiber,credit-card,0,3,54.0,87.51,815.39,0,1,295.1,0,0
C07918,20,month-to-month,dsl,bank-transfer,0,1,42.0,39.6,736.5,0,0,163.8,1,1
C07919,56,one-year,none,mailed-check,0,2,66.0,20.52,1235.88,1,0,0.0,0,0
C07920,72,two-year,none,credit-card,0,1,35.0,15.0,1169.04,1,1,0.0,0,0
C07921,32,two-year,fiber,credit-card,0,2,27.0,59.42,1837.54,0,0,142.1,0,0
C07922,52,two-year,fiber,electronic-check,0,1,38.0,64.87,3491.71,3,2,260.2,0,0
C07923,19,month-to-month,dsl,bank-transfer,0,2,70.0,39.22,717.07,1,0,,1,1
C07924,1,one-year,dsl,credit-card,0,2,61.0,49.21,47.62,0,0,124.1,0,0
C07925,49,month-to-month,fiber,bank-transfer,1,1,62.0,67.56,3069.04,1,0,331.3,0,0
C07926,22,one-year,fiber,electronic-check,1,1,37.0,67.26,1425.71,1,1,381.8,0,0
C07927,17,month-to-month,fiber,mailed-check,1,7,25.0,91.03,1445.25,3,0,352.8,1,0
C07928,16,month-to-month,fiber,mailed-check,1,2,66.0,57.61,867.87,2,1,380.1,0,0
C07929,36,two-year,fiber,electronic-check,0,2,24.0,79.75,3075.32,0,1,284.0,0,0
C07930,36,two-year,none,electronic-check,0,2,45.0,15.0,591.25,0,0,0.0,0,0
C07931,22,month-to-month,dsl,electronic-check,0,3,35.0,55.94,1244.55,1,1,156.0,0,0
C07932,31,month-to-month,fiber,bank-transfer,0,2,46.0,81.89,2758.46,0,0,170.4,0,0
C07933,9,month-to-month,dsl,credit-card,1,3,19.0,55.73,536.06,1,1,72.7,0,0
C07934,19,month-to-month,fiber,credit-card,0,2,58.0,80.23,1443.55,4,1,358.8,0,1
C07935,9,month-to-month,dsl,bank-transfer,1,2,66.0,54.08,503.19,1,1,84.7,0,0
C07936,9,two-year,none,mailed-check,0,1,61.0,15.0,144.63,0,0,0.0,0,0
C07937,29,month-to-month,fiber,electronic-check,0,1,28.0,75.49,2041.58,2,1,492.6,0,0
C07938,23,month-to-month,none,mailed-check,0,2,52.0,20.29,485.24,1,0,0.0,0,0
C07939,15,one-year,fiber,credit-card,0,6,42.0,86.57,1349.13,0,0,390.1,0,0
C07940,18,month-to-month,dsl,credit-card,1,2,45.0,55.47,1047.61,1,0,31.4,1,1
C07941,30,month-to-month,none,mailed-check,0,1,70.0,15.0,424.46,3,1,0.0,1,1
C07942,37,month-to-month,dsl,bank-transfer,1,1,38.0,52.52,2066.9,0,0,144.7,0,0
C07943,33,month-to-month,fiber,bank-transfer,0,3,55.0,78.37,2357.33,2,0,330.2,1,1
C07944,4,month-to-month,fiber,credit-card,1,5,19.0,98.24,380.59,0,0,180.8,0,0
C07945,2,one-year,fiber,mailed-check,0,2,46.0,79.18,143.3,1,1,316.1,1,1
C07946,11,month-to-month,fiber,credit-card,1,1,59.0,63.36,727.13,0,0,169.4,1,1
C07947,2,two-year,fiber,mailed-check,0,3,43.0,71.67,140.61,3,0,130.4,0,0
C07948,61,two-year,fiber,credit-card,1,1,54.0,59.15,3474.73,1,0,156.4,0,0
C07949,18,two-year,dsl,credit-card,1,2,33.0,48.0,834.04,1,0,56.3,0,0
C07950,7,two-year,fiber,electronic-check,0,4,38.0,72.79,468.94,1,2,346.8,0,0
C07951,18,two-year,fiber,bank-transfer,0,2,43.0,67.53,1148.11,3,0,961.6,0,0
C07952,3,two-year,dsl,credit-card,0,4,37.0,49.88,158.18,0,0,107.8,0,0
C07953,7,month-to-month,fiber,electronic-check,0,1,58.0,57.21,437.69,1,0,193.4,1,1
C07954,17,month-to-month,dsl,credit-card,0,1,61.0,55.94,1029.46,0,0,47.1,1,1
C07955,14,one-year,dsl,credit-card,0,2,55.0,39.28,510.99,1,1,64.3,0,0
C07956,16,two-year,dsl,credit-card,1,1,18.0,33.57,523.76,1,0,50.8,0,0
C07957,31,two-year,dsl,bank-transfer,0,4,40.0,54.19,1516.35,2,0,52.8,0,0
C07958,44,one-year,dsl,credit-card,0,2,58.0,60.92,2593.86,1,0,64.6,0,0
C07959,24,two-year,dsl,electronic-check,1,1,43.0,37.47,860.65,0,2,83.8,0,0
C07960,45,one-year,dsl,electronic-check,0,3,42.0,52.53,2444.04,0,0,56.3,0,0
C07961,15,one-year,none,credit-card,0,2,59.0,27.25,428.57,1,0,0.0,0,0
C07962,50,month-to-month,none,bank-transfer,0,1,60.0,24.2,1198.55,0,0,0.0,0,0
C07963,25,month-to-month,fiber,electronic-check,1,1,54.0,64.12,1592.86,4,0,237.7,1,1
C07964,41,month-to-month,fiber,electronic-check,0,1,23.0,68.1,2877.32,0,0,92.9,0,0
C07965,15,month-to-month,none,bank-transfer,0,1,28.0,27.7,420.13,0,0,0.0,0,0
C07966,24,month-to-month,dsl,electronic-check,0,2,51.0,39.68,1031.95,0,0,130.8,0,0
C07967,72,month-to-month,dsl,credit-card,0,2,18.0,44.54,2888.58,0,0,54.6,0,0
C07968,24,two-year,fiber,bank-transfer,0,1,70.0,58.27,1431.74,1,1,125.7,0,0
C07969,43,month-to-month,fiber,credit-card,0,3,47.0,72.03,2938.72,1,0,556.2,0,0
C07970,47,one-year,dsl,mailed-check,0,2,34.0,59.92,2847.43,2,0,61.5,1,1
C07971,35,month-to-month,none,bank-transfer,0,3,37.0,37.78,1286.62,0,0,0.0,0,0
C07972,39,two-year,fiber,electronic-check,0,1,63.0,64.31,2564.81,0,0,161.0,0,0
C07973,15,month-to-month,none,bank-transfer,0,1,26.0,26.43,406.31,0,1,0.0,0,0
C07974,11,one-year,dsl,credit-card,0,2,18.0,66.93,787.09,1,0,69.1,0,0
C07975,9,one-year,dsl,credit-card,0,2,30.0,40.03,335.24,0,0,83.8,0,0
C07976,30,month-to-month,none,credit-card,0,2,49.0,19.68,645.74,2,0,0.0,0,0
C07977,23,one-year,fiber,electronic-check,0,2,69.0,67.83,1642.33,1,1,72.2,1,1
C07978,29,one-year,fiber,electronic-check,1,2,63.0,73.01,2164.22,1,2,288.3,1,1
C07979,8,two-year,fiber,credit-card,0,1,38.0,69.12,542.14,0,0,178.8,0,0
C07980,13,month-to-month,fiber,bank-transfer,1,2,49.0,61.5,807.63,0,0,126.3,0,0
C07981,43,two-year,fiber,bank-transfer,1,3,50.0,76.43,2988.32,2,0,250.5,0,0
C07982,26,month-to-month,dsl,electronic-check,0,2,48.0,56.77,1351.77,0,1,86.3,0,0
C07983,25,month-to-month,none,bank-transfer,0,2,18.0,15.24,366.17,0,0,0.0,0,0
C07984,19,month-to-month,fiber,mailed-check,0,3,40.0,76.2,1589.42,0,0,69.1,0,0
C07985,12,month-to-month,dsl,bank-transfer,0,3,57.0,50.09,573.79,2,0,85.0,1,1
C07986,51,month-to-month,dsl,bank-transfer,0,1,73.0,33.45,1849.12,2,0,69.8,0,0
C07987,56,two-year,dsl,electronic-check,1,3,51.0,62.85,3772.31,0,1,53.1,0,0
C07988,24,one-year,none,electronic-check,0,2,61.0,28.73,727.29,1,1,0.0,0,0
C07989,20,two-year,fiber,bank-transfer,0,2,58.0,62.81,1313.37,0,0,282.6,0,0
C07990,59,month-to-month,fiber,credit-card,0,3,39.0,82.33,4789.67,2,0,238.7,0,0
C07991,13,one-year,none,credit-card,0,1,25.0,36.96,457.3,0,1,0.0,0,0
C07992,16,month-to-month,fiber,bank-transfer,0,4,62.0,80.85,1221.14,0,1,386.7,1,1
C07993,41,month-to-month,dsl,electronic-check,1,2,73.0,38.94,1673.27,1,1,35.3,0,0
C07994,16,month-to-month,fiber,electronic-check,0,3,39.0,72.59,1238.61,1,0,406.9,1,1
C07995,23,one-year,dsl,credit-card,0,1,63.0,29.48,743.72,0,0,57.8,1,1
C07996,2,one-year,dsl,credit-card,0,3,47.0,54.04,105.04,1,1,75.1,0,0
C07997,57,month-to-month,dsl,electronic-check,0,1,24.0,41.93,2245.24,1,0,172.8,0,0
C07998,39,month-to-month,fiber,electronic-check,1,1,46.0,71.25,2801.37,0,1,468.2,0,0
C07999,48,month-to-month,none,electronic-check,0,2,36.0,20.22,947.09,0,1,0.0,0,0
C08000,10,month-to-month,none,electronic-check,0,1,52.0,27.16,254.93,1,0,0.0,0,0
