text,label,wording
I changed my mind and would like to return my subscription within the return window.,refund_return,direct
"Good morning, my order will not connect to wifi anymore.",technical_issue,direct
I need a return label for my Starter account. Appreciate the quick help.,refund_return,direct
Please add an option to export my data to CSV. I have been a customer for 4 years. Please help.,feature_request,direct
"Hey, I would love to see a calendar integration. Reference: order #99944. Appreciate the quick help.",feature_request,direct
I would like a refund for the desktop app.,refund_return,direct
"Hey, Notifications stopped working after the latest update. Let me know what I can do.",technical_issue,direct
"Hello team, I was billed after I cancelled my subscription. Thanks.",billing,direct
"To whom it may concern, Please add an option to export my data to CSV. I am using the web version. Please help.",feature_request,direct
"Hi, Tracking says my parcel is stuck at the local depot. Reference: order #90177. Appreciate the quick help.",shipping,direct
"To whom it may concern, The screen goes black right after the logo appears. Thanks.",technical_issue,direct
"Hi, The app crashes every time I open it. I have been a customer for 3 years.",technical_issue,direct
I lost my phone and cannot get the two-factor code.,account_access,direct
"Good morning, Please add an option to export my data to CSV. Reference: order #68138. Appreciate the quick help.",feature_request,direct
"Hello team, The courier keeps missing me, can I reschedule the delivery? Please help.",shipping,direct
"Hello team, Someone else may have accessed my account, I need to secure it. I have been a customer for 4 years. Appreciate the quick help.",account_access,direct
"To whom it may concern, My order shows as delivered but I never received it. This is really frustrating.",shipping,direct
"Hey, The amount on my invoice does not macth the plan I signed up for.",billing,direct
"please take this back, it does not do what the description promised. this is the second time i am writing about this. let me know what i can do.",refund_return,indirect
"Hey, I was billed after I cancelled my subscription. This is the second time I am writing about this. Thanks.",billing,direct
"hey, please take this back, it does not do what the description promised.",refund_return,indirect
"Hey, I cannot log in, it says my credentials are invalid. This is really frustrating.",account_access,direct
"To whom it may concern, I do not want this anymore, what are my options to be reimbursed? This is the second time I am writnig about this.",refund_return,indirect
"every time i try to export the report, the whole thing shuts down. thanks in advance!",technical_issue,indirect
The app crsahes every time I open it. Appreciate the quick help.,technical_issue,direct
"Good morning, Any plans to add multiple user profiles on one account? This is really frustrating.",feature_request,direct
"Good morning, How do I return the mobile app? It does not fit.",refund_return,direct
It has been over two weeks and there is stlil nothing on my doorstep. Reference: order #37267. Thanks in advance!,shipping,indirect
"Hello team, I cannot log in, it says my credentials are invalid. This is really frustrating.",account_access,direct
"Hi, The amount on my invoice does not match the plan I signed up for. Let me know what I can do.",billing,direct
Please consider adding support for more languages. Appreciate the quick help.,feature_request,direct
"It broke after two days, I do not want a replacement, I just want to be paid back. Appreciate the quick help.",refund_return,indirect
"Hello team, Tracking says my parcel is stuck at the local depot. This is the second time I am writing about this.",shipping,direct
My order shows as delivered but I never received it. Thanks in advance!,shipping,direct
"Good morning, It worked fine yesterday but today it just sohws a blank white page. Thanks.",technical_issue,indirect
"hey, i forgot my password and the reset email never arrives.",account_access,direct
"hey, tracking says my parcel is stuck at the local depot.",shipping,direct
"Good morning, I would like a refund for the Aero blender.",refund_return,direct
"To whom it may concern, The item arrived damaged and I want to send it back for a full refund. Reference: order #88030. Thanks in advance!",refund_return,direct
"Hello team, I cannot log in, it says my credentials are invalid. This is the second time I am writing aobut this. Appreciate the quick help.",account_access,direct
"Hey, I was charged twice for the mobile app this month. This is really frustrating.",billing,direct
Have you thought about letting us customise the home screen? Please help.,feature_request,indirect
"Hello team, It would be great if you added a dark mode. Reference: order #84167. Let me know what I can do.",feature_request,direct
My package has not arrived yet and it was supposed to be here days ago. Appreciate the quick help.,shipping,direct
"Good morning, A neighbour said a delivery person left a card but I never saw a package.",shipping,indirect
"Hi, The courier keeps missing me, can I reschedule the delivery? I have been a customer for 1 years. This is really frustrating.",shipping,direct
"Hello team, It has been over two weeks and there is still nothing on my doorstep. Let me know what I can do.",shipping,indirect
"Hey, Please change the email address on my account. I have been a customer for 7 years. Let me know what I can do.",account_access,direct
"Hey, It worked fine yesterday but today it just shows a blank white page. Let me know what I can do.",technical_issue,indirect
"Hey, Can you support login with Apple in a future version? This is really frustrating.",feature_request,direct
"Hey, I would like a refund for the Pro plan. Please help.",refund_return,direct
"Good morning, It would be really helpful to have keyboard shortcuts. Thanks in advance!",feature_request,direct
"Hey, The page loads very slowly and sometimes freezes. I am using the iOS version. Please help.",technical_issue,direct
"Ever since the update, nothing responds when I tap the buttons. This is the second time I am writing about this. Please help.",technical_issue,indirect
The screen goes black right after the logo appears. This is really frustrating.,technical_issue,direct
The page loads very slowly and sometimes freezes. Thanks.,technical_issue,direct
"To whom it may concern, My package has not arrived yet and it was supposed to be here days ago. This is really frustrating.",shipping,direct
"Right now I have to copy everything by hand, there should be a smarter way. I have been a customer for 8 years. This is really frustrating.",feature_request,indirect
"Good morning, The amount on my invoice does not match the plan I signed up for. I have been a customer for 6 years. Thanks.",billing,direct
I lost my phone and canont get the two-factor code. Let me know what I can do.,account_access,direct
I wish the dashboard let me compare two months side by side. Appreciate the quick help.,feature_request,indirect
"Hi, Notifications stopped working after the latest update.",technical_issue,direct
"it borke after two days, i do not want a replacement, i just want to be paid back. i am using the ios version.",refund_return,indirect
"hi, can you send me a copy of my invoice for last month? reference: order #90779. thanks in advance!",billing,direct
"Hey, the Pro plan will not connect to wifi anymore. I am using the iOS version. Please help.",technical_issue,direct
"Good morning, There is an incorrect charge on my latest invoice. Reference: order #68688. Thanks in advance!",billing,direct
"Hello team, The site keeps sending me back to the sign-in page in a loop. Appreciate the quick help.",account_access,indirect
There is an incorrect charge on my latest invoice. Please help.,billing,direct
"Hey, Part of my order is missing from the box that was delivered.",shipping,direct
"My old work email no longer exists, how do I move everything to my new address? I have been a customer for 2 years. Let me know what I can do.",account_access,indirect
"Good morning, I need a return laebl for the mobile app. I am using the Android version.",refund_return,direct
I wish the dashboard let me compare two months side by side. I have been a customer for 6 years.,feature_request,indirect
My package has not arrived yet and it was supposed to be here days ago.,shipping,direct
My account is locked after too many login attempts. I have been a customer for 7 years. This is really frustrating.,account_access,direct
"To whom it may concern, I would love to see a calendar integration. This is the second time I am writing about this. Thanks.",feature_request,direct
"Hey, The estimated arrival date came and went and I have heard nothing. Let me know what I can do.",shipping,indirect
"Good morning, My bank statement shows two identical transactions from you this month. This is the second time I am wriitng about this. Let me know what I can do.",billing,indirect
"To whom it may concern, Notifications stopped working after the latest update. Reference: order #35358. Please help.",technical_issue,direct
"Hey, I want my money back, my Starter account is not what I expected. Let me know what I can do.",refund_return,direct
"Good morning, The screen goes black right after the logo appears.",technical_issue,direct
please add an option to export my data to csv.,feature_request,direct
"Hi, The courier keeps missing me, can I reschedule the delivery? Thanks in advance!",shipping,direct
"Hey, I would love to see a calendar integration. Reference: order #32383. Thanks.",feature_request,direct
"Hi, Please take this back, it does not do what the description promised. Thanks.",refund_return,indirect
"Hey, My order shows as delivered but I never received it. Thanks in advance!",shipping,direct
"To whom it may concern, I was billed after I cancelled my subscription. I have been a customer for 5 years. Appreciate the quick help.",billing,direct
"Hi, Tracking says my parcel is stuck at the local depot. Thanks in advance!",shipping,direct
"Hello team, Notifications stopped working after the latest update. Please help.",technical_issue,direct
"Hello team, My package has not arrived yet and it was supposed to be here days ago. I am using the Windows version.",shipping,direct
"Right now I have to copy everything by hand, there should be a smarter way. This is the second time I am writing about this.",feature_request,indirect
Notifications stopped working after the latest update. This is the second time I am writing about this. Thanks in advance!,technical_issue,direct
I was billed after I cancelled my subscription. Let me know what I can do.,billing,direct
Tracking says my parcel is stuck at the local depot. I am using the Windows version. Thanks in advance!,shipping,direct
I wish the dashboard let me compare two months side by side.,feature_request,indirect
Why did my subscription price go up? My bill is higher than usual. Reference: order #33608. Thanks.,billing,direct
I never received the verification email for my new account. Please help.,account_access,direct
Tracking says my parecl is stuck at the local depot.,shipping,direct
"Good morning, The courier keeps missing me, can I reschedule the delivery? Appreciate the quick help.",shipping,direct
"to whom it may concern, i got a message saying there was a login from another country and it was not me. thanks in advance!",account_access,indirect
"Hello team, The device gets really hot and turns itself off after a few minutes. I have been a customer for 7 years. Appreciate the quick help.",technical_issue,indirect
"Hi, I wish the dashboard let me compare two months side by side. I am using the Android version. Thanks.",feature_request,indirect
"Good morning, The amount on my invoice does not match the plan I signed up for. This is the second time I am writing about this.",billing,direct
"Hey, Please add an option to epxort my data to CSV. Thanks in advance!",feature_request,direct
Can you send me a copy of my invoice for last month? I am using the Windows version. Thanks in advance!,billing,direct
A bulk edit feature would save me hours every week. This is the second time I am writing about this.,feature_request,direct
The amount on my invoice does not match the plan I signed up for. This is the second time I am writing about this.,billing,direct
"Hello team, I want to delete my account and all my data. Let me know what I can do.",account_access,direct
"Hey, The app crashes every time I open it. Reference: order #72393. Thanks.",technical_issue,direct
"Hello team, My order shows as delivered but I never received it. Thanks in advance!",shipping,direct
"Good morning, My order shows as delivered but I never received it.",shipping,direct
"Hey, I need a return label for my subscription.",refund_return,direct
"good morning, how long will shipping take to my country? i am using the web version. appreciate the quick help.",shipping,direct
I was charged twice for the Aero blender this month. Thanks.,billing,direct
I would like a refund for the smart lamp.,refund_return,direct
"good morning, the total i paid last week is way more than the price listed on your website. let me know what i can do.",billing,indirect
"Good morning, I want my money back, my Nova headphones is not what I expected. Thanks.",refund_return,direct
"Hi, Notifications stopped working after the latest update. Reference: order #74503. Please help.",technical_issue,direct
"Hey, Someone else may have accessed my account, I need to secure it.",account_access,direct
"Hi, The delivery address on my order is wrong, can you change it?",shipping,direct
"Hello team, This is not what I expected, I would like to send it back and get my money returned. This is really frustrating.",refund_return,indirect
"Hi, Part of my order is missing from the box that was delivered. Reference: order #62655. Please help.",shipping,direct
"to whom it may concern, my bank statement shows two identical transactions from you this month. this is the second time i am writing about this. thanks in advance!",billing,indirect
"Good morning, Can I get a refund for the unused months of my plan? Appreciate the quick help.",refund_return,direct
"Hi, Can you send me a copy of my invoice for last month?",billing,direct
I need to update the credit card on file for my billing. This is the second time I am writing aobut this. Thanks.,billing,direct
"Hi, My payment failed but the money was still taken from my card. I have been a customer for 6 years. This is really frustrating.",billing,direct
Sync between my phone and laptop is not working. Let me know what I can do.,technical_issue,direct
"Hey, The device gets really hot and turns itself off after a few minutes. I have been a customer for 3 years.",technical_issue,indirect
"Good morning, Can you send me a copy of my invocie for last month? Thanks.",billing,direct
"hey, my payment failed but the money was still taken from my card.",billing,direct
"To whom it may concern, My order shows as delivered but I never received it. I have been a customer for 2 years. Thanks.",shipping,direct
"Good morning, My account is locked after too many login attempts. I have been a customer for 2 years. Please help.",account_access,direct
"The courier keeps missing me, can I reschedule the delivery? This is the second time I am writing about this.",shipping,direct
"To whom it may concern, Please add an option to export my data to CSV. I have been a customer for 8 years. Thanks.",feature_request,direct
"To whom it may concern, Where is my order? The tracking page has not updated in a week. This is really frustrating.",shipping,direct
"Hello team, It would be really helpful to have keyboard shortcuts. Thanks.",feature_request,direct
"Hello team, I would like a refund for the mobile app. I have been a customer for 1 years. Let me know what I can do.",refund_return,direct
"Hey, This is not what I expected, I wolud like to send it back and get my money returned. I have been a customer for 1 years. Thanks in advance!",refund_return,indirect
"Someone else may have accessed my account, I need to secure it. Thanks in advance!",account_access,direct
"Hi, I would love to see a calendar integration. Reference: order #32912. Let me know what I can do.",feature_request,direct
"Hello team, The item arrived damaged and I want to send it back for a full refund.",refund_return,direct
the desktop app will not connect to wifi anymore. Thanks in advance!,technical_issue,direct
"Good morning, I am travelling next week, will my parcel get here before I leave?",shipping,indirect
"Hi, I forgot my password and the reset email never arrives. This is really frustrating.",account_access,direct
"Hello team, I never received the verification email for my new account.",account_access,direct
"Hi, The page loads very slowly and sometimes freezes.",technical_issue,direct
"Hey, The page loads very slowly and sometimes freezes. This is the second time I am writing about this. Let me know what I can do.",technical_issue,direct
"good morning, someone else may have accessed my account, i need to secure it.",account_access,direct
"Hello team, I keep getting emails saying my card was declined, but it works everywehre else. Please help.",billing,indirect
"Hey, Something looks off with the numbers on my monthly statement.",billing,indirect
I forgot my password and the reset email never arrives. Reference: order #24860. Thanks in advance!,account_access,direct
"Hey, I got a message saying there was a login from another country and it was not me. Thanks in advance!",account_access,indirect
"Hello team, The item arrived damaged and I want to send it back for a full refund. Appreciate the quick help.",refund_return,direct
why did my subscription price go up? my bill is higher than usual. appreciate the quick help.,billing,direct
"Hey, Please consider adding support for more languages. I have been a customer for 4 years.",feature_request,direct
"Hey, Can you send me a copy of my invoice for last month? Apprecitae the quick help.",billing,direct
"Good morning, Please take this back, it does not do what the description promised. Reference: order #20235.",refund_return,indirect
"Good morning, The courier keeps missing me, can I reschedule the delivery? This is really frustrating.",shipping,direct
There is an incorrect charge on my latest invoice. Thanks in advance!,billing,direct
"To whom it may concern, The item arrived damaged and I want to send it back for a full refund. This is really frustrating.",refund_return,direct
"Good morning, Can you support login with Apple in a future version? I am using the web version. Appreciate the quick help.",feature_request,direct
"Hi, It would be really helpful to have keyboard shortcuts. Thanks.",feature_request,direct
"Hi, It broke after two days, I do not want a replacement, I just want to be paid back. Reference: order #87509. Thanks in advance!",refund_return,indirect
"Hey, The app crashes every time I open it. I have been a customer for 5 years. Appreciate the quick help.",technical_issue,direct
"Hey, The page loads very slowly and sometimes freezes.",technical_issue,direct
"Hello team, I never received the verification email for my new account. Appreciate the quick help.",account_access,direct
"Hey, It would be great if you added a dark mode. I am using the Android version.",feature_request,direct
"Hi, Any plans to add multiple user profiles on one account? I have been a customer for 5 years. Please help.",feature_request,direct
I was billed after I cancelled my subscription. I have been a customer for 5 years. Thanks in advance!,billing,direct
Something looks off with the numbers on my monthly statement.,billing,indirect
"To whom it may concern, I was charged twice for my Starter account this month. Appreciate the quick help.",billing,direct
"Good morning, Tracking says my parcel is stuck at the local depot. This is the second time I am writing about this. Let me know what I can do.",shipping,direct
My package has not arrived yet and it was supposed to be here days ago. Let me know what I can do.,shipping,direct
"Hey, Any plans to add multiple user profiles on one account? This is really frustrating.",feature_request,direct
"Hi, Every time I try to export the report, the whole thing shuts down. Appreciate the quick help.",technical_issue,indirect
"Hello team, Please change the email address on my account. Let me know what I can do.",account_access,direct
"good morning, where is my order? the tracking page has not updated in a week.",shipping,direct
"Hi, Tracking says my parcel is stuck at the local depot. I am using the iOS version. Thanks in advance!",shipping,direct
The site keeps sedning me back to the sign-in page in a loop. I have been a customer for 4 years. Thanks in advance!,account_access,indirect
"Hello team, I wish the dashboard let me compare two months side by side. Thanks.",feature_request,indirect
"Hello team, Every time I try to export the report, the whole thing shuts down. I have been a customer for 1 years. Appreciate the quick help.",technical_issue,indirect
My payment failed but the money was still taken from my card. Reference: order #50542. Let me know what I can do.,billing,direct
"To whom it may concern, It broke after two days, I do not want a replacement, I just want to be paid back. Please help.",refund_return,indirect
"Good morning, I am travelling next week, will my parcel get here before I leave? I am using the Windows version. Thanks in advance!",shipping,indirect
The estimated arrival date came and went and I have heard nothing. Let me know what I can do.,shipping,indirect
"Hey, Part of my order is missing from the box that was delivered. Appreciate the quick help.",shipping,direct
My account is locked after too many login attempts. Let me know what I can do.,account_access,direct
"I cannot log in, it says my credentials are invalid. Thanks.",account_access,direct
"Good morning, How long will shipping take to my country? This is really frustrating.",shipping,direct
"Hello team, I would love to see a calendar integration. Thanks in advance!",feature_request,direct
"Hi, The total I paid last week is way more than the price listed on your website.",billing,indirect
"Hi, Can you support login with Aplpe in a future version? Let me know what I can do.",feature_request,direct
"Please take this back, it does not do what the description promised. Reference: order #82107. This is really frustrating.",refund_return,indirect
"I cannot log in, it says my credentials are invalid. This is really frustrating.",account_access,direct
"Hey, Notifications stopped working after the latest update. Appreciate the quick help.",technical_issue,direct
Any plans to add mlutiple user profiles on one account? I am using the web version. Please help.,feature_request,direct
"Hi, I lost my phone and cannot get the two-factor code. Thanks in advance!",account_access,direct
"Hi, Someone else may have accessed my account, I need to secure it. Let me know what I can do.",account_access,direct
"Good morning, Someone else may have accessed my account, I need to secure it. This is really frustrating.",account_access,direct
I would love to see a calendar integration.,feature_request,direct
"Hello team, I keep getting error code 500 when I try to save my work.",technical_issue,direct
Please add an option to export my data to CSV. This is really frustrating.,feature_request,direct
"Hi, Any plans to add multiple user profiles on one account? Let me know what I can do.",feature_request,direct
"Hey, I need a return label for the mobile app. This is really frustrating.",refund_return,direct
The screen goes black right after the logo appears. Thanks.,technical_issue,direct
"The delivery address on my order is wrong, can you change it? This is really frustrating.",shipping,direct
"Hi, Any plans to add multiple user profiles on one account? This is the second time I am writing about this. Apprecaite the quick help.",feature_request,direct
"To whom it may concern, It would be really helpful to have keyboard shortcuts.",feature_request,direct
"The courier keeps missing me, can I reschedule the delivery? This is really frustrating.",shipping,direct
A bulk edit feature would save me hours every week. I am using the Windows version. Let me know what I can do.,feature_request,direct
I would like a refund for the mobile app.,refund_return,direct
"Good morning, My bank statement shows two identical transactions from you this month. This is really frustrating.",billing,indirect
"To whom it may concern, Wehre is my order? The tracking page has not updated in a week. I am using the web version. Thanks.",shipping,direct
"Hey, I need a return label for the smart lamp. Appreciate the quick help.",refund_return,direct
"the delivery address on my order is wrong, can you change it? thanks in advance!",shipping,direct
"To whom it may concern, I need a return label for my subscription. Appreciate the qucik help.",refund_return,direct
"Hello team, A neighbour said a delivery person left a card but I never saw a package. Reference: order #79372. Pelase help.",shipping,indirect
"Hello team, Please process a return for my order. I have been a customer for 5 years. Please help.",refund_return,direct
"I keep getting emails saying my card was declined, but it works everywhere else. Let me know what I can do.",billing,indirect
"Hello team, Where is my order? The tracking page has not updtaed in a week. This is really frustrating.",shipping,direct
"To whom it may concern, A neighbour said a delivery perosn left a card but I never saw a package. Please help.",shipping,indirect
I want to delete my account and all my data. I am using the Windows version. Thanks.,account_access,direct
"Hi, I want my money back, the desktop app is not what I expected. I have been a customer for 8 years. Thanks in advance!",refund_return,direct
"Hi, I keep getting emails saying my card was declined, but it works everywhere else. This is really frustrating.",billing,indirect
"to whom it may concern, the courier keeps missing me, can i reschedule the delivery? please help.",shipping,direct
i was billed after i cancelled my subscription. this is the second time i am writing about this.,billing,direct
The item arrived damaged and I want to send it back for a full refund. This is the second time I am writing about this. Please help.,refund_return,direct
"Hi, Sync between my phone and laptop is not working. Appreciate the qiuck help.",technical_issue,direct
"Hey, My bank statement shows two identical transactions from you this month. Let me know what I can do.",billing,indirect
"Hi, I forgot my password and the reset email never arrives. Thanks.",account_access,direct
How long will shippnig take to my country?,shipping,direct
I forgot my password and the reset email never arrives. Thanks in advance!,account_access,direct
"Hi, Have you thought about letting us customise the home screen? This is really frustrating.",feature_request,indirect
"Hi, Tracking says my parcel is sutck at the local depot. Thanks in advance!",shipping,direct
"Hi, The total I paid last week is way more than the price listed on your website. Thanks.",billing,indirect
"Hello team, I want my money back, the smart lamp is not what I expected. I have been a customer for 8 years.",refund_return,direct
"Hey, It has been over two weeks and there is still nothing on my doorstep. I have been a customer for 2 years. Thanks.",shipping,indirect
"Hi, I cannot upload files, the progress bar gets sutck at 90 percent. Please help.",technical_issue,direct
"Good morning, Why did my subscription price go up? My bill is higher than usual. I have been a customer for 1 years.",billing,direct
"Good morning, The courier keeps missing me, can I reschedule the delivery? I am using the iOS version. Thanks in advance!",shipping,direct
"Hi, the mobile app will not connect to wifi anymore. This is the second time I am writing about this. This is really frustrating.",technical_issue,direct
"Hello team, I would love to see a calendar integration. Appreciate the quick help.",feature_request,direct
"I cannot upload files, the progress bar gets stuck at 90 percent. Please help.",technical_issue,direct
"To whom it may concern, I changed my mind and would like to return the mobile app wtihin the return window. I have been a customer for 2 years. Let me know what I can do.",refund_return,direct
The estimated arrival date came and went and I have heard nothing.,shipping,indirect
"To whom it may concern, The amount on my invoice does not match the plan I signed up for. I have been a customer for 4 years. Thanks.",billing,direct
Have you thought about letting us customise the home screen? I have been a customer for 8 years. Thanks in advance!,feature_request,indirect
"To whom it may concern, The device gets really hot and turns itself off after a few minutes. This is the sceond time I am writing about this.",technical_issue,indirect
it wuold be great if you added a dark mode. thanks in advance!,feature_request,direct
"Hey, Someone else may have accessed my account, I need to secure it. This is the second time I am writing about this. This is really frustrating.",account_access,direct
i would love to see a calendar integration. i am using the android version.,feature_request,direct
"To whom it may concern, The site keeps sending me back to the sign-in page in a loop.",account_access,indirect
"Good morning, How long will shipping take to my country? I have been a customer for 1 years.",shipping,direct
"Good morning, My order shows as delivered but I nveer received it. Reference: order #45768. This is really frustrating.",shipping,direct
Please consider adding support for more languages. Please help.,feature_request,direct
"Hello team, Please process a return for my order.",refund_return,direct
"Hello team, Please add an option to export my data to CSV.",feature_request,direct
"Hey, I was charged twice for the desktop app this month. This is the second time I am writing about this. Thanks.",billing,direct
"Good morning, The app crashes every time I open it. Thanks in advance!",technical_issue,direct
"To whom it may concern, I changed my mind and would like to return my Strater account within the return window. Thanks.",refund_return,direct
It worked fine yesterday but today it just shows a blank white page. This is really frustrating.,technical_issue,indirect
"Hi, I am travelling next week, will my parcel get here before I leave? Reference: order #26036.",shipping,indirect
My package has not arrived yet and it was supposed to be here days ago. I am using the Android version. Thanks in advance!,shipping,direct
"Hi, Please add an option to export my data to CSV. Appreciate the quick help.",feature_request,direct
"Hi, My payment failed but the money was still taken from my card. I have been a customer for 6 years. Let me know what I can do.",billing,direct
"Good morning, Can I get a refund for the unused months of my plan? Thanks in advance!",refund_return,direct
"Hi, The estimated arrival date came and went and I have heard nothing. Thanks.",shipping,indirect
"To whom it may concern, I have tried every password I can think of and still cannot get in.",account_access,indirect
I keep getting error code 500 when I try to save my work. Appreciate the quick help.,technical_issue,direct
"To whom it may concern, Part of my order is missing from the box that was delivered. I am using the Windows version. Let me know what I can do.",shipping,direct
"To whom it may concern, Can you support login with Apple in a future version? Thanks in advance!",feature_request,direct
"I cannot log in, it says my credentials are invalid. I am using the Windows version.",account_access,direct
"Good morning, Someone else may have accessed my account, I need to secure it. I have been a customer for 3 years. Appreciate the quick help.",account_access,direct
"Hi, I do not want this anymore, what are my options to be reimbursed?",refund_return,indirect
"To whom it may concern, A neighbour said a delivery person left a card but I never saw a package. This is the seocnd time I am writing about this.",shipping,indirect
"To whom it may concern, Why did my subscription prcie go up? My bill is higher than usual.",billing,direct
"Hey, Can you support login with Apple in a future version?",feature_request,direct
"Hi, Please process a return for my order. I have been a customer for 1 years. This is relaly frustrating.",refund_return,direct
"I cannot upload files, the progress bar gets stuck at 90 percent. Thanks.",technical_issue,direct
"Right now I have to copy everything by hand, there should be a smarter way. Reference: order #87242. This is really frustrating.",feature_request,indirect
"Hey, The amount on my invoice does not match the plan I signed up for. This is the second time I am writing about this.",billing,direct
"good morning, can i get a refund for the unused mnoths of my plan? thanks.",refund_return,direct
Any plans to add multilpe user profiles on one account? Please help.,feature_request,direct
"Hello team, Any plans to add multiple user profiles on one account? I am using the Android version.",feature_request,direct
"Good morning, I keep getting emails saying my card was declined, but it works everywhere else. This is really frustrating.",billing,indirect
"To whom it may concern, There is an incorrect charge on my latest invoice.",billing,direct
"Hey, Tracking says my parcel is stuck at the local depot. This is the second time I am writing about this.",shipping,direct
The device gets really hot and turns itself off after a few minutes. Reference: order #75135. Please help.,technical_issue,indirect
"Hey, My account is locked after too many login attempts. Appreciate the quick help.",account_access,direct
"Hi, I want to delete my account and all my data. Thanks.",account_access,direct
"to whom it may concern, the estimated arrival date came and went and i have heard nothing. i am using the android version.",shipping,indirect
"To whom it may concern, Where is my order? The tracking page has not updated in a week. This is the second time I am writing about this. Thanks.",shipping,direct
"Hey, It has been over two weeks and there is still nothing on my doorstep. This is the second time I am writing about this.",shipping,indirect
"Hey, The courier keeps missing me, can I reschedule the delivery? I have been a customer for 6 years.",shipping,direct
"Hey, I lost my phone and cannot get the two-factor code.",account_access,direct
"Hello team, The courier keeps missing me, can I reschedlue the delivery? Appreciate the quick help.",shipping,direct
"To whom it may concern, I want my money back, the Aero blender is not what I expected. Appreciate the quick help.",refund_return,direct
I never received the verification email for my new account. I am using the web version. Thanks.,account_access,direct
"It broke after two days, I do not want a replacement, I just want to be paid back. Please help.",refund_return,indirect
The amount on my invoice does not match the plan I signed up for. Appreciate the quick help.,billing,direct
"Good morning, Why did my subscription price go up? My bill is higher than usual. Let me know what I can do.",billing,direct
"Good morning, I lost my phone and cannot get the two-factor code. Reference: order #16662. This is raelly frustrating.",account_access,direct
"Hi, I am travelling next week, will my parcel get here before I leave? Thanks.",shipping,indirect
"Good morning, Someone else may have accessed my account, I need to secure it. This is the second time I am writnig about this.",account_access,direct
"Hi, Please add an option to export my data to CSV. Let me know what I can do.",feature_request,direct
"Hello team, My payment failed but the money was still taken from my card. Let me know what I can do.",billing,direct
"Hello team, Please change the email address on my account. I have been a customer for 5 years. Thanks.",account_access,direct
Part of my order is missing from the box that was delivered. Thanks in advance!,shipping,direct
"To whom it may concern, It would be great if you added a dark mode. This is the second time I am writing about this. This is really frustrating.",feature_request,direct
Any plans to add multiple user profiles on one account? Thanks in advance!,feature_request,direct
"Hello team, Why did my subscription price go up? My bill is higher than usual. Let me know what I can do.",billing,direct
"Hello team, The estimated arrival date came and went and I have heard nothing.",shipping,indirect
"Hi, I would love to see a calendar integration. Let me know what I can do.",feature_request,direct
"Hello team, Please change the email address on my account. Please help.",account_access,direct
"Hello team, Where is my order? The tracking page has not updated in a week. Reference: order #57932.",shipping,direct
"Hey, I cannot log in, it says my credentials are invalid.",account_access,direct
I wish the dashboard let me compare two months side by side. Thanks.,feature_request,indirect
"Someone else may have accessed my account, I need to secure it. Reference: order #92506. Please help.",account_access,direct
"Good morning, I was charged twice for my Starter account this month. Reference: order #51307.",billing,direct
"Good morning, Notifications stopped working afetr the latest update. Let me know what I can do.",technical_issue,direct
"Hey, I would like a refund for the smart lamp. Reference: order #54353.",refund_return,direct
"Hey, Something looks off with the numbers on my monthly statement. Reference: order #89383. Thanks in advance!",billing,indirect
"I keep getting emails saying my card was declined, but it works everywhere else.",billing,indirect
"Every time I try to export the report, the whole thing shuts down. This is the second time I am writing about this. Please help.",technical_issue,indirect
"Good morning, It has been over two weeks and there is still nothing on my doorstep. Please help.",shipping,indirect
"Good morning, Please take this back, it does not do what the description promised. I have been a customer for 2 years. Please help.",refund_return,indirect
"To whom it may concern, Please process a return for my order.",refund_return,direct
"Hey, Have you thought about letting us customise the home screen? This is the second time I am writing about this. Please help.",feature_request,indirect
"Hey, Every time I try to export the report, the whole thing shuts down. Reference: order #44631. Let me know what I can do.",technical_issue,indirect
"To whom it may concern, My package has not arrived yet and it was supposed to be here days ago. I am using the web version. Let me know what I can do.",shipping,direct
"To whom it may concern, My payment failed but the money was still taken from my card. I have been a customer for 2 years.",billing,direct
"I cannot upload files, the progress bar gets stuck at 90 percent. I am using the Android version.",technical_issue,direct
Please consider adding support for more languages. This is really frustrating.,feature_request,direct
"Good morning, I would love to see a calendar integration. Let me know what I can do.",feature_request,direct
I wish the dashboard let me compare two months side by side. Please help.,feature_request,indirect
"Good morning, It would be really helpful to have keyboard shortcuts. Let me know what I can do.",feature_request,direct
"Hello team, Right now I have to copy everything by hand, there should be a smarter way. Let me know what I can do.",feature_request,indirect
can you supoprt login with apple in a future version? i have been a customer for 3 years.,feature_request,direct
"Hey, I wish the dashboard let me compare two months side by side. This is really frustrating.",feature_request,indirect
"Hey, I have tried every password I can think of and still cannot get in. I am using the Android version. Let me know what I can do.",account_access,indirect
"To whom it may concern, The app crashes every time I open it.",technical_issue,direct
"Hello team, It would be great if you added a dark mode. I am using the web version. Thanks in advance!",feature_request,direct
"to whom it may concern, the app crashes every time i open it. thanks.",technical_issue,direct
"Good morning, I want to delete my account and all my data. Plesae help.",account_access,direct
"Good morning, The page loads very slowly and sometimes freezes. This is the second time I am writing about this.",technical_issue,direct
"I cannot upload files, the progress bar gets stuck at 90 percent. Thanks in advance!",technical_issue,direct
"Hey, Where is my order? The tracking page has not updated in a week. Please help.",shipping,direct
can you support login with apple in a future version? thanks.,feature_request,direct
"Hello team, Please consider adidng support for more languages. Appreciate the quick help.",feature_request,direct
"Hi, I cannot log in, it says my credentials are invalid.",account_access,direct
I was charged twice for my subscription this month. I have been a customer for 4 years. This is really frustrating.,billing,direct
"Plesae take this back, it does not do what the description promised. Thanks.",refund_return,indirect
"Good morning, The total I paid last week is way more than the price listed on your website. Reference: order #81101. This is really frustrating.",billing,indirect
"Hey, I was charged twice for the Aero blender this month. I am using the iOS version.",billing,direct
"Hi, Sync between my phone and laptop is not working.",technical_issue,direct
"Good morning, It would be really helpful to have keyboard shortcuts. Please help.",feature_request,direct
"Hi, My whole team would switch to you if there was a way to set custom reminders.",feature_request,indirect
"To whom it may concern, I canont log in, it says my credentials are invalid. Let me know what I can do.",account_access,direct
"Hi, My package has not arrived yet and it was suppoesd to be here days ago.",shipping,direct
"Hey, How do I return my subscription? It does not fit. Thanks in advance!",refund_return,direct
"Good morning, Notifications stopped working after the latest update. Thanks.",technical_issue,direct
"Hi, My whole team would switch to you if there was a way to set custom reminders. Reference: order #40845.",feature_request,indirect
"To whom it may concern, The item arrived damaged and I want to send it back for a full refund. Please help.",refund_return,direct
"Hi, The courier keeps missing me, can I reschedule the delivery? This is the second time I am writing about this. Let me know what I can do.",shipping,direct
"Hi, I keep getting error code 500 when I try to save my work.",technical_issue,direct
"Hi, I changed my mind and would like to return the Aero blender within the return window. Thanks in advance!",refund_return,direct
"To whom it may concern, I would like a refund for my order. Reference: order #35281.",refund_return,direct
"Hi, My old work email no longer exists, how do I move everything to my new address? Thanks in advance!",account_access,indirect
"Hello team, The page loads very slowly and sometimes freezes. Thanks.",technical_issue,direct
Part of my odrer is missing from the box that was delivered. I am using the Windows version.,shipping,direct
"Hi, The screen goes black right after the logo appears. Reference: order #58495. Thanks.",technical_issue,direct
"hey, i lost my phone and cannot get the two-factor code.",account_access,direct
"To whom it may concern, A bulk edit feature would save me hours every week. Thanks.",feature_request,direct
"Good morning, The device gets really hot and turns itself off after a few minutes. Appreciate the quick help.",technical_issue,indirect
"Good morning, Any plans to add multiple user prfoiles on one account? I am using the iOS version.",feature_request,direct
"This is not what I expected, I would like to send it back and get my money returned. Let me know what I can do.",refund_return,indirect
"hello team, my whole team would switch to you if there was a way to set custom reminders. i have been a customer for 6 years. please help.",feature_request,indirect
It would be great if you added a dark mode. This is really frustrating.,feature_request,direct
"Hey, There is an incorrect charge on my latest invoice. Let me know what I can do.",billing,direct
"To whom it may concern, I changed my mind and would like to return the mobile app within the return window. Reference: order #19495. Appreciate the quick help.",refund_return,direct
"Good morning, Can you support login with Apple in a future version? Thanks.",feature_request,direct
"Hey, I keep getting emails saynig my card was declined, but it works everywhere else. Thanks in advance!",billing,indirect
"Hey, My old work email no longer exists, how do I move everything to my new address? Appreciate the quick help.",account_access,indirect
It has been over two weeks and there is still nothing on my doorstep. Appreciate the quick help.,shipping,indirect
"To whom it may concern, Please process a return for my order. Appreciate the qiuck help.",refund_return,direct
"this is not what i expected, i would like to send it back and get my money returned. this is really frustrating.",refund_return,indirect
"hi, my order shows as delivered but i never received it. let me know what i can do.",shipping,direct
"Hey, I want my money back, my Starter account is not what I expected.",refund_return,direct
"Good morning, My whole team would switch to you if there was a way to set custom reminders. Please help.",feature_request,indirect
I forgot my password and the reset email never arrives. This is relaly frustrating.,account_access,direct
"Good morning, the Pro plan will not connect to wifi anymore. I have been a customer for 3 years. Thanks in advance!",technical_issue,direct
"hello team, i never received the verification email for my new account. i am using the web version. thanks.",account_access,direct
"Hey, I got a message saying there was a login from another country and it was not me. I have been a customer for 4 years. This is really frustrating.",account_access,indirect
The page laods very slowly and sometimes freezes. Thanks.,technical_issue,direct
"Good morning, The item arrived damgaed and I want to send it back for a full refund. I am using the Windows version. Appreciate the quick help.",refund_return,direct
"To whom it may concern, The site keeps sending me back to the sign-in page in a loop. Reference: order #14782. Please help.",account_access,indirect
"Good morning, I cannot upload files, the progress bar gets stuck at 90 percent.",technical_issue,direct
"Hello team, Why did my subscription price go up? My bill is higher than usual. Appreciate the quick help.",billing,direct
"To whom it may concern, How do I return my subscription? It does not fit.",refund_return,direct
"Hey, I cannot log in, it says my credentials are invalid. Thanks in advance!",account_access,direct
"hi, any plans to add multiple user porfiles on one account?",feature_request,direct
"hlelo team, the screen goes black right after the logo appears. this is the second time i am writing about this. this is really frustrating.",technical_issue,direct
"Hello team, My order shows as delivered but I never received it.",shipping,direct
"Hey, I would love to see a calendar integration. This is really frustrating.",feature_request,direct
"Good morning, Where is my order? The tracking page has not updated in a week. I am using the web version. Appreciate the quick help.",shipping,direct
"Hey, I changed my mind and would like to return the desktop app within the return window.",refund_return,direct
"Hey, The page loads very slowly and sometimes freezes. Reference: order #39012. Thanks in advance!",technical_issue,direct
"Hello team, It would be really helpful to have keyboard shortcuts. This is the second time I am writing about this. Appreciate the quick help.",feature_request,direct
"Hey, my Nova headphnoes will not connect to wifi anymore.",technical_issue,direct
"To whom it may concern, Sync between my phone and latpop is not working. Thanks.",technical_issue,direct
The device gets really hot and turns itself off after a few minutes.,technical_issue,indirect
"Good morning, My package has not arrived yet and it was supposed to be here days ago.",shipping,direct
"Hi, I do not want this anymore, what are my options to be reimbursed? Let me know what I can do.",refund_return,indirect
"To whom it may concern, I forgot my password and the reset email never arrives.",account_access,direct
"Hi, Any plans to add multiple user profiles on one account? Please help.",feature_request,direct
"To whom it may concern, the desktop app will not connect to wifi anymore. Thanks.",technical_issue,direct
The screen goes black right after the logo appears. Let me know what I can do.,technical_issue,direct
"Hello team, I need a return label for the Pro plan. Appreciate the quick help.",refund_return,direct
"To whom it may concern, the Pro plan will not connect to wifi anymore.",technical_issue,direct
"Hi, Please consider adding support for more languages. This is the second time I am writing about this.",feature_request,direct
"Hello team, I have tried every password I can think of and still cannot get in. I have been a customer for 8 years.",account_access,indirect
"Hello team, Notifications stopped working after the latest update. Thanks in advance!",technical_issue,direct
"To whom it may concern, Can I get a refund for the unused months of my plan? Thanks.",refund_return,direct
"Hello team, I lost my phone and cannot get the two-factor code. This is really frustrating.",account_access,direct
"Hey, I keep getting error code 500 when I try to save my work.",technical_issue,direct
I would love to see a calendar integration. This is the second time I am writing about this.,feature_request,direct
"To whom it may concern, Notifications stopped working after the latest update. This is the second time I am writing about this.",technical_issue,direct
"Hey, Notifications stopped working after the latest update. Thanks in advance!",technical_issue,direct
"Hi, The page loads very slowly and sometimes freezes. Reference: order #19552.",technical_issue,direct
"Hi, The delivery address on my order is wrong, can you change it? This is the seocnd time I am writing about this. This is really frustrating.",shipping,direct
"Hi, Please change the email address on my account.",account_access,direct
"To whom it may concern, I changed my mind and would like to reutrn my Nova headphones within the return window.",refund_return,direct
"Hi, I keep getting emails saying my card was declined, but it works everywhere else. I have been a customer for 1 years. This is really frustrating.",billing,indirect
"good morning, i need to update the credit card on file for my billing. i am using the android version.",billing,direct
"To whom it may concern, It would be great if you added a dark mode. I have been a customer for 8 years. Let me know what I can do.",feature_request,direct
"To whom it may concern, Can you send me a copy of my invoice for last month? I have been a customer for 6 years.",billing,direct
"hi, my whole team would switch to you if there was a way to set custom reminders. i am using the windows version. let me know what i can do.",feature_request,indirect
"Hi, It has been over two weeks and there is still nothing on my doorstep. Please help.",shipping,indirect
"Hey, I do not want this anymore, what are my options to be reimbursed? Thanks in advance!",refund_return,indirect
"Hi, Every time I try to export the report, the whole thing shuts down.",technical_issue,indirect
It would be great if you added a dark mode. This is the second time I am writing about this. This is really frustrating.,feature_request,direct
"Hey, My payment failed but the money was still taken from my card. I am using the iOS version. Appreciate the quick help.",billing,direct
the item arrived damaged and i want to send it back for a full refund.,refund_return,direct
The app crashes every time I open it. Let me know what I can do.,technical_issue,direct
The page loads very slowly and sometimes freezes. Appreciate the quick help.,technical_issue,direct
"Good morning, Can you send me a copy of my invoice for last month? Please help.",billing,direct
"Hello team, The item arrived damaged and I want to send it back for a full refund. Please help.",refund_return,direct
"To whom it may concern, It would be really helpful to have keyboard shortcuts. This is really frustrating.",feature_request,direct
"To whom it may concern, The delivery address on my order is wrong, can you change it?",shipping,direct
"To whom it may concern, Can you support login with Apple in a future version? Reference: order #62833. Let me know what I can do.",feature_request,direct
"Hello team, The page loads very slowly and sometimes freezes. This is the second time I am writing about this. Thanks in advance!",technical_issue,direct
"Hello team, My account is locked after too many login attempts. Thanks.",account_access,direct
"hi, i got a message saying there was a login from another country and it was not me. let me know what i can do.",account_access,indirect
Tracking says my parcel is stuck at the local depot. Thanks.,shipping,direct
I lost my phone and cannot get the two-factor code. I am using the Android version. Thanks.,account_access,direct
"Hlelo team, I want to delete my account and all my data. I am using the Android version. Let me know what I can do.",account_access,direct
Please change the email address on my account. Please help.,account_access,direct
I changed my mind and would like to return the Aero blender within the return window. Thanks in advance!,refund_return,direct
My order shows as delivered but I never received it. Reference: order #42622. Thanks.,shipping,direct
"to whom it may concern, the site keeps sending me back to the sign-in page in a loop. please help.",account_access,indirect
"Hi, My account is locked after too many login attempts. I am using the web version.",account_access,direct
I never received the verification email for my new account.,account_access,direct
"Hi, Please process a return for my order. Please help.",refund_return,direct
"To whom it may concern, The screen goes black right after the logo appears. This is the second time I am writing about this. Please help.",technical_issue,direct
"Good morning, I was charged twice for the Aero blender this month. This is the second time I am writing about this. Thanks.",billing,direct
"To whom it may concern, I was charged twice for the Pro plan this month. Thanks in advance!",billing,direct
"Hello team, I would like a refund for the mobile app. I am using the Android version. Please help.",refund_return,direct
"To whom it may concern, The page loads very slowly and sometimes freezes. Please help.",technical_issue,direct
"Good morning, Where is my order? The tracking page has not updated in a week. Reference: order #43728.",shipping,direct
"hi, i would love to see a calendar integration. appreciate the quick help.",feature_request,direct
Please process a return for my order. Thanks.,refund_return,direct
I need to update the credit card on file for my billing. Please help.,billing,direct
"Every time I try to export the report, the whloe thing shuts down. Appreciate the quick help.",technical_issue,indirect
"hello team, it would be really helpful to have keyboard shortcuts. reference: order #10873. thanks in advance!",feature_request,direct
Sync between my phone and laptop is not working. I am using the Windows version. This is really frustrating.,technical_issue,direct
The site keeps sending me back to the sign-in page in a loop. Thanks.,account_access,indirect
"Hello team, my order will not connect to wifi anymore. Thanks in advance!",technical_issue,direct
"Hey, Please change the email address on my account. Thanks.",account_access,direct
"Hi, It broke after two days, I do not want a replacement, I just want to be paid back. I have been a customer for 5 years. Please help.",refund_return,indirect
"Hello team, The app crashes eevry time I open it. I am using the Android version. This is really frustrating.",technical_issue,direct
My payment failed but the money was still taken from my card.,billing,direct
Please process a return for my order. I am using the Android version. Thanks in advance!,refund_return,direct
"Good morning, I was billed after I cancelled my subscription. Please help.",billing,direct
"Hey, I want my mnoey back, my subscription is not what I expected. I have been a customer for 4 years. Thanks.",refund_return,direct
"To whom it may concern, Why did my subscription price go up? My bill is higher than usual. Reference: odrer #96384. Thanks in advance!",billing,direct
"Hi, It broke after two days, I do not want a replacement, I just want to be paid back. Thanks.",refund_return,indirect
"To whom it may concern, The site keeps sending me back to the sign-in page in a loop. This is the second time I am writing about this. This is really frustrating.",account_access,indirect
"hey, please process a return for my order. this is the second time i am writing about this. thanks in advance!",refund_return,direct
"Hi, Have you thought about letting us customise the home screen? I have been a customer for 3 years.",feature_request,indirect
It would be really helpful to have keyboard shortcuts. I am using the Windows version. Please help.,feature_request,direct
"Hi, I changed my mind and would like to return my order within the return window. Please help.",refund_return,direct
"To whom it may concern, Every time I try to exprot the report, the whole thing shuts down. Reference: order #48791. Let me know what I can do.",technical_issue,indirect
"Good morning, I was charged twice for the desktop app this month. This is the second time I am writing about this. Thanks in advance!",billing,direct
"Good morning, I need to update the credit card on file for my billing. Let me know what I can do.",billing,direct
Why did my subscription price go up? My bill is higher than usual. Let me know what I can do.,billing,direct
how do i return my order? it does not fit. appreciate the quick help.,refund_return,direct
"Hi, My order shows as delivered but I never received it. I have been a customer for 4 years. Thanks in advance!",shipping,direct
"Hey, Where is my order? The tracking page has not updated in a week. Thanks.",shipping,direct
"Hey, Any plans to add multiple user profiles on one account?",feature_request,direct
Can you support login with Apple in a future version? I am using the iOS version. Please help.,feature_request,direct
"Hello team, The amount on my invoice does not match the plan I signed up for. Reference: order #32231.",billing,direct
Why did my subscription price go up? My bill is higher than usual. Reference: order #63430.,billing,direct
"good morning, the app crashes every time i open it. appreciate the quick help.",technical_issue,direct
"Good morning, I keep getting error code 500 when I try to save my work. I have been a customer for 6 years. Let me know what I can do.",technical_issue,direct
I need to update the credit card on file for my billing. I have been a customer for 7 years. Thanks.,billing,direct
i keep getting error code 500 when i try to save my work. reference: order #88348. appreciate the quick help.,technical_issue,direct
"Hi, I was billed after I cancelled my subscription. This is really frustrating.",billing,direct
"Hello team, The amount on my invoice does not match the plan I signed up for. This is the second time I am writing about this. Let me know what I can do.",billing,direct
"Hello team, Please process a return for my order. Appreciate the quick help.",refund_return,direct
"To whom it may concern, Tracking says my parcel is stuck at the local depot. Thanks.",shipping,direct
"To whom it may concern, Part of my order is missing from the box that was delivered. Reference: order #99927.",shipping,direct
"Hello team, I cnanot upload files, the progress bar gets stuck at 90 percent. Reference: order #78559. This is really frustrating.",technical_issue,direct
"Good morning, I want to delete my account and all my data. Appreciate the quick help.",account_access,direct
There is an incorrect charge on my latest invoice. This is really frustrating.,billing,direct
Please consider adding support for more languages. I have been a customer for 7 years. This is really frustrating.,feature_request,direct
"Hi, Please change the email address on my account. Thanks.",account_access,direct
My whole team would switch to you if there was a way to set custom reminders.,feature_request,indirect
"hey, please process a return for my order.",refund_return,direct
"hello team, i forgot my password and the reset email never arrives. please help.",account_access,direct
"To whom it may concern, It would be great if you added a dark mode.",feature_request,direct
"Good morning, The screen goes black right after the logo appears. Appreciate the quick help.",technical_issue,direct
"Good morning, Please change the email address on my account. Reference: order #57735.",account_access,direct
"To whom it may concern, The site keeps sending me back to the sign-in page in a loop. I am using the iOS version. Thanks.",account_access,indirect
"Good morning, Sync between my phone and laptop is not working.",technical_issue,direct
"Hey, The app crashes every time I open it. Thanks.",technical_issue,direct
"Hello team, I cannot upload files, the progress bar gets stuck at 90 percent. I have been a customer for 4 years. This is really frustrating.",technical_issue,direct
I wish the dashboard let me compare two months side by side. Reference: order #92414.,feature_request,indirect
"Hello team, My whole team would switch to you if there was a way to set custom reminders. Let me know what I can do.",feature_request,indirect
"Hi, The estimated arrival date came and went and I have heard nothing. I have been a customer for 8 years. Thanks in advance!",shipping,indirect
The item arrived damaged and I want to send it back for a full refund. This is the second time I am writing about this.,refund_return,direct
I changed my mind and would like to return my Nova headphones within the return window. I have been a customer for 6 years. Appreciate the quick help.,refund_return,direct
"To whom it may concern, Why did my subscription price go up? My bill is higher than usual. Appreciate the quick help.",billing,direct
"The delivery address on my order is wrong, can you change it?",shipping,direct
"hi, i was charged twice for the pro plan this month. this is the second time i am writing about this. thanks in advance!",billing,direct
it would be great if you added a dark mode. this is the second time i am writing about this. let me know what i can do.,feature_request,direct
The amount on my invoice does not match the plan I signed up for. I am using the web version. Please help.,billing,direct
"Someone else may have accessed my account, I need to secure it. Let me know what I can do.",account_access,direct
"Hey, Why did my subscription price go up? My bill is hihger than usual. Please help.",billing,direct
"Good morning, The delivery address on my order is wrong, can you change it? Thanks in advance!",shipping,direct
"Good morning, I forgot my password and the reset email never arrives.",account_access,direct
"Good morning, I forgot my password and the reset email never arrives. Reference: order #32240. This is really frustrating.",account_access,direct
"hey, why did my subscription price go up? my bill is higher than usual. let me know what i can do.",billing,direct
"To whom it may concern, The screen goes black right after the logo appears. This is the second time I am writing about this. This is really frustrating.",technical_issue,direct
"Hi, There is an incorrect charge on my latest invoice. I am using the Andriod version. Appreciate the quick help.",billing,direct
"Hello team, My payment failed but the money was still taken from my card. Appreciate the quick help.",billing,direct
"Hello team, Notifications stopped working after the latest update. This is really frustrating.",technical_issue,direct
"Good morning, I want my money back, my Nova headphones is not what I expected. Reference: order #51711. Thanks in advance!",refund_return,direct
I would love to see a calendar integration. Thanks.,feature_request,direct
The item arrived damaged and I want to send it back for a full refund. This is really frustrating.,refund_return,direct
I wish the dashboard let me compare two months side by side. I have been a customer for 4 years. Appreciate the quick help.,feature_request,indirect
"To whom it may concern, I cannot log in, it says my credentials are invalid. Appreciate the quick help.",account_access,direct
"Good morning, I lost my phone and cannot get the two-factor code. I am using the Windows version. Thanks.",account_access,direct
"Hello team, How do I return the mobile app? It does not fit. Appreciate the quick help.",refund_return,direct
"Hey, The page loads very slowly and sometimes freezes. Reference: oredr #76135. Thanks in advance!",technical_issue,direct
"Hi, How do I return the Aero blender? It does not fit. Let me know what I can do.",refund_return,direct
Why did my subscription price go up? My bill is higher than usual.,billing,direct
"Hi, A bulk edit feature would save me hours every week.",feature_request,direct
"hey, i never received the verification email for my new account. thanks in advance!",account_access,direct
"To whom it may concern, It would be great if you added a dark mode. Thanks.",feature_request,direct
"Good morning, I do not want this anymore, what are my options to be reimbursed? Appreciate the quick help.",refund_return,indirect
the app carshes every time i open it. please help.,technical_issue,direct
"Hey, Can I get a refund for the unused months of my plan? This is the second time I am writing about this.",refund_return,direct
"Hi, It broke after two days, I do not want a replacement, I just want to be paid back. I am using the iOS version. Thanks in advance!",refund_return,indirect
"good morning, the page loads very slowly and sometimes freezes. appreciate the quick help.",technical_issue,direct
"Good morning, I need to update the credit card on file for my billing. I am using the Windows version. Thanks.",billing,direct
"Good morning, The delivery address on my order is wrong, can you change it? Please help.",shipping,direct
"I cannot log in, it says my credentials are invalid.",account_access,direct
"Hello team, I cannot log in, it says my credentials are invalid.",account_access,direct
"hey, i forgot my password and the reset email never arrives. reference: order #18162. let me know what i can do.",account_access,direct
"Hello team, Sync between my phone and laptop is not working. I am using the web version. Please help.",technical_issue,direct
"Hi, The total I paid last week is way more than the price listed on your website. I have been a customer for 4 years.",billing,indirect
"Good morning, I need to update the credit card on file for my billing. I am using the Android version. Thanks in advance!",billing,direct
I want to delete my account and all my data. This is really frustrating.,account_access,direct
"Hey, My whole team would switch to you if there was a way to set custom reminders. This is really frustrating.",feature_request,indirect
Have you thought about letting us customise the home screen? Appreciate the quick help.,feature_request,indirect
"Hello team, Notifications stpoped working after the latest update. I have been a customer for 6 years. Thanks.",technical_issue,direct
"Ever since the update, nothing responds when I tap the buttons. I am using the Windows version.",technical_issue,indirect
"hello team, there is an incorrect charge on my latest invoice. i am using the android version. let me know what i can do.",billing,direct
"Hey, Any plans to add multiple user profiles on one account? Reference: order #86388. Please help.",feature_request,direct
"hi, sync between my phone and laptop is not working. thanks in advance!",technical_issue,direct
"Hey, Notifications stopped working after the latest update. I am using the Android version. Appreciate the quick help.",technical_issue,direct
"Hello team, Someone else may have accessed my account, I need to secure it. Appreciate the quick help.",account_access,direct
"Good morning, Can I get a refund for the unused months of my plan? Reference: order #93861. Thanks.",refund_return,direct
Please change the email address on my account. Thanks in advance!,account_access,direct
I got a message saying there was a login from another country and it was not me. Reference: order #91496. Thanks.,account_access,indirect
"Hey, The amount on my invoice does not match the plan I signed up for. This is the secnod time I am writing about this.",billing,direct
I changed my mind and would like to return the smart lamp within the return window. Appreciate the quick help.,refund_return,direct
The total I paid last week is way more than the price listed on your website.,billing,indirect
"To whom it may concern, Can you support login with Apple in a future version?",feature_request,direct
"Good morning, I wish the dashboard let me compare two months side by side. This is the second time I am writing about this. Appreciate the quick help.",feature_request,indirect
"Good morning, Please process a return for my order.",refund_return,direct
"Hey, I cannot upload files, the progress bar gets stuck at 90 percent. Let me know what I can do.",technical_issue,direct
I changed my mind and would like to return my Nova headphones within the return window. I am using the iOS version.,refund_return,direct
"Hey, How long will shipping take to my country? This is the second time I am writing about this. This is really frustrating.",shipping,direct
"Hi, The estimated arrival date came and went and I have heard nothing. This is really frustrating.",shipping,indirect
"Good morning, I wish the dashboard let me compare two months side by side. This is really frustrating.",feature_request,indirect
"Good morning, Please take this back, it does not do what the description promised.",refund_return,indirect
"Good morning, A bulk edit feature would save me hours every week. This is the second time I am writing about this.",feature_request,direct
"Good morning, The device gets really hot and turns itself off after a few minutes. Let me know what I can do.",technical_issue,indirect
I need to update the credit card on file for my billing. Tahnks in advance!,billing,direct
"Hey, Why did my subscription price go up? My bill is higher than usual. I have been a customer for 3 years. Appreciate the quick help.",billing,direct
"Hey, It would be really helpful to have keyboard shortcuts. Plesae help.",feature_request,direct
I was billed atfer I cancelled my subscription. Let me know what I can do.,billing,direct
"hi, notifications stopped working after the latest update.",technical_issue,direct
"Hello team, It would be great if you added a dark mode. Thanks in advance!",feature_request,direct
"Hello team, my Starter account will not connect to wifi anymore. Let me know what I can do.",technical_issue,direct
"Hello team, Part of my order is missing from the box that was delivered. This is the second time I am writing about this. Please help.",shipping,direct
Sync bewteen my phone and laptop is not working. I am using the iOS version. Thanks in advance!,technical_issue,direct
"The courier keeps missing me, can I reschedule the delivery? This is the second time I am writing about this. Appreciate the quick help.",shipping,direct
"Hey, My account is locked after too many login attempts. Thanks.",account_access,direct
"Hello team, I keep gteting error code 500 when I try to save my work. Thanks in advance!",technical_issue,direct
"Hey, Why did my subscription price go up? My bill is higher than usual. I have been a customer for 5 years. This is really frustrating.",billing,direct
"Hello team, The delivery address on my order is wrong, can you change it? I have been a customer for 2 years. Appreciate the qiuck help.",shipping,direct
"To whom it may concern, I do not want this anymore, what are my options to be reimbursed? This is the second time I am writing aobut this.",refund_return,indirect
"To whom it may concern, I forgot my password and the reset email never arrives. Thanks in advance!",account_access,direct
"To whom it may concern, It broke after two days, I do not want a replacement, I just want to be paid back.",refund_return,indirect
My account is locked after too many login attempts. Reference: order #26308. This is really frustrating.,account_access,direct
A bulk edit feature would save me hours every week. This is really frustrating.,feature_request,direct
"Hey, Tracking says my parcel is stuck at the local depot.",shipping,direct
"Hey, I keep getting emails saying my card was declined, but it works everywhere else. Please help.",billing,indirect
"Good morning, I never received the verification email for my new account. Reference: order #96307. This is really frustrating.",account_access,direct
"To whom it may concern, The screen goes black right after the logo appears. Thanks in advance!",technical_issue,direct
How long will shipping take to my country? Appreciate the quick help.,shipping,direct
"Hello team, I wish the dashboard let me compare two months side by side.",feature_request,indirect
"Hello team, I am travelling next week, will my parcel get here before I leave? Reference: order #73807.",shipping,indirect
"My old work email no longer exists, how do I move everything to my new address? This is the second time I am writing about this. Thanks.",account_access,indirect
"To whom it may concern, I got a message saying there was a login from another country and it was not me. This is the second time I am writing about this. This is really frustrating.",account_access,indirect
"To whom it may concern, Any plans to add multiple user profiles on one account? I have been a customer for 2 years. Thanks.",feature_request,direct
"Hello team, The delivery address on my order is wrong, can you change it? This is the second time I am writing about this. This is really frustrating.",shipping,direct
"Hello team, My old work email no lonegr exists, how do I move everything to my new address? This is really frustrating.",account_access,indirect
Can I get a refund for the unused months of my plan? Thanks.,refund_return,direct
"Hello team, Where is my order? The tracking page has not updated in a week.",shipping,direct
"Hey, I wolud like a refund for my subscription. This is the second time I am writing about this.",refund_return,direct
"to whom it may concern, i never receievd the verification email for my new account.",account_access,direct
my order shows as delivered but i never received it. i have been a customer for 3 years. let me know what i can do.,shipping,direct
"Hi, How do I return my subscription? It does not fit. This is really frustrating.",refund_return,direct
"Good morning, Someone else may have accessed my account, I need to secure it.",account_access,direct
"Hi, I need a return label for the Pro plan. This is really frustrating.",refund_return,direct
I want to delete my account and all my data. Please help.,account_access,direct
The app crashes every time I open it. Thanks in advance!,technical_issue,direct
"hi, i want my money back, the mobile app is not what i expected. thanks.",refund_return,direct
"To whom it may concern, I was charged twice for my oredr this month. I am using the web version. Please help.",billing,direct
"Good morning, I keep getting emails saying my card was declined, but it works everywhere else. Please help.",billing,indirect
"To whom it may concern, The screen goes black right afetr the logo appears.",technical_issue,direct
"To whom it may concern, I want my money back, my Nova headphones is not what I expected. Let me know what I can do.",refund_return,direct
"To whom it may concern, I keep getting error code 500 when I try to save my work. Please help.",technical_issue,direct
"Good morning, My package has not arrived yet and it was supposed to be here days ago. Please help.",shipping,direct
"Hey, I never received the verification email for my new account. I am using the web version. Thanks in advance!",account_access,direct
"To whom it may concern, I was charged twice for the Aero blender this month. Thanks in advance!",billing,direct
I want to delete my account and all my data. Thanks.,account_access,direct
"Hi, My order shows as delivered but I never received it. Please help.",shipping,direct
I need to update the credit card on file for my billing. This is really frustrating.,billing,direct
"Every time I try to export the report, the whole thing shuts down. This is raelly frustrating.",technical_issue,indirect
I was charged twice for the Aero blender this month. Plaese help.,billing,direct
"To whom it may concern, Can you send me a copy of my invoice for last month? Thanks in advance!",billing,direct
"Hey, The page loads very slowly and sometimes freezes. Reference: order #63458. Appreciate the quick help.",technical_issue,direct
"Hello team, Any plans to add multiple user profiles on one account?",feature_request,direct
There is an incorrect charge on my latest invoice.,billing,direct
"To whom it may concern, Ever since the update, nothing responds when I tap the buttons. I have been a customer for 3 years. Thanks.",technical_issue,indirect
"Hello team, Please add an option to export my data to CSV. I have been a customer for 4 years.",feature_request,direct
"Hello team, Any plans to add multiple user profiles on one account? I have been a customer for 2 years. Let me know what I can do.",feature_request,direct
My account is locked after too many login attempts. Please help.,account_access,direct
I need a return label for the mobile app. Thanks.,refund_return,direct
"To whom it may concern, I would like a refund for the Aero blender. Thanks in advance!",refund_return,direct
"Hi, It has been over two weeks and there is still nothing on my doorstep. This is the sceond time I am writing about this.",shipping,indirect
"hi, the courier keeps missing me, can i reschedule the delivery? this is really frustrating.",shipping,direct
"Good morning, The site keeps sending me back to the sign-in page in a loop.",account_access,indirect
"Good morning, I would like a refund for my order.",refund_return,direct
It has been over two weeks and there is still nothing on my doorstep. Reference: order #63754.,shipping,indirect
"Hey, I cannot log in, it says my credentials are invalid. Let me know what I can do.",account_access,direct
"Hey, I need a return lbael for my order. Thanks.",refund_return,direct
"Hey, The site keeps sending me back to the sign-in page in a loop. I have been a customer for 8 years. Thakns in advance!",account_access,indirect
"Good morning, There is an incorrect chrage on my latest invoice. I am using the web version. Let me know what I can do.",billing,direct
"Good morning, This is not what I expected, I would like to send it back and get my money returned. Thanks in advance!",refund_return,indirect
"Hi, Notifications stopped working after the latest update. This is really frustrating.",technical_issue,direct
i would love to see a calendar integration.,feature_request,direct
The screen goes black right after the logo appears. Reference: order #11461. Thanks.,technical_issue,direct
"Good morning, Tracking says my parcel is stuck at the local depot.",shipping,direct
"Hello team, Where is my order? The tracking page has not updated in a week. Appreciate the quick help.",shipping,direct
"Hello team, My order shows as delivered but I never received it. Reference: order #81770. This is really frustrating.",shipping,direct
"Hi, I need to update the credit card on file for my billing. Let me know what I can do.",billing,direct
"Hi, I need to update the credit card on file for my billing. Thanks.",billing,direct
"good morning, the estimated arrival date came and went and i have heard nothing. this is really frustrating.",shipping,indirect
It would be really helpful to have keyboard shortcuts. This is really frustrating.,feature_request,direct
"Hey, I lost my phone and cannot get the two-factor code. Please help.",account_access,direct
"hello team, the pro plan will not connect to wifi anymore. reference: order #55413. thanks in advance!",technical_issue,direct
I keep getting error code 500 when I try to save my work. Reference: order #71085. Thanks.,technical_issue,direct
"Hello team, A bulk edit feature would save me hours every week. Appreciate the quick help.",feature_request,direct
"Good morning, I cannot upload files, the progress bar gets stuck at 90 percent. This is the second time I am writing about this.",technical_issue,direct
I want to delete my account and all my data. Appreciate the quick help.,account_access,direct
"Hello team, Any plans to add multiple user profiles on one account? Please help.",feature_request,direct
"Hello team, This is not what I expected, I wolud like to send it back and get my money returned. Let me know what I can do.",refund_return,indirect
"Hey, The estimated arrival date came and went and I have heard nothing. Reference: order #29718. This is really frustrating.",shipping,indirect
"Good morning, I never received the verification email for my new account. Thanks in advance!",account_access,direct
"I do not want this anymore, what are my optinos to be reimbursed? Reference: order #52194.",refund_return,indirect
Can I get a refund for the unused months of my plan? I have been a customer for 8 years. Appreciate the qucik help.,refund_return,direct
"Hi, A neighbour said a delivery person left a card but I never saw a package. Please help.",shipping,indirect
I wuold like a refund for my subscription.,refund_return,direct
"Hi, This is not what I expected, I would like to send it back and get my money returned. Please help.",refund_return,indirect
I changed my mind and would like to return the Aero blender within the return window. This is really frustrating.,refund_return,direct
"To whom it may concern, The amount on my invoice does not match the plan I signed up for. Let me know what I can do.",billing,direct
"Hi, Can you support login with Apple in a future version? Please help.",feature_request,direct
"Good morning, How long will shipping take to my country?",shipping,direct
"To whom it may concern, I do not want this anymore, what are my options to be reimbursed? I am using the web version. Thakns in advance!",refund_return,indirect
"Hey, I got a message saying there was a login from another country and it was not me. I have been a customer for 4 years.",account_access,indirect
"to whom it may concern, it would be great if you added a dark mode. this is really frustrating.",feature_request,direct
"To whom it may concern, There is an incorrect charge on my latest invoice. I have been a customer for 2 years. Thanks.",billing,direct
"Hi, I want to delete my account and all my data. Reference: order #70133. This is really frustrating.",account_access,direct
"Good morning, Why did my subscription price go up? My bill is higher than usual. I have been a customer for 2 years. Appreciate the quick help.",billing,direct
"Hi, Why did my subscription price go up? My bill is higher than usual. Let me know what I can do.",billing,direct
"hey, i do not want this anymore, what are my options to be reimbursed? this is the second time i am writing about this. appreciate the quick help.",refund_return,indirect
I forgot my password and the reset email never arrives. Thanks.,account_access,direct
"Hi, Please consider adding support for more languages.",feature_request,direct
Something looks off with the numbers on my monthly statement. Appreciate the quick help.,billing,indirect
"Hey, Where is my order? The tracking page has not updated in a week. Reference: order #83665.",shipping,direct
"Hello team, My order shows as delivered but I never received it. Please help.",shipping,direct
"good morning, the amount on my invoice does not match the plan i signed up for. i am using the ios version. thanks.",billing,direct
"To whom it may concern, I got a message saying there was a login from another country and it was not me. I have been a customer for 6 years.",account_access,indirect
"Hi, I want to delete my account and all my data. Appreciate the quick help.",account_access,direct
"good morning, i need to udpate the credit card on file for my billing. reference: order #36001. let me know what i can do.",billing,direct
"hello team, any plans to add multiple user profiles on one account? this is really frustrating.",feature_request,direct
Tracking says my parcel is stuck at the local depot. Thanks in advance!,shipping,direct
"Hey, My package has not arrived yet and it was supposed to be here days ago. Let me know what I can do.",shipping,direct
"Good morning, Notifications stopped working after the latest update. I am using the iOS version. Let me know what I can do.",technical_issue,direct
How do I return the smart lamp? It does not fit. Thanks in advance!,refund_return,direct
"Hello team, I would like a refund for the smart lamp. Reference: order #58548. This is really frustrating.",refund_return,direct
I changed my mind and would like to return the smart lamp within the return window.,refund_return,direct
"Hello team, My package has not arrived yet and it was supposed to be here days ago. Appreciate the quick help.",shipping,direct
"Good morning, I need to update the credit card on file for my billing. This is the second time I am writing abuot this. This is really frustrating.",billing,direct
"Hello team, The app crashes every time I open it. Reference: order #38979. Let me know what I can do.",technical_issue,direct
A bulk edit feature would save me hours every week. Thanks.,feature_request,direct
"Hi, I wish the dashboard let me compare two months side by side. I have been a customer for 4 years. Thanks.",feature_request,indirect
"Hey, The courier keeps missing me, can I reschedule the delivery? I have been a custmoer for 4 years. Appreciate the quick help.",shipping,direct
I need to update the credit card on file for my billing. Reference: order #43817. Let me know what I can do.,billing,direct
"Hello team, The courier keeps missing me, can I reschedule the delivery? Let me know what I can do.",shipping,direct
"Hello team, Please add an option to export my data to CSV. I have been a customer for 2 years. Let me know what I can do.",feature_request,direct
It would be great if you added a dark mode. Reference: order #23617. Appreciate the quick help.,feature_request,direct
"Hello team, There is an incorrect charge on my latest invoice.",billing,direct
The item arrived damaged and I want to send it back for a full refund. Let me know what I can do.,refund_return,direct
The toatl I paid last week is way more than the price listed on your website.,billing,indirect
"Hey, I was billed after I cancelled my subscription. Reference: order #26445. Appreciate the quick help.",billing,direct
"Good morning, I changed my mind and would like to return the mobile app within the return window. Let me know what I can do.",refund_return,direct
"Hi, Ever since the update, nothing responds when I tap the buttons. Appreciate the quick help.",technical_issue,indirect
"Hi, I have tried every password I can think of and still cannot get in. Thanks.",account_access,indirect
"Hey, Notifications stopped working after the latest update. Please help.",technical_issue,direct
"To whom it may concern, I was charged twice for my Nova headphones this month. Thanks.",billing,direct
"Hello team, The screen goes black right afetr the logo appears.",technical_issue,direct
"hi, why did my subscription price go up? my bill is higher than usual. appreciate the quick help.",billing,direct
"Hi, I never received the verification email for my new account. Reference: order #63427. Appreciate the quick help.",account_access,direct
"Good morning, I need a return label for my subscription. I am using the iOS version. This is really frustrating.",refund_return,direct
"To whom it may concern, I keep getting emails saying my card was declined, but it works everywhere else. This is really frustrating.",billing,indirect
"Hey, Please prcoess a return for my order. Appreciate the quick help.",refund_return,direct
"This is not what I expected, I would like to send it back and get my money returned. I am using the Android version. Thanks.",refund_return,indirect
"Good morning, Where is my order? The tracking page has not updated in a week.",shipping,direct
"To whom it may concern, I need a return label for my subscription. Thanks.",refund_return,direct
I was charged twice for my Nova headphones this month. This is the second time I am writing about this. Let me know what I can do.,billing,direct
"Good morning, It worked fine yesterday but today it just shows a blank white page. Let me know what I can do.",technical_issue,indirect
"Hi, The page loads very slolwy and sometimes freezes. Thanks in advance!",technical_issue,direct
"I cannot log in, it says my credentials are invalid. I am using the web version.",account_access,direct
"To whom it may concern, My account is locked after too many login attempts. I am using the iOS version. Please help.",account_access,direct
I lost my phone and cannot get the two-factor code. This is the second time I am writing about this.,account_access,direct
"good morning, the screen goes black right after the logo appears.",technical_issue,direct
"Right now I have to copy everything by hand, there should be a smarter way. Please help.",feature_request,indirect
the screen goes black right after the logo appears. let me know what i can do.,technical_issue,direct
"Hey, Please take this back, it does not do what the description promised. This is the second time I am writing about this. Appreciate the quick help.",refund_return,indirect
"I keep getting emails saying my card was declined, but it works everywhere else. I have been a customer for 6 years. Thanks in advance!",billing,indirect
"Hey, The courier keeps missing me, can I reschedule the delivery?",shipping,direct
"Good morning, The site keeps sending me back to the sign-in page in a loop. Please help.",account_access,indirect
"Hi, I have tried every password I can think of and still cannot get in. Let me know what I can do.",account_access,indirect
"Hey, Someone else may have accessed my account, I need to secure it. Let me know what I can do.",account_access,direct
"To whom it may concern, Please chagne the email address on my account. Let me know what I can do.",account_access,direct
My order shows as delivered but I never received it. This is the second time I am writing about this.,shipping,direct
the mobile app will not connect to wifi anymore. Appreciate the qiuck help.,technical_issue,direct
"This is not what I expected, I would like to send it back and get my mnoey returned. Thanks.",refund_return,indirect
"Hi, Tracking says my parcel is stuck at the local depot.",shipping,direct
sync between my phone and laptop is not working.,technical_issue,direct
"Hi, Why did my subscription price go up? My bill is higher than usual. Thanks.",billing,direct
"Good morning, A neighbour said a delivery pesron left a card but I never saw a package.",shipping,indirect
"hello team, have you thought about letting us customise the home screen? this is the second time i am writing about this. thanks.",feature_request,indirect
"Hi, I changed my mind and would like to return my Starter account within the return window.",refund_return,direct
"Good morning, The device gets really hot and turns itself off after a few minutes. I am using the web version. This is really frustrating.",technical_issue,indirect
Any plans to add multiple user profiles on one account? I have been a customer for 4 years. Please help.,feature_request,direct
"Hello team, I need a return laebl for the Pro plan. Appreciate the quick help.",refund_return,direct
"this is not what i expected, i would like to send it back and get my money returned. thanks in advance!",refund_return,indirect
"Hey, I want to delete my account and all my data. Thanks.",account_access,direct
"Good morning, Please add an option to export my data to CSV. I have been a customer for 2 years.",feature_request,direct
I need to update the creidt card on file for my billing.,billing,direct
"Good morning, Part of my order is missing from the box that was delivered.",shipping,direct
A bulk edit faeture would save me hours every week. Reference: order #44552. Please help.,feature_request,direct
"hello team, where is my order? the tracking page has not updated in a week. i have been a customer for 3 years. this is really frustrating.",shipping,direct
a neihgbour said a delivery person left a card but i never saw a package.,shipping,indirect
"Good morning, Where is my order? The tracking page has not updated in a week. I have been a customer for 1 years.",shipping,direct
"Hey, I changed my mind and would like to return my Nova headphones within the return window. Please help.",refund_return,direct
"Hey, I would like a refnud for my Nova headphones.",refund_return,direct
"Good morning, My account is locked after too many login attempts.",account_access,direct
Please add an option to export my data to CSV. This is the second time I am writing about this. This is really frustrating.,feature_request,direct
"Good morning, I cannot log in, it says my credentials are invalid.",account_access,direct
"Hi, It worked fine yesterday but today it just shows a blank white page. I have been a customer for 8 years. This is really frustrating.",technical_issue,indirect
"Good morning, the smart lamp will not connect to wifi anymore. Let me know what I can do.",technical_issue,direct
"To whom it may concern, I keep getting emails saying my card was declined, but it works everywehre else. Let me know what I can do.",billing,indirect
"Hi, I cannot upload files, the progress bar gets stuck at 90 percent.",technical_issue,direct
"hi, i have tried every password i can think of and still cannot get in.",account_access,indirect
"Hello team, My payment failed but the money was still taken from my card. This is the second time I am writing about this. Thanks in advance!",billing,direct
"Hello team, my Nova headpohnes will not connect to wifi anymore.",technical_issue,direct
"To whom it may concern, I want my mnoey back, the mobile app is not what I expected. Thanks.",refund_return,direct
"Hi, Can you support login with Apple in a future version? Appreciate the quick help.",feature_request,direct
"Hello team, My payment failed but the money was still taken from my card. Please help.",billing,direct
The amount on my invoice does not match the plan I signed up for. I am using the iOS version. Let me know what I can do.,billing,direct
"Good morning, The device gets really hot and turns itself off after a few minutes.",technical_issue,indirect
the estimated arrival date came and went and i have heard nothing. this is really frustrating.,shipping,indirect
"Hi, How do I return the smart lamp? It does not fit.",refund_return,direct
"Good morning, Someone else may have accessed my account, I need to secrue it. I have been a customer for 1 years. Let me know what I can do.",account_access,direct
I changed my mind and would like to return my subscription within the return window. I am using the Android version. Please help.,refund_return,direct
"Hey, I lost my phone and cnanot get the two-factor code.",account_access,direct
It would be great if you added a dark mode. Thanks in advance!,feature_request,direct
"To whom it may concern, It would be great if you added a dark mode. Let me know what I can do.",feature_request,direct
"Hey, My old work email no longer exists, how do I move everything to my new address?",account_access,indirect
"Hello team, The device gets really hot and turns itself off after a few minutes. Please help.",technical_issue,indirect
"To whom it may concern, It worked fine yesterday but today it just shows a blank white page. Thanks in advance!",technical_issue,indirect
"To whom it may concern, Can you support login with Apple in a future version? I have been a customer for 8 years. Thanks.",feature_request,direct
"Good morning, I would love to see a calendar integration.",feature_request,direct
"I cannot log in, it says my credentials are invalid. Appreciate the quick help.",account_access,direct
"To whom it may concern, I was billed after I cancelled my subscription. This is the second time I am writing about this. Appreciate the quick help.",billing,direct
"To whom it may concern, The estimated arrival date came and went and I have heard nothing. Appreciate the qiuck help.",shipping,indirect
"Hey, Any plans to add multiple user profiles on one account? Please help.",feature_request,direct
"Hey, I was billed after I cancelled my subscription. Appreciate the quick help.",billing,direct
"Hey, Part of my order is missing from the box that was delivered. I am using the web version.",shipping,direct
"Hi, I cannot log in, it says my credentials are invalid. Thanks.",account_access,direct
"Hello team, The total I paid last week is way more than the price listed on your website. I have been a customer for 1 years. This is really frustrating.",billing,indirect
"Hey, I am travelling next week, will my parcel get here befroe I leave? Thanks.",shipping,indirect
It worked fine yesterday but today it just shows a blank white page. Thanks.,technical_issue,indirect
Where is my order? The tracking page has not updaetd in a week. I have been a customer for 1 years.,shipping,direct
"To whom it may concern, There is an incorrect charge on my latest invoice. I am using the iOS version.",billing,direct
The screen goes black right after the logo appears. Please help.,technical_issue,direct
"Hey, Have you thouhgt about letting us customise the home screen? This is the second time I am writing about this. Thanks.",feature_request,indirect
"Hello team, I was billed after I cancelled my subscription.",billing,direct
"Hi, The app carshes every time I open it. This is really frustrating.",technical_issue,direct
"Good morning, The device gets really hot and turns itself off after a few minutes. Thanks.",technical_issue,indirect
"Good morning, My old work email no longer exists, how do I move everything to my new address? This is the second time I am writing about this.",account_access,indirect
"To whom it may concern, A bulk edit feature would save me hours every week. This is really frustrating.",feature_request,direct
"Hey, My payment failed but the money was still taken from my card.",billing,direct
"Hey, The amuont on my invoice does not match the plan I signed up for. This is the second time I am writing about this. This is really frustrating.",billing,direct
"Good morning, The item arrived damaged and I want to send it back for a full refund. Appreciate the quick help.",refund_return,direct
"hello team, any plans to add multiple user profiles on one account?",feature_request,direct
"Good morning, Ever since the update, nothing responds when I tap the buttons.",technical_issue,indirect
"Hi, the mobile app will not connect to wifi anymore. I am using the web version. Thanks in advance!",technical_issue,direct
"To whom it may concern, Please consider addnig support for more languages.",feature_request,direct
"hello team, i need to update the creidt card on file for my billing. i have been a customer for 3 years. appreciate the quick help.",billing,direct
"To whom it may concern, I was billed after I cancelled my subscription. This is really frustrating.",billing,direct
"I am travelling next week, will my parcel get here before I leave? Reference: order #15609. Thanks.",shipping,indirect
"hello team, how long will shipping take to my country?",shipping,direct
The device gets really hot and turns itself off atfer a few minutes. Let me know what I can do.,technical_issue,indirect
It would be great if you added a dark mode. Appreciate the quick help.,feature_request,direct
please change the email address on my account. please help.,account_access,direct
"Good morning, Part of my order is missing from the box that was delivered. Thanks in advance!",shipping,direct
"Hi, Where is my order? The tracking page has not updated in a week. Let me know what I can do.",shipping,direct
Part of my order is missing from the box that was delivered.,shipping,direct
"Hello team, The screen goes black right after the logo appears. Reference: order #63899. Appreciate the quick help.",technical_issue,direct
"To whom it may concern, I want my money back, the Aero blender is not what I expected. Please help.",refund_return,direct
"Good morning, My package has not arrived yet and it was supposed to be here days ago. Appreciate the quick help.",shipping,direct
"Good morning, Can you support login with Apple in a future version?",feature_request,direct
"Hi, I cannot log in, it says my credentials are invalid. This is the second time I am writing about this. Let me know what I can do.",account_access,direct
"hi, this is not what i expected, i would like to send it back and get my money returned. thanks in advance!",refund_return,indirect
"To whom it may concern, Please add an option to export my data to CSV. Appreciate the quick help.",feature_request,direct
"Please take this back, it does not do what the description promised. Reference: order #36081. Thanks.",refund_return,indirect
"Hey, I never received the verification email for my new account. I am using the iOS version.",account_access,direct
"Hey, It has been over two weeks and there is still nothing on my doorstep. I have been a customer for 3 years.",shipping,indirect
"To whom it may concern, my order will not connect to wifi anymore. Reference: order #37563.",technical_issue,direct
"To whom it may concern, My payment failed but the money was still taken from my card. Let me know what I can do.",billing,direct
"Hey, The screen goes black right afetr the logo appears. This is the second time I am writing about this. Thanks.",technical_issue,direct
Please consider adding support for more languages. Let me know what I can do.,feature_request,direct
"Hey, Someone else may have accessed my account, I need to secure it. This is really frustrating.",account_access,direct
"To whom it may concern, How long will shipping take to my country?",shipping,direct
"To whom it may concern, I cannot upload files, the progress bar gets stuck at 90 percent. Let me know what I can do.",technical_issue,direct
"Hello team, My account is locked after too many login attempts. This is the second time I am writing about this. Appreciate the quick help.",account_access,direct
"Hello team, I wish the dashboard let me compare two months side by side. Please help.",feature_request,indirect
"Good morning, The estimated arrival date came and went and I have heard nothing. Thanks.",shipping,indirect
I was billed after I cancelled my subscription. Thanks.,billing,direct
"Hi, My account is locked after too many login attempts. Thanks.",account_access,direct
"Hey, There is an incorrect charge on my latest invoice. I am using the Windows version.",billing,direct
"Hey, Where is my order? The tracking page has not updated in a week. Thanks in advance!",shipping,direct
"Hey, The estimated arrival date came and went and I have heard nothing. Thanks in advance!",shipping,indirect
"Hey, It worked fine yesterday but today it just shows a blank white page. This is the second time I am writing about this. Thanks.",technical_issue,indirect
"To whom it may concern, Where is my order? The tracking page has not updated in a week. I am using the iOS version. Thakns in advance!",shipping,direct
"Hey, Why did my subscription price go up? My bill is higher than usual. Appreciate the quick help.",billing,direct
"Hi, I would love to see a calendar integration.",feature_request,direct
How long will shipping take to my country? Let me know what I can do.,shipping,direct
"Good morning, Please add an option to export my data to CSV. This is the second time I am writing about this.",feature_request,direct
I need a return label for the desktop app.,refund_return,direct
"Hey, I was billed after I cancelled my subscription. Thanks in advance!",billing,direct
"good morning, please add an option to export my data to csv. i am using the windows version. please help.",feature_request,direct
"To whom it may concern, Any plans to add multiple user profiles on one account? This is the second time I am writing about this. This is really frustrating.",feature_request,direct
"hi, why did my subscription price go up? my bill is higher than usual. thanks in advance!",billing,direct
Have you thought about letting us customise the home screen? Thanks.,feature_request,indirect
"Good morning, This is not what I expected, I would like to send it back and get my moeny returned. Reference: order #89013. Let me know what I can do.",refund_return,indirect
"Hey, It has been over two weeks and there is still nothing on my doorstep. Please help.",shipping,indirect
"To whom it may concern, Someone else may have accessed my account, I need to secrue it. I am using the Windows version. Thanks in advance!",account_access,direct
"Hello team, There is an incorrect charge on my latest invoice. I am using the web version.",billing,direct
Tracking says my parcel is stuck at the local depot. Reference: order #21791.,shipping,direct
"Hey, I was billed after I cancelled my subscription.",billing,direct
"Good morning, I was billed after I cancelled my subscription.",billing,direct
"Hello team, It broke after two days, I do not want a replacement, I just want to be paid back. I am using the iOS version. Please help.",refund_return,indirect
i need a return label for my starter account. thanks in advance!,refund_return,direct
"The courier keeps missing me, can I reschedule the delivery? Appreciate the quick help.",shipping,direct
"To whom it may concern, It has been over two weeks and there is still nothing on my doorstep. Let me know what I can do.",shipping,indirect
"good morning, the delivery address on my order is wrong, can you change it? reference: order #44274.",shipping,direct
"hey, how do i return my subscription? it does not fit. reference: order #57981. appreciate the quick help.",refund_return,direct
"Hey, My account is locked after too many login attempts. This is the second time I am writing about this. This is really frustrating.",account_access,direct
"Hi, I keep getting error code 500 when I try to save my work. This is really frustrating.",technical_issue,direct
"hey, i cannot log in, it says my credentials are invalid. thanks in advance!",account_access,direct
"Good morning, Something looks off with the numbers on my monthly statement. Let me know what I can do.",billing,indirect
"Hi, The amount on my invoice does not match the plan I signed up for. Please help.",billing,direct
Can you support login with Apple in a future version? I am uisng the iOS version.,feature_request,direct
"Hey, My old work email no longer exists, how do I move everything to my new address? I am using the iOS version. Appreciate the quick help.",account_access,indirect
"Hi, I keep getting error code 500 when I try to save my work. I am using the Windows version.",technical_issue,direct
"Good morning, The app crashes every time I open it. Appreciate the quick help.",technical_issue,direct
Can you support login with Apple in a future version? Reference: order #60809. Pelase help.,feature_request,direct
"To whom it may concern, Any plans to add multiple user profiles on one account? I have been a customer for 7 years. Thanks in advance!",feature_request,direct
The amount on my invoice does not match the plan I singed up for. Thanks.,billing,direct
i was charged twice for my subsrciption this month. i am using the android version.,billing,direct
"I want my money back, my Starter account is not what I expected. Appreciate the quick help.",refund_return,direct
"Hi, The estimated arrival date came and went and I have heard nothing. Thanks in advance!",shipping,indirect
"Good morning, My account is locked after too many login attempts. I am using the Android version.",account_access,direct
"Hello team, How do I return the mobile app? It does not fit. I have been a customer for 2 years. Appreciate the quick help.",refund_return,direct
"Good morning, My payment failed but the money was still taken from my card. Let me know what I can do.",billing,direct
"Hi, Part of my order is missing from the box that was delivered. Thanks.",shipping,direct
"hi, my package has not arrived yet and it was supposed to be here days ago.",shipping,direct
"hey, notifiactions stopped working after the latest update. i am using the windows version.",technical_issue,direct
"Hey, Please process a return for my order. Appreciate the quick help.",refund_return,direct
"Hey, Someone else may have accessed my account, I need to secure it. Reference: order #10256. Let me know what I can do.",account_access,direct
"Hey, Every time I try to export the report, the whole thing shuts down. Please help.",technical_issue,indirect
"Good morning, I frogot my password and the reset email never arrives. Appreciate the quick help.",account_access,direct
"good morning, please change the email address on my account. this is really frustrating.",account_access,direct
"To whom it may concern, The estimated arrival date came and went and I have heard nothing. Reference: order #91054. Thanks in advance!",shipping,indirect
"Good morning, Please process a return for my order. This is really frustrating.",refund_return,direct
"Hi, Please take this back, it does not do what the description promised. I am using the Android version. Thanks.",refund_return,indirect
"Good morning, I want to delete my account and all my data. Thanks in advance!",account_access,direct
Please add an option to export my data to CSV. Let me know what I can do.,feature_request,direct
Where is my order? The tracking page has not updated in a week. Please help.,shipping,direct
"Hey, Please process a return for my order. Thanks.",refund_return,direct
"Hi, I need a return label for my Starter account. Apperciate the quick help.",refund_return,direct
"Hi, Why did my subscription price go up? My bill is higher than usual. This is really frustrating.",billing,direct
Please add an option to export my data to CSV. Thanks in advance!,feature_request,direct
"Good morning, I cannot upload files, the progress bar gets stuck at 90 percent. Reference: order #84454.",technical_issue,direct
"To whom it may concern, I want my money back, my order is not what I expected. Appreciate the quick help.",refund_return,direct
"Hello team, I want to delete my account and all my data. This is really frustrating.",account_access,direct
"Hi, I want my money back, the Aero blender is not what I expected. Thanks.",refund_return,direct
"Good morning, The item arrived damaged and I want to send it back for a full refund. Let me know what I can do.",refund_return,direct
"To whom it may concern, I cannot upload files, the progress bar gets stuck at 90 percent. Please help.",technical_issue,direct
"To whom it may concern, How long will shipping take to my country? I am using the Windows version.",shipping,direct
"Someone else may have accessed my account, I need to secure it. I am using the web version.",account_access,direct
"Hey, The item arrived damaged and I want to send it back for a full refund. Reference: order #37964.",refund_return,direct
"Hi, The page loads very slowly and sometimes freezes. Appreciate the quick help.",technical_issue,direct
"hello team, sync between my phone and laptop is not working. i am using the ios version. let me know what i can do.",technical_issue,direct
"To whom it may concern, Why did my subscription price go up? My bill is higher than usual. This is the second time I am writing about this. This is really frustrating.",billing,direct
I need to update the credit card on file for my billing. This is the second time I am writing about this. Thanks.,billing,direct
"Hello team, Notifications stopped working after the latest update.",technical_issue,direct
"To whom it may concern, Please change the email address on my account. This is really frustrating.",account_access,direct
"Good morning, The courier keeps missing me, can I reschedule the delivery? I have been a customer for 8 years.",shipping,direct
My payment failed but the money was still taken from my card. Appreciate the quick help.,billing,direct
"Hi, It would be great if you added a dark mode. Let me know what I can do.",feature_request,direct
"Hey, The estimated arrival date came and went and I have heard nothing. Please help.",shipping,indirect
"To whom it may concern, Please process a return for my order. I am using the iOS version. Let me know what I can do.",refund_return,direct
"Hello team, Why did my subscription price go up? My bill is higher than usual. Please help.",billing,direct
"Hey, The device gets really hot and turns itself off after a few minutes.",technical_issue,indirect
"To whom it may concern, I keep getting emails saying my card was declined, but it works everywhere else. Thanks in advance!",billing,indirect
"Every time I try to export the report, the whole thing shuts down. I have been a customer for 3 years. This is really frustrating.",technical_issue,indirect
"Ever since the update, nothing responds when I tap the buttons. Thanks.",technical_issue,indirect
"Hello team, I have tried every password I can think of and still cannot get in.",account_access,indirect
"to whom it may concern, i keep getting error code 500 when i try to save my work. i have been a customer for 7 years. let me know what i can do.",technical_issue,direct
The estimated arrival date came and went and I have heard nothing. Reference: order #82536. Let me know what I can do.,shipping,indirect
"Hey, I keep getting error code 500 when I try to save my work. Thanks.",technical_issue,direct
It would be really helpful to have keyboard shortcuts. Appreciate the quick help.,feature_request,direct
"Hi, I never received the verification email for my new account.",account_access,direct
Please change the email address on my account. This is really frustrating.,account_access,direct
I keep getting error code 500 when I try to save my work.,technical_issue,direct
"To whom it may concern, Sync between my phone and laptop is not working. This is the second time I am writing about this. Appreciate the quick help.",technical_issue,direct
"To whom it may concern, I lost my phone and cannot get the two-factor code. I have been a customer for 2 years. Let me know what I can do.",account_access,direct
"Good morning, The screen goes black right after the logo appears. Reference: order #15812. Thanks in advance!",technical_issue,direct
"Good morning, It has been over two weeks and there is sitll nothing on my doorstep. Thanks in advance!",shipping,indirect
Any plans to add multiple user profiles on one account? This is really frustrating.,feature_request,direct
"Good morning, I changed my mind and would like to return my Nova headphones within the return window. Thanks.",refund_return,direct
Tracking says my parcel is stuck at the local depot.,shipping,direct
"Hi, The total I paid last week is way more than the price listed on your website. Please help.",billing,indirect
"Hello team, I cannot log in, it says my credentials are invalid. I am using the iOS version. Appreciate the quick help.",account_access,direct
"Hello team, I would like a refund for the mobile app. I have been a customer for 7 years. Let me know what I can do.",refund_return,direct
"Someone else may have accessed my account, I need to secure it. I am using the iOS version. Let me know what I can do.",account_access,direct
I changed my mind and would like to return the Pro plan within the return window. This is the second time I am writing about this.,refund_return,direct
"Hi, Sync between my phone and laptop is not working. Thanks in advance!",technical_issue,direct
"hello team, please cahnge the email address on my account. let me know what i can do.",account_access,direct
"Hello team, My package has not arrived yet and it was supposed to be here days ago.",shipping,direct
"Good morning, Right now I have to copy everything by hand, there should be a smarter way. Thanks in advance!",feature_request,indirect
"Good morning, my Starter account will not connect to wifi anymore. Please help.",technical_issue,direct
"Hello team, Where is my order? The tracking page has not updated in a week. This is really frustrating.",shipping,direct
"Hello team, I changed my mind and would like to return my order within the return window. I am using the iOS version.",refund_return,direct
"Hey, I do not want this anymore, what are my options to be reimbursed? Tahnks in advance!",refund_return,indirect
"Hey, There is an incorrect charge on my latest invoice. I have been a customer for 1 years. Thanks.",billing,direct
My whole team would siwtch to you if there was a way to set custom reminders. I have been a customer for 5 years. Thanks.,feature_request,indirect
"Hi, Notifications stopped working after the latest update. Appreciate the quick help.",technical_issue,direct
i want to delete my acconut and all my data. let me know what i can do.,account_access,direct
"good morning, i want my money back, my subscription is not what i expected.",refund_return,direct
"To whom it may concern, The amount on my invoice does not match the plan I signed up for. This is the seocnd time I am writing about this. Appreciate the quick help.",billing,direct
"To whom it may concern, Can you support login with Apple in a future version? Please help.",feature_request,direct
"Hi, I need to update the credit card on file for my billing. This is the second time I am writing about this. Thanks in advance!",billing,direct
The site keeps sending me back to the sign-in page in a loop. Thanks in advance!,account_access,indirect
"Hi, My order shows as delivered but I never received it. This is the second time I am writing about this. Let me know what I can do.",shipping,direct
"To whom it may concern, Part of my order is missing from the box that was delivered. I am using the Anrdoid version.",shipping,direct
i would like a refund for my subscription. this is the second time i am writing about this.,refund_return,direct
"To whom it may concern, Something looks off with the numbers on my monthly statement. I have been a customer for 6 years. Thanks.",billing,indirect
"Hey, This is not what I expected, I would like to send it back and get my money returned. Let me know what I can do.",refund_return,indirect
The site keeps sending me back to the sign-in page in a loop. Let me know what I can do.,account_access,indirect
"Hello team, Sync between my phone and laptop is not working. Thanks.",technical_issue,direct
I wolud like a refund for my order. Let me know what I can do.,refund_return,direct
"Hey, Can you send me a copy of my invoice for last month? I have been a customer for 6 years.",billing,direct
"Good morning, I was billed after I cancelled my subscription. Reference: odrer #48849. Let me know what I can do.",billing,direct
"To whom it may concern, Can you support login with Apple in a future version? Let me know what I can do.",feature_request,direct
"To whom it may concern, The total I paid last week is way more than the price listed on your website. Appreciate the quick help.",billing,indirect
How long will shipping take to my country? Reference: order #45564. Thanks.,shipping,direct
can you send me a copy of my invoice for last month? i have been a customer for 5 years.,billing,direct
The app crashes every time I open it.,technical_issue,direct
"Hey, The courier keeps missing me, can I reschedule the delivery? Appreciate the quick help.",shipping,direct
I would love to see a calendar integration. Please help.,feature_request,direct
"hi, my payment failed but the money was still taken from my card. i have been a customer for 5 years. thanks.",billing,direct
"to whom it may concern, ever since the update, nothing rseponds when i tap the buttons. this is really frustrating.",technical_issue,indirect
"Good morning, It would be great if you added a dark mode.",feature_request,direct
"hi, my account is locked after too many login attempts.",account_access,direct
"Hi, I got a message saying there was a login from another country and it was not me.",account_access,indirect
"good morning, my payment failed but the money was still taken from my card.",billing,direct
"hi, i cannot log in, it says my credentials are invalid. reference: order #70181. thanks in advance!",account_access,direct
Can you support login with Apple in a future version?,feature_request,direct
"Good morning, Please process a return for my order. Let me know what I can do.",refund_return,direct
"Hi, I was billed after I cancelled my subscription. Let me know what I can do.",billing,direct
"Good morning, I got a message saying there was a login from another country and it was not me.",account_access,indirect
"Hello team, I was charged twice for the Pro plan this month. Thanks in advance!",billing,direct
"hello team, i lost my phone and cannot get the two-factor code. appreciate the quick help.",account_access,direct
i forgot my password and the reset email never arrives. appreciate the quick help.,account_access,direct
"To whom it may concern, I would love to see a calendar integration.",feature_request,direct
"To whom it may concern, Please process a return for my order. This is the second time I am writing about this. This is really frustrating.",refund_return,direct
"Hello team, How do I return the mobile app? It does not fit. I am using the Windows version.",refund_return,direct
"hello team, please add an option to export my data to csv. i have been a customer for 7 years.",feature_request,direct
"Good morning, I cannot upload files, the progress bar gets stuck at 90 percent. This is really frustrating.",technical_issue,direct
the Pro plan will not connect to wifi anymore. Reference: order #95029.,technical_issue,direct
I have tried eevry password I can think of and still cannot get in.,account_access,indirect
"I do not want this anymore, what are my options to be reimbursed? Let me know what I can do.",refund_return,indirect
"Hi, Where is my order? The tracking page has not updated in a week. This is the second time I am writing aobut this. Let me know what I can do.",shipping,direct
It would be great if you added a dark mode. Thanks.,feature_request,direct
The amount on my invoice does not match the plan I signed up for. This is the second time I am writing about this. Thanks in advance!,billing,direct
"Hello team, The app crashes every time I open it. Please help.",technical_issue,direct
"Hi, My account is locked after too many login attempts. Thanks in advance!",account_access,direct
"To whom it may concern, I never received the verification email for my new account.",account_access,direct
